Date,Message
"====================================
Chart Info: FX:GBPUSD
Timeframe: 5 Minute(s)
Timezone: America/New_York
Start Date: 2026-05-10 17:00 (Actual)
End Date: 2026-06-09 10:45 (Actual)
Data Format: YYYYMMDD HHMM;Open;High;Low;Close;Volume
===================================="
20260510 1700;1.35497;1.35524;1.35468;1.35514;20
20260510 1705;1.35514;1.35639;1.35511;1.35639;32
20260510 1710;1.35639;1.35642;1.3557;1.35585;48
20260510 1715;1.35585;1.35656;1.35576;1.35644;50
20260510 1720;1.35644;1.35694;1.35622;1.35633;39
20260510 1725;1.35633;1.35655;1.35572;1.35655;205
20260510 1730;1.35655;1.35697;1.35598;1.35682;76
20260510 1735;1.35682;1.35706;1.35659;1.3569;247
20260510 1740;1.3569;1.35816;1.35683;1.35782;323
20260510 1745;1.35782;1.35782;1.3561;1.35617;413
20260510 1750;1.35617;1.35663;1.35617;1.35642;210
20260510 1755;1.35642;1.35661;1.35623;1.35628;34
20260510 1800;1.35628;1.3581;1.35628;1.35809;1128
20260510 1805;1.35809;1.3584;1.35785;1.35838;284
20260510 1810;1.35838;1.35863;1.35827;1.35834;390
20260510 1815;1.35834;1.35845;1.35799;1.35814;467
20260510 1820;1.35814;1.35822;1.35768;1.35795;491
20260510 1825;1.35795;1.35844;1.35795;1.35844;176
20260510 1830;1.35844;1.35874;1.35832;1.35863;401
20260510 1835;1.35863;1.35864;1.35848;1.35852;253
20260510 1840;1.35852;1.35864;1.35841;1.35858;281
20260510 1845;1.35858;1.3589;1.35855;1.3589;207
20260510 1850;1.3589;1.3589;1.35872;1.3588;154
20260510 1855;1.3588;1.35894;1.3588;1.35892;148
20260510 1900;1.35892;1.35916;1.35892;1.35915;272
20260510 1905;1.35915;1.3592;1.35905;1.35912;150
20260510 1910;1.35912;1.35913;1.35903;1.35907;87
20260510 1915;1.35907;1.35942;1.35905;1.35937;254
20260510 1920;1.35937;1.35941;1.35929;1.35936;172
20260510 1925;1.35936;1.35946;1.35935;1.35937;186
20260510 1930;1.35937;1.3594;1.35926;1.35939;325
20260510 1935;1.35939;1.35942;1.35916;1.35923;342
20260510 1940;1.35923;1.35968;1.35923;1.3596;255
20260510 1945;1.3596;1.35971;1.3594;1.35969;421
20260510 1950;1.35969;1.35969;1.35947;1.35948;270
20260510 1955;1.35948;1.35949;1.35926;1.35942;413
20260510 2000;1.35942;1.3596;1.35921;1.35958;1007
20260510 2005;1.35958;1.35988;1.35947;1.35955;894
20260510 2010;1.35955;1.35968;1.35948;1.35955;720
20260510 2015;1.35955;1.3598;1.35938;1.35962;766
20260510 2020;1.35962;1.35977;1.35956;1.35976;521
20260510 2025;1.35976;1.35997;1.35974;1.35987;582
20260510 2030;1.35987;1.36009;1.35982;1.35998;837
20260510 2035;1.35998;1.3601;1.35986;1.35987;612
20260510 2040;1.35987;1.35998;1.35974;1.35982;431
20260510 2045;1.35982;1.3599;1.35975;1.35977;535
20260510 2050;1.35977;1.35986;1.35908;1.3594;1687
20260510 2055;1.3594;1.3599;1.3592;1.35989;1473
20260510 2100;1.35989;1.36007;1.35957;1.35997;1680
20260510 2105;1.35997;1.35999;1.3596;1.35962;688
20260510 2110;1.35962;1.35971;1.35926;1.3597;758
20260510 2115;1.3597;1.3598;1.35957;1.35969;830
20260510 2120;1.35969;1.35999;1.35968;1.35987;832
20260510 2125;1.35987;1.35996;1.35978;1.35988;420
20260510 2130;1.35988;1.35997;1.35943;1.3595;920
20260510 2135;1.3595;1.35951;1.35918;1.3592;785
20260510 2140;1.3592;1.35931;1.35899;1.35927;806
20260510 2145;1.35927;1.35946;1.35917;1.3593;734
20260510 2150;1.3593;1.35931;1.35905;1.35911;561
20260510 2155;1.35911;1.35934;1.35911;1.3593;674
20260510 2200;1.3593;1.3596;1.3593;1.35945;751
20260510 2205;1.35945;1.35952;1.3593;1.35949;534
20260510 2210;1.35949;1.35961;1.3594;1.35954;570
20260510 2215;1.35954;1.35959;1.35939;1.35947;634
20260510 2220;1.35947;1.35954;1.35945;1.3595;243
20260510 2225;1.3595;1.35974;1.35946;1.3597;400
20260510 2230;1.3597;1.35982;1.35966;1.35976;665
20260510 2235;1.35976;1.35978;1.35954;1.35966;421
20260510 2240;1.35966;1.35966;1.35929;1.35932;526
20260510 2245;1.35932;1.35941;1.35921;1.35939;375
20260510 2250;1.35939;1.35948;1.35929;1.35941;524
20260510 2255;1.35941;1.35942;1.35901;1.35904;569
20260510 2300;1.35904;1.35904;1.35884;1.35897;938
20260510 2305;1.35897;1.35918;1.35897;1.35918;476
20260510 2310;1.35918;1.35922;1.35907;1.3592;709
20260510 2315;1.3592;1.35925;1.35902;1.35917;637
20260510 2320;1.35917;1.35919;1.35902;1.3591;693
20260510 2325;1.3591;1.35922;1.35909;1.35914;512
20260510 2330;1.35914;1.35918;1.35905;1.3591;552
20260510 2335;1.3591;1.3591;1.35906;1.35908;349
20260510 2340;1.35908;1.35932;1.35907;1.35928;348
20260510 2345;1.35928;1.35937;1.35917;1.35918;369
20260510 2350;1.35918;1.35919;1.35897;1.35897;457
20260510 2355;1.35897;1.3592;1.35889;1.35892;488
20260511 0000;1.35892;1.35903;1.3589;1.35897;477
20260511 0005;1.35897;1.35899;1.35887;1.35891;392
20260511 0010;1.35891;1.35898;1.35885;1.35895;280
20260511 0015;1.35895;1.35902;1.35893;1.35899;240
20260511 0020;1.35899;1.35901;1.35877;1.35888;257
20260511 0025;1.35888;1.35899;1.35884;1.35887;477
20260511 0030;1.35887;1.35896;1.35878;1.35889;302
20260511 0035;1.35889;1.3589;1.35867;1.35868;396
20260511 0040;1.35868;1.35869;1.3585;1.3585;314
20260511 0045;1.3585;1.35852;1.35845;1.35848;210
20260511 0050;1.35848;1.35852;1.35827;1.35828;450
20260511 0055;1.35828;1.35829;1.35792;1.3581;478
20260511 0100;1.3581;1.35841;1.35807;1.3584;503
20260511 0105;1.3584;1.35852;1.35837;1.35842;388
20260511 0110;1.35842;1.35868;1.35837;1.3586;355
20260511 0115;1.3586;1.35873;1.35858;1.35862;327
20260511 0120;1.35862;1.35886;1.35857;1.35883;438
20260511 0125;1.35883;1.35884;1.35859;1.35859;452
20260511 0130;1.35859;1.35864;1.35853;1.3586;446
20260511 0135;1.3586;1.35868;1.35814;1.3582;510
20260511 0140;1.3582;1.35848;1.35817;1.3583;488
20260511 0145;1.3583;1.35838;1.35803;1.35805;608
20260511 0150;1.35805;1.35824;1.35798;1.35818;527
20260511 0155;1.35818;1.35847;1.35813;1.35838;535
20260511 0200;1.35838;1.35891;1.35838;1.35889;1090
20260511 0205;1.35889;1.359;1.35862;1.35899;865
20260511 0210;1.35899;1.35945;1.35896;1.35919;867
20260511 0215;1.35919;1.35919;1.35837;1.3585;1031
20260511 0220;1.3585;1.35866;1.35806;1.35818;1110
20260511 0225;1.35818;1.35866;1.35806;1.35861;819
20260511 0230;1.35861;1.35918;1.35849;1.35917;780
20260511 0235;1.35917;1.35928;1.35897;1.35924;618
20260511 0240;1.35924;1.35933;1.35906;1.35926;691
20260511 0245;1.35926;1.35926;1.35895;1.35908;599
20260511 0250;1.35908;1.35936;1.35887;1.35919;645
20260511 0255;1.35919;1.35989;1.35918;1.35987;1014
20260511 0300;1.35987;1.36027;1.35963;1.35976;1514
20260511 0305;1.35976;1.36017;1.35965;1.35998;801
20260511 0310;1.35998;1.36026;1.3597;1.35994;720
20260511 0315;1.35994;1.3602;1.35986;1.35995;569
20260511 0320;1.35995;1.36017;1.35978;1.36011;694
20260511 0325;1.36011;1.36036;1.36002;1.36004;770
20260511 0330;1.36004;1.36014;1.35978;1.35988;789
20260511 0335;1.35988;1.3602;1.35982;1.36012;617
20260511 0340;1.36012;1.36027;1.36002;1.36009;870
20260511 0345;1.36009;1.36019;1.35985;1.36002;518
20260511 0350;1.36002;1.36026;1.36;1.36019;540
20260511 0355;1.36019;1.36021;1.35966;1.36;847
20260511 0400;1.36;1.3602;1.35984;1.36019;828
20260511 0405;1.36019;1.36036;1.35997;1.36;801
20260511 0410;1.36;1.3604;1.36;1.3602;795
20260511 0415;1.3602;1.36092;1.36019;1.36078;825
20260511 0420;1.36078;1.36145;1.3607;1.36115;1068
20260511 0425;1.36115;1.36131;1.36103;1.36118;737
20260511 0430;1.36118;1.36142;1.36113;1.36127;650
20260511 0435;1.36127;1.3613;1.36089;1.36098;652
20260511 0440;1.36098;1.36113;1.36087;1.36092;689
20260511 0445;1.36092;1.36102;1.36072;1.36091;633
20260511 0450;1.36091;1.36104;1.36069;1.36103;654
20260511 0455;1.36103;1.36121;1.36073;1.36078;854
20260511 0500;1.36078;1.36114;1.36073;1.36113;780
20260511 0505;1.36113;1.36123;1.36103;1.36111;386
20260511 0510;1.36111;1.36116;1.36089;1.36091;569
20260511 0515;1.36091;1.36108;1.36069;1.3607;543
20260511 0520;1.3607;1.36091;1.36068;1.36091;482
20260511 0525;1.36091;1.36099;1.36061;1.36062;493
20260511 0530;1.36062;1.36067;1.36018;1.36033;676
20260511 0535;1.36033;1.3609;1.36032;1.36063;553
20260511 0540;1.36063;1.36064;1.36038;1.36041;560
20260511 0545;1.36041;1.3605;1.36016;1.36027;467
20260511 0550;1.36027;1.3604;1.36016;1.3603;494
20260511 0555;1.3603;1.3603;1.3599;1.35993;792
20260511 0600;1.35993;1.35993;1.35945;1.35949;851
20260511 0605;1.35949;1.35967;1.35937;1.35947;594
20260511 0610;1.35947;1.35951;1.35912;1.35939;762
20260511 0615;1.35939;1.35977;1.35935;1.35977;501
20260511 0620;1.35977;1.35987;1.35951;1.35987;639
20260511 0625;1.35987;1.36002;1.35977;1.35995;591
20260511 0630;1.35995;1.36033;1.35989;1.36021;596
20260511 0635;1.36021;1.36044;1.3586;1.35936;1757
20260511 0640;1.35936;1.35981;1.35899;1.35929;1559
20260511 0645;1.35929;1.36001;1.35877;1.36;1323
20260511 0650;1.36;1.36008;1.3597;1.35997;965
20260511 0655;1.35997;1.36002;1.35858;1.35886;2361
20260511 0700;1.35886;1.35938;1.35879;1.35934;1516
20260511 0705;1.35934;1.36102;1.35934;1.36083;1809
20260511 0710;1.36083;1.36112;1.36047;1.36101;833
20260511 0715;1.36101;1.36111;1.36067;1.36108;652
20260511 0720;1.36108;1.36119;1.36099;1.36104;532
20260511 0725;1.36104;1.36129;1.36099;1.36122;565
20260511 0730;1.36122;1.36146;1.36094;1.361;1013
20260511 0735;1.361;1.3613;1.36078;1.36097;1415
20260511 0740;1.36097;1.36113;1.3608;1.361;622
20260511 0745;1.361;1.36138;1.361;1.3612;508
20260511 0750;1.3612;1.36123;1.36038;1.3607;990
20260511 0755;1.3607;1.36082;1.36007;1.3607;1535
20260511 0800;1.3607;1.3608;1.36025;1.36029;1164
20260511 0805;1.36029;1.36051;1.36007;1.36027;970
20260511 0810;1.36027;1.36062;1.3602;1.36025;801
20260511 0815;1.36025;1.36033;1.35997;1.36032;879
20260511 0820;1.36032;1.36158;1.36018;1.36134;1277
20260511 0825;1.36134;1.36139;1.36089;1.36118;957
20260511 0830;1.36118;1.3612;1.36077;1.36117;975
20260511 0835;1.36117;1.36148;1.36115;1.36124;997
20260511 0840;1.36124;1.36131;1.36102;1.36111;747
20260511 0845;1.36111;1.36114;1.3604;1.36094;1497
20260511 0850;1.36094;1.361;1.36057;1.36069;848
20260511 0855;1.36069;1.36111;1.36054;1.3611;950
20260511 0900;1.3611;1.36157;1.36108;1.36136;1298
20260511 0905;1.36136;1.36218;1.36135;1.36206;897
20260511 0910;1.36206;1.36229;1.36192;1.36208;972
20260511 0915;1.36208;1.36228;1.36198;1.36208;893
20260511 0920;1.36208;1.36223;1.36197;1.362;925
20260511 0925;1.362;1.36236;1.36198;1.36209;853
20260511 0930;1.36209;1.3622;1.36196;1.36215;1358
20260511 0935;1.36215;1.3628;1.36208;1.36266;1239
20260511 0940;1.36266;1.36296;1.36263;1.36285;1118
20260511 0945;1.36285;1.36292;1.36247;1.36265;972
20260511 0950;1.36265;1.36271;1.36238;1.36266;917
20260511 0955;1.36266;1.36266;1.36231;1.36237;890
20260511 1000;1.36237;1.36259;1.36197;1.362;1108
20260511 1005;1.362;1.36209;1.3617;1.36196;1148
20260511 1010;1.36196;1.36246;1.36195;1.36245;954
20260511 1015;1.36245;1.36281;1.36228;1.36269;1007
20260511 1020;1.36269;1.36276;1.36246;1.36261;871
20260511 1025;1.36261;1.3627;1.36239;1.36248;1110
20260511 1030;1.36248;1.36269;1.36174;1.36225;2643
20260511 1035;1.36225;1.3627;1.36211;1.36267;1463
20260511 1040;1.36267;1.36303;1.36259;1.36277;980
20260511 1045;1.36277;1.36279;1.36219;1.36228;1141
20260511 1050;1.36228;1.36342;1.36214;1.36322;1527
20260511 1055;1.36322;1.36394;1.36295;1.36391;2144
20260511 1100;1.36391;1.36443;1.36373;1.36398;2273
20260511 1105;1.36398;1.36429;1.36385;1.3639;959
20260511 1110;1.3639;1.36408;1.36377;1.36389;917
20260511 1115;1.36389;1.3644;1.36385;1.36437;930
20260511 1120;1.36437;1.36524;1.36435;1.36509;1271
20260511 1125;1.36509;1.36534;1.36457;1.36469;1442
20260511 1130;1.36469;1.36489;1.36441;1.36467;1314
20260511 1135;1.36467;1.36502;1.36448;1.36502;925
20260511 1140;1.36502;1.36514;1.36442;1.36456;999
20260511 1145;1.36456;1.36493;1.36439;1.3647;1801
20260511 1150;1.3647;1.36502;1.3645;1.36499;1001
20260511 1155;1.36499;1.36523;1.36492;1.36496;794
20260511 1200;1.36496;1.36498;1.36468;1.36479;787
20260511 1205;1.36479;1.3648;1.36448;1.36457;615
20260511 1210;1.36457;1.36475;1.36455;1.36468;669
20260511 1215;1.36468;1.3647;1.36436;1.36447;431
20260511 1220;1.36447;1.36449;1.36425;1.36428;372
20260511 1225;1.36428;1.3643;1.36408;1.3642;591
20260511 1230;1.3642;1.36453;1.36416;1.36451;617
20260511 1235;1.36451;1.36472;1.36431;1.36466;660
20260511 1240;1.36466;1.36472;1.36377;1.3642;2002
20260511 1245;1.3642;1.36437;1.36399;1.36433;1122
20260511 1250;1.36433;1.36446;1.36424;1.36438;768
20260511 1255;1.36438;1.36439;1.36377;1.3641;1229
20260511 1300;1.3641;1.36421;1.36358;1.36381;1381
20260511 1305;1.36381;1.36414;1.36379;1.3639;787
20260511 1310;1.3639;1.36415;1.36374;1.36415;790
20260511 1315;1.36415;1.36428;1.36409;1.36418;685
20260511 1320;1.36418;1.36443;1.36416;1.36439;495
20260511 1325;1.36439;1.36443;1.36417;1.36426;852
20260511 1330;1.36426;1.36442;1.3642;1.36434;768
20260511 1335;1.36434;1.36452;1.36427;1.36428;611
20260511 1340;1.36428;1.36434;1.36409;1.3641;356
20260511 1345;1.3641;1.36427;1.36403;1.36417;473
20260511 1350;1.36417;1.36425;1.36414;1.36419;400
20260511 1355;1.36419;1.3644;1.36417;1.36426;577
20260511 1400;1.36426;1.36442;1.36425;1.36432;683
20260511 1405;1.36432;1.36439;1.3642;1.36439;479
20260511 1410;1.36439;1.36439;1.36402;1.36407;504
20260511 1415;1.36407;1.36421;1.36406;1.36407;385
20260511 1420;1.36407;1.36408;1.36373;1.36378;704
20260511 1425;1.36378;1.36382;1.36359;1.36367;638
20260511 1430;1.36367;1.36369;1.3635;1.36361;610
20260511 1435;1.36361;1.36363;1.36334;1.36335;483
20260511 1440;1.36335;1.36341;1.36296;1.36297;496
20260511 1445;1.36297;1.36309;1.36282;1.36286;613
20260511 1450;1.36286;1.36313;1.36271;1.363;594
20260511 1455;1.363;1.36312;1.36287;1.36287;701
20260511 1500;1.36287;1.36297;1.36277;1.3628;684
20260511 1505;1.3628;1.36298;1.36278;1.36279;638
20260511 1510;1.36279;1.3629;1.36267;1.36274;581
20260511 1515;1.36274;1.36291;1.36268;1.36289;494
20260511 1520;1.36289;1.36289;1.36258;1.36261;490
20260511 1525;1.36261;1.36261;1.362;1.3622;675
20260511 1530;1.3622;1.36242;1.36206;1.36239;642
20260511 1535;1.36239;1.36251;1.36224;1.36241;548
20260511 1540;1.36241;1.36244;1.36198;1.3621;629
20260511 1545;1.3621;1.36213;1.36189;1.36193;459
20260511 1550;1.36193;1.36198;1.36179;1.36185;485
20260511 1555;1.36185;1.36197;1.36166;1.36179;928
20260511 1600;1.36179;1.36199;1.36169;1.3617;565
20260511 1605;1.3617;1.3617;1.36147;1.36148;310
20260511 1610;1.36148;1.36163;1.36068;1.36126;1072
20260511 1615;1.36126;1.3615;1.36106;1.36149;312
20260511 1620;1.36149;1.3615;1.36119;1.36138;367
20260511 1625;1.36138;1.36145;1.36128;1.36139;245
20260511 1630;1.36139;1.36149;1.36114;1.36118;315
20260511 1635;1.36118;1.36119;1.36097;1.36105;503
20260511 1640;1.36105;1.36116;1.36087;1.36099;283
20260511 1645;1.36099;1.36147;1.36094;1.36111;356
20260511 1650;1.36111;1.36112;1.36089;1.36093;287
20260511 1655;1.36093;1.36107;1.36084;1.36087;387
20260511 1700;1.36087;1.36087;1.36022;1.36047;10
20260511 1705;1.36047;1.36055;1.36042;1.36055;18
20260511 1710;1.36055;1.36075;1.36054;1.36073;96
20260511 1715;1.36073;1.36075;1.36065;1.36071;45
20260511 1720;1.36071;1.36076;1.36068;1.36073;30
20260511 1725;1.36073;1.36074;1.36067;1.36068;17
20260511 1730;1.36068;1.36075;1.36068;1.36073;14
20260511 1735;1.36073;1.36078;1.36059;1.36059;66
20260511 1740;1.36059;1.36063;1.36059;1.36062;51
20260511 1745;1.36062;1.36063;1.36058;1.36058;78
20260511 1750;1.36058;1.36058;1.36057;1.36057;96
20260511 1755;1.36057;1.36061;1.36033;1.36051;157
20260511 1800;1.36051;1.36075;1.36051;1.36069;219
20260511 1805;1.36069;1.3608;1.36065;1.36074;118
20260511 1810;1.36074;1.3608;1.36073;1.36078;120
20260511 1815;1.36078;1.36083;1.36072;1.36077;190
20260511 1820;1.36077;1.36094;1.36077;1.36085;133
20260511 1825;1.36085;1.36095;1.36078;1.36079;138
20260511 1830;1.36079;1.36088;1.36075;1.36086;183
20260511 1835;1.36086;1.36093;1.36082;1.36084;123
20260511 1840;1.36084;1.36089;1.36082;1.36086;32
20260511 1845;1.36086;1.36086;1.36073;1.36077;110
20260511 1850;1.36077;1.36083;1.36071;1.36076;115
20260511 1855;1.36076;1.36076;1.36065;1.36072;136
20260511 1900;1.36072;1.36079;1.36067;1.36075;169
20260511 1905;1.36075;1.361;1.36069;1.3609;136
20260511 1910;1.3609;1.36091;1.36082;1.36084;113
20260511 1915;1.36084;1.36086;1.36073;1.36075;62
20260511 1920;1.36075;1.36083;1.36075;1.3608;124
20260511 1925;1.3608;1.36081;1.36062;1.36066;68
20260511 1930;1.36066;1.36081;1.36063;1.36076;129
20260511 1935;1.36076;1.36078;1.36062;1.36066;145
20260511 1940;1.36066;1.3607;1.36045;1.36052;162
20260511 1945;1.36052;1.36061;1.3603;1.36036;200
20260511 1950;1.36036;1.36056;1.36033;1.36048;311
20260511 1955;1.36048;1.36058;1.36038;1.36041;307
20260511 2000;1.36041;1.36041;1.35992;1.36022;993
20260511 2005;1.36022;1.36031;1.36006;1.36011;621
20260511 2010;1.36011;1.36034;1.36005;1.36029;337
20260511 2015;1.36029;1.36047;1.36022;1.36039;362
20260511 2020;1.36039;1.3604;1.3599;1.36011;557
20260511 2025;1.36011;1.3603;1.36009;1.36019;556
20260511 2030;1.36019;1.36032;1.36009;1.36012;486
20260511 2035;1.36012;1.36021;1.35994;1.35994;448
20260511 2040;1.35994;1.36003;1.3598;1.35982;584
20260511 2045;1.35982;1.36005;1.35982;1.35991;449
20260511 2050;1.35991;1.36002;1.35958;1.35966;659
20260511 2055;1.35966;1.35974;1.35929;1.3594;888
20260511 2100;1.3594;1.35957;1.35909;1.35913;904
20260511 2105;1.35913;1.35936;1.3591;1.3592;610
20260511 2110;1.3592;1.3592;1.35908;1.3591;455
20260511 2115;1.3591;1.35919;1.3588;1.35891;773
20260511 2120;1.35891;1.35909;1.3588;1.35884;463
20260511 2125;1.35884;1.35889;1.35844;1.35851;761
20260511 2130;1.35851;1.3592;1.3585;1.35888;1004
20260511 2135;1.35888;1.35891;1.35829;1.35836;1081
20260511 2140;1.35836;1.35858;1.35799;1.35855;1397
20260511 2145;1.35855;1.3586;1.35829;1.35859;792
20260511 2150;1.35859;1.35876;1.35849;1.35868;783
20260511 2155;1.35868;1.35881;1.35859;1.35869;861
20260511 2200;1.35869;1.35887;1.35857;1.35867;886
20260511 2205;1.35867;1.35889;1.35867;1.35889;596
20260511 2210;1.35889;1.35908;1.35888;1.35893;407
20260511 2215;1.35893;1.35894;1.35859;1.3586;472
20260511 2220;1.3586;1.3588;1.35859;1.3588;384
20260511 2225;1.3588;1.35882;1.35867;1.35874;355
20260511 2230;1.35874;1.35888;1.35859;1.35862;498
20260511 2235;1.35862;1.35877;1.35852;1.35858;377
20260511 2240;1.35858;1.35873;1.35856;1.35872;426
20260511 2245;1.35872;1.35896;1.35871;1.35894;531
20260511 2250;1.35894;1.35925;1.35894;1.35909;622
20260511 2255;1.35909;1.3591;1.35902;1.35905;269
20260511 2300;1.35905;1.35917;1.35879;1.35885;475
20260511 2305;1.35885;1.35886;1.35859;1.35876;594
20260511 2310;1.35876;1.35887;1.35872;1.35884;445
20260511 2315;1.35884;1.35892;1.3588;1.35888;382
20260511 2320;1.35888;1.35891;1.3586;1.3586;449
20260511 2325;1.3586;1.35862;1.35844;1.3585;353
20260511 2330;1.3585;1.35852;1.35848;1.3585;317
20260511 2335;1.3585;1.3585;1.35831;1.35849;511
20260511 2340;1.35849;1.3586;1.35838;1.3586;319
20260511 2345;1.3586;1.3586;1.35844;1.35847;408
20260511 2350;1.35847;1.3585;1.35836;1.35839;392
20260511 2355;1.35839;1.35839;1.35814;1.3583;471
20260512 0000;1.3583;1.35841;1.3581;1.35814;639
20260512 0005;1.35814;1.3583;1.3581;1.35821;394
20260512 0010;1.35821;1.35826;1.35797;1.35798;321
20260512 0015;1.35798;1.35822;1.35798;1.3581;379
20260512 0020;1.3581;1.35826;1.35805;1.35811;316
20260512 0025;1.35811;1.3582;1.35808;1.3581;318
20260512 0030;1.3581;1.35856;1.35809;1.35855;451
20260512 0035;1.35855;1.35863;1.35848;1.35859;411
20260512 0040;1.35859;1.35862;1.35853;1.3586;221
20260512 0045;1.3586;1.35862;1.35846;1.35856;384
20260512 0050;1.35856;1.35859;1.3584;1.35848;477
20260512 0055;1.35848;1.35867;1.35844;1.35844;379
20260512 0100;1.35844;1.35859;1.35831;1.3585;480
20260512 0105;1.3585;1.35851;1.35793;1.35802;498
20260512 0110;1.35802;1.35802;1.35728;1.3574;893
20260512 0115;1.3574;1.35758;1.35732;1.35751;640
20260512 0120;1.35751;1.35781;1.35745;1.35746;605
20260512 0125;1.35746;1.35763;1.35741;1.35743;526
20260512 0130;1.35743;1.35752;1.35736;1.3574;528
20260512 0135;1.3574;1.35749;1.35722;1.3573;482
20260512 0140;1.3573;1.35733;1.35711;1.35715;402
20260512 0145;1.35715;1.35741;1.35702;1.35707;653
20260512 0150;1.35707;1.35711;1.35686;1.357;626
20260512 0155;1.357;1.35787;1.357;1.35739;2561
20260512 0200;1.35739;1.35798;1.35736;1.35743;1634
20260512 0205;1.35743;1.35751;1.35701;1.35725;1238
20260512 0210;1.35725;1.35748;1.3568;1.35706;1126
20260512 0215;1.35706;1.35712;1.35658;1.3566;881
20260512 0220;1.3566;1.35661;1.35591;1.35596;1403
20260512 0225;1.35596;1.35622;1.35585;1.35593;1033
20260512 0230;1.35593;1.35633;1.35569;1.35609;1176
20260512 0235;1.35609;1.35621;1.35588;1.35591;780
20260512 0240;1.35591;1.35591;1.3553;1.35541;820
20260512 0245;1.35541;1.35554;1.35531;1.35537;632
20260512 0250;1.35537;1.3554;1.35473;1.3548;942
20260512 0255;1.3548;1.35492;1.35443;1.35452;1000
20260512 0300;1.35452;1.35501;1.35375;1.35385;1926
20260512 0305;1.35385;1.35395;1.3532;1.35394;1630
20260512 0310;1.35394;1.35401;1.3535;1.35359;1114
20260512 0315;1.35359;1.35413;1.35352;1.35408;1059
20260512 0320;1.35408;1.35409;1.35328;1.35337;1065
20260512 0325;1.35337;1.35366;1.35328;1.35357;1153
20260512 0330;1.35357;1.35362;1.35313;1.3535;1158
20260512 0335;1.3535;1.35352;1.35296;1.3533;1102
20260512 0340;1.3533;1.35332;1.352;1.35201;1405
20260512 0345;1.35201;1.35215;1.35168;1.35188;1429
20260512 0350;1.35188;1.35205;1.35143;1.35169;1146
20260512 0355;1.35169;1.3519;1.35146;1.35182;1190
20260512 0400;1.35182;1.35194;1.35133;1.35137;1127
20260512 0405;1.35137;1.35137;1.35083;1.35094;882
20260512 0410;1.35094;1.35103;1.35022;1.35034;1316
20260512 0415;1.35034;1.3515;1.35028;1.35109;1401
20260512 0420;1.35109;1.35362;1.35108;1.35251;2074
20260512 0425;1.35251;1.3526;1.35119;1.35152;1224
20260512 0430;1.35152;1.35173;1.35123;1.3513;1090
20260512 0435;1.3513;1.35145;1.35061;1.3512;1415
20260512 0440;1.3512;1.35147;1.35089;1.35101;1099
20260512 0445;1.35101;1.35345;1.351;1.35223;4741
20260512 0450;1.35223;1.35291;1.35222;1.35277;1947
20260512 0455;1.35277;1.35313;1.35258;1.35299;1461
20260512 0500;1.35299;1.35351;1.3529;1.35297;1126
20260512 0505;1.35297;1.35305;1.35261;1.35281;917
20260512 0510;1.35281;1.35349;1.35224;1.35293;1416
20260512 0515;1.35293;1.35303;1.35261;1.35282;783
20260512 0520;1.35282;1.35305;1.3526;1.35292;630
20260512 0525;1.35292;1.35356;1.35291;1.35355;1195
20260512 0530;1.35355;1.35427;1.35338;1.35362;2146
20260512 0535;1.35362;1.35437;1.35317;1.35394;1405
20260512 0540;1.35394;1.35485;1.35375;1.35385;2331
20260512 0545;1.35385;1.35443;1.35361;1.35401;1809
20260512 0550;1.35401;1.35423;1.35387;1.35398;937
20260512 0555;1.35398;1.35417;1.35366;1.35392;1165
20260512 0600;1.35392;1.35413;1.35366;1.35397;920
20260512 0605;1.35397;1.35429;1.35381;1.35417;883
20260512 0610;1.35417;1.35423;1.35401;1.35416;622
20260512 0615;1.35416;1.35428;1.35393;1.35427;668
20260512 0620;1.35427;1.35445;1.35413;1.35419;554
20260512 0625;1.35419;1.35472;1.35419;1.3547;661
20260512 0630;1.3547;1.35525;1.3547;1.35508;1005
20260512 0635;1.35508;1.35531;1.35451;1.35451;703
20260512 0640;1.35451;1.35467;1.3543;1.35442;587
20260512 0645;1.35442;1.3547;1.35384;1.35401;884
20260512 0650;1.35401;1.35422;1.35383;1.35402;695
20260512 0655;1.35402;1.35406;1.35327;1.35332;1132
20260512 0700;1.35332;1.35338;1.35228;1.35271;1141
20260512 0705;1.35271;1.35351;1.35227;1.35351;1256
20260512 0710;1.35351;1.35428;1.35303;1.3532;2019
20260512 0715;1.3532;1.35354;1.35294;1.35351;1006
20260512 0720;1.35351;1.35387;1.35339;1.35365;839
20260512 0725;1.35365;1.35383;1.35357;1.35363;796
20260512 0730;1.35363;1.35412;1.35363;1.3538;966
20260512 0735;1.3538;1.35425;1.35358;1.35418;789
20260512 0740;1.35418;1.35444;1.35416;1.35416;824
20260512 0745;1.35416;1.35452;1.35378;1.35386;812
20260512 0750;1.35386;1.35397;1.35263;1.35299;1763
20260512 0755;1.35299;1.35356;1.35287;1.35323;1166
20260512 0800;1.35323;1.35333;1.35286;1.35293;1318
20260512 0805;1.35293;1.35314;1.35223;1.35229;1604
20260512 0810;1.35229;1.35253;1.35209;1.35251;1005
20260512 0815;1.35251;1.3527;1.35238;1.35241;1054
20260512 0820;1.35241;1.35262;1.35201;1.35203;1169
20260512 0825;1.35203;1.35243;1.35184;1.35234;1002
20260512 0830;1.35234;1.35295;1.35129;1.3527;2009
20260512 0835;1.3527;1.35298;1.35228;1.35281;1632
20260512 0840;1.35281;1.35336;1.35258;1.35334;1083
20260512 0845;1.35334;1.35349;1.35284;1.35345;1138
20260512 0850;1.35345;1.35431;1.35317;1.35395;1653
20260512 0855;1.35395;1.35404;1.35368;1.35373;1489
20260512 0900;1.35373;1.35428;1.35349;1.35358;1784
20260512 0905;1.35358;1.35381;1.35317;1.35339;1300
20260512 0910;1.35339;1.35366;1.35288;1.35289;1356
20260512 0915;1.35289;1.3529;1.35175;1.35196;1872
20260512 0920;1.35196;1.35269;1.35178;1.3525;1569
20260512 0925;1.3525;1.35262;1.35213;1.3523;1278
20260512 0930;1.3523;1.35312;1.35182;1.35208;2278
20260512 0935;1.35208;1.3524;1.35195;1.35207;1948
20260512 0940;1.35207;1.35248;1.35177;1.35197;1818
20260512 0945;1.35197;1.35245;1.35118;1.35127;2524
20260512 0950;1.35127;1.35131;1.35089;1.35093;1681
20260512 0955;1.35093;1.35118;1.35072;1.35104;1877
20260512 1000;1.35104;1.35222;1.35104;1.35208;2555
20260512 1005;1.35208;1.35241;1.35171;1.35233;1718
20260512 1010;1.35233;1.35371;1.35211;1.35319;2232
20260512 1015;1.35319;1.35336;1.35245;1.35276;1359
20260512 1020;1.35276;1.3528;1.35243;1.35251;1150
20260512 1025;1.35251;1.35287;1.35226;1.35282;1484
20260512 1030;1.35282;1.35286;1.35196;1.35272;1830
20260512 1035;1.35272;1.35279;1.35198;1.35238;1719
20260512 1040;1.35238;1.35284;1.35218;1.35246;1487
20260512 1045;1.35246;1.35246;1.35194;1.35202;1370
20260512 1050;1.35202;1.35212;1.35137;1.35172;2071
20260512 1055;1.35172;1.35249;1.35131;1.35243;2107
20260512 1100;1.35243;1.35252;1.3515;1.3519;2237
20260512 1105;1.3519;1.35236;1.35171;1.35191;2036
20260512 1110;1.35191;1.35195;1.35146;1.3515;2000
20260512 1115;1.3515;1.35169;1.35089;1.351;1685
20260512 1120;1.351;1.35117;1.35016;1.35024;1995
20260512 1125;1.35024;1.35067;1.35;1.35057;1863
20260512 1130;1.35057;1.35213;1.35057;1.35203;1872
20260512 1135;1.35203;1.35233;1.35155;1.35199;1427
20260512 1140;1.35199;1.3525;1.35186;1.35242;1143
20260512 1145;1.35242;1.3526;1.35204;1.35246;1289
20260512 1150;1.35246;1.35278;1.35217;1.35272;1036
20260512 1155;1.35272;1.35288;1.3526;1.35266;964
20260512 1200;1.35266;1.35304;1.35244;1.35295;1286
20260512 1205;1.35295;1.35302;1.35244;1.35266;1115
20260512 1210;1.35266;1.353;1.3523;1.35292;1035
20260512 1215;1.35292;1.35306;1.3526;1.3526;795
20260512 1220;1.3526;1.3527;1.35222;1.35233;921
20260512 1225;1.35233;1.35248;1.35212;1.35229;782
20260512 1230;1.35229;1.3523;1.3518;1.3522;848
20260512 1235;1.3522;1.35247;1.3521;1.35232;785
20260512 1240;1.35232;1.35256;1.352;1.3521;1152
20260512 1245;1.3521;1.35214;1.3515;1.35183;815
20260512 1250;1.35183;1.35243;1.35177;1.35206;1066
20260512 1255;1.35206;1.35209;1.35165;1.35182;1167
20260512 1300;1.35182;1.35257;1.35173;1.35248;1133
20260512 1305;1.35248;1.35252;1.35231;1.35233;791
20260512 1310;1.35233;1.3524;1.35209;1.35228;899
20260512 1315;1.35228;1.35252;1.35211;1.35242;750
20260512 1320;1.35242;1.35284;1.35222;1.3527;892
20260512 1325;1.3527;1.3527;1.35227;1.3523;752
20260512 1330;1.3523;1.35249;1.35214;1.35224;829
20260512 1335;1.35224;1.35234;1.35217;1.3522;492
20260512 1340;1.3522;1.35231;1.35206;1.35215;535
20260512 1345;1.35215;1.35219;1.3518;1.35192;609
20260512 1350;1.35192;1.35232;1.35182;1.35232;815
20260512 1355;1.35232;1.35234;1.35211;1.35231;852
20260512 1400;1.35231;1.35253;1.35184;1.35191;1058
20260512 1405;1.35191;1.35211;1.35163;1.35193;1056
20260512 1410;1.35193;1.35223;1.35177;1.35223;834
20260512 1415;1.35223;1.35263;1.35222;1.35256;590
20260512 1420;1.35256;1.35259;1.35218;1.3522;764
20260512 1425;1.3522;1.35282;1.35218;1.35273;895
20260512 1430;1.35273;1.35322;1.35272;1.35308;919
20260512 1435;1.35308;1.35319;1.35265;1.35278;619
20260512 1440;1.35278;1.35292;1.35269;1.35286;703
20260512 1445;1.35286;1.35289;1.3526;1.35288;627
20260512 1450;1.35288;1.35318;1.35287;1.35318;544
20260512 1455;1.35318;1.35331;1.3531;1.35317;610
20260512 1500;1.35317;1.35348;1.35317;1.35344;688
20260512 1505;1.35344;1.35371;1.3534;1.35371;545
20260512 1510;1.35371;1.35413;1.35368;1.35402;615
20260512 1515;1.35402;1.35413;1.35383;1.35386;783
20260512 1520;1.35386;1.35387;1.35362;1.35381;686
20260512 1525;1.35381;1.35391;1.35368;1.35382;591
20260512 1530;1.35382;1.35441;1.35382;1.35435;719
20260512 1535;1.35435;1.35442;1.3541;1.35413;687
20260512 1540;1.35413;1.3544;1.35405;1.35423;501
20260512 1545;1.35423;1.35428;1.3541;1.35422;523
20260512 1550;1.35422;1.35441;1.35418;1.35421;547
20260512 1555;1.35421;1.35434;1.3539;1.35397;587
20260512 1600;1.35397;1.35409;1.35389;1.35399;498
20260512 1605;1.35399;1.35399;1.35372;1.35378;221
20260512 1610;1.35378;1.3539;1.35376;1.3539;171
20260512 1615;1.3539;1.35402;1.35389;1.35394;219
20260512 1620;1.35394;1.35398;1.35386;1.35386;158
20260512 1625;1.35386;1.35388;1.35371;1.35371;353
20260512 1630;1.35371;1.35375;1.35362;1.35371;268
20260512 1635;1.35371;1.35376;1.35366;1.35369;264
20260512 1640;1.35369;1.35374;1.35359;1.35364;327
20260512 1645;1.35364;1.35371;1.3536;1.3537;406
20260512 1650;1.3537;1.35379;1.35359;1.35379;324
20260512 1655;1.35379;1.35414;1.35373;1.35391;864
20260512 1700;1.35391;1.35391;1.35287;1.35288;10
20260512 1705;1.35288;1.35329;1.35266;1.35313;16
20260512 1710;1.35313;1.35345;1.35287;1.35327;69
20260512 1715;1.35327;1.35355;1.35299;1.35325;97
20260512 1720;1.35325;1.35327;1.35304;1.35326;43
20260512 1725;1.35326;1.35327;1.35289;1.35308;59
20260512 1730;1.35308;1.35354;1.35284;1.35331;256
20260512 1735;1.35331;1.35344;1.35325;1.35341;102
20260512 1740;1.35341;1.35346;1.3534;1.35343;36
20260512 1745;1.35343;1.35358;1.35288;1.35307;147
20260512 1750;1.35307;1.35333;1.35298;1.35326;156
20260512 1755;1.35326;1.35358;1.35324;1.3534;162
20260512 1800;1.3534;1.35412;1.35328;1.35412;150
20260512 1805;1.35412;1.35421;1.35381;1.35383;86
20260512 1810;1.35383;1.35383;1.35371;1.35373;86
20260512 1815;1.35373;1.35394;1.35373;1.3539;121
20260512 1820;1.3539;1.35401;1.35389;1.35393;117
20260512 1825;1.35393;1.354;1.3539;1.35392;92
20260512 1830;1.35392;1.35406;1.35392;1.354;223
20260512 1835;1.354;1.354;1.3539;1.35397;94
20260512 1840;1.35397;1.354;1.35394;1.35398;61
20260512 1845;1.35398;1.35401;1.35395;1.35401;64
20260512 1850;1.35401;1.35409;1.35399;1.35403;86
20260512 1855;1.35403;1.35403;1.35395;1.354;72
20260512 1900;1.354;1.35411;1.35396;1.35405;100
20260512 1905;1.35405;1.35423;1.35404;1.35417;144
20260512 1910;1.35417;1.35417;1.35394;1.35399;140
20260512 1915;1.35399;1.35401;1.35396;1.35401;91
20260512 1920;1.35401;1.35402;1.35384;1.35388;172
20260512 1925;1.35388;1.354;1.35386;1.354;87
20260512 1930;1.354;1.35407;1.35395;1.35407;82
20260512 1935;1.35407;1.35409;1.35384;1.35389;129
20260512 1940;1.35389;1.3539;1.35365;1.35369;174
20260512 1945;1.35369;1.35381;1.35366;1.35378;204
20260512 1950;1.35378;1.35384;1.35356;1.3536;407
20260512 1955;1.3536;1.3536;1.35345;1.35351;312
20260512 2000;1.35351;1.35375;1.35322;1.35373;1080
20260512 2005;1.35373;1.35391;1.3535;1.3535;853
20260512 2010;1.3535;1.35353;1.3531;1.35311;619
20260512 2015;1.35311;1.35359;1.3531;1.35352;905
20260512 2020;1.35352;1.35369;1.35337;1.35341;947
20260512 2025;1.35341;1.35345;1.35325;1.35335;663
20260512 2030;1.35335;1.35344;1.35312;1.35321;688
20260512 2035;1.35321;1.35352;1.35317;1.3535;568
20260512 2040;1.3535;1.35351;1.35329;1.35338;545
20260512 2045;1.35338;1.35339;1.35305;1.35308;615
20260512 2050;1.35308;1.35329;1.35302;1.35324;673
20260512 2055;1.35324;1.35369;1.35314;1.35363;874
20260512 2100;1.35363;1.35386;1.35333;1.35341;1222
20260512 2105;1.35341;1.35351;1.35311;1.35317;547
20260512 2110;1.35317;1.35335;1.35308;1.35308;540
20260512 2115;1.35308;1.3531;1.35282;1.35295;713
20260512 2120;1.35295;1.35362;1.35294;1.35347;862
20260512 2125;1.35347;1.35367;1.35334;1.35355;1024
20260512 2130;1.35355;1.35375;1.35341;1.35361;793
20260512 2135;1.35361;1.35394;1.35344;1.35385;669
20260512 2140;1.35385;1.35396;1.35378;1.35391;640
20260512 2145;1.35391;1.35452;1.35387;1.35448;786
20260512 2150;1.35448;1.35449;1.35426;1.35427;512
20260512 2155;1.35427;1.35427;1.35394;1.35413;596
20260512 2200;1.35413;1.35457;1.35406;1.35449;707
20260512 2205;1.35449;1.35463;1.35399;1.354;573
20260512 2210;1.354;1.35405;1.35383;1.35385;537
20260512 2215;1.35385;1.35393;1.35368;1.35376;404
20260512 2220;1.35376;1.35379;1.35368;1.35373;368
20260512 2225;1.35373;1.35391;1.35369;1.35386;427
20260512 2230;1.35386;1.35395;1.35376;1.35391;476
20260512 2235;1.35391;1.35408;1.3538;1.35395;339
20260512 2240;1.35395;1.35402;1.35389;1.35397;456
20260512 2245;1.35397;1.35398;1.35381;1.35392;534
20260512 2250;1.35392;1.35395;1.35371;1.35377;500
20260512 2255;1.35377;1.35401;1.35375;1.35381;561
20260512 2300;1.35381;1.35389;1.35339;1.35351;774
20260512 2305;1.35351;1.3536;1.35309;1.35331;677
20260512 2310;1.35331;1.35358;1.35327;1.35347;676
20260512 2315;1.35347;1.35354;1.3533;1.35341;531
20260512 2320;1.35341;1.35355;1.35336;1.35351;275
20260512 2325;1.35351;1.35361;1.35348;1.35356;520
20260512 2330;1.35356;1.3539;1.35356;1.35382;424
20260512 2335;1.35382;1.354;1.35372;1.35376;442
20260512 2340;1.35376;1.35385;1.35368;1.35379;382
20260512 2345;1.35379;1.35388;1.35367;1.3537;408
20260512 2350;1.3537;1.35391;1.35357;1.35385;336
20260512 2355;1.35385;1.35391;1.35365;1.35379;455
20260513 0000;1.35379;1.35383;1.35366;1.35378;358
20260513 0005;1.35378;1.3538;1.35357;1.35361;234
20260513 0010;1.35361;1.35363;1.35339;1.3535;341
20260513 0015;1.3535;1.35361;1.35347;1.3535;262
20260513 0020;1.3535;1.35359;1.35347;1.35352;351
20260513 0025;1.35352;1.35355;1.35337;1.3534;302
20260513 0030;1.3534;1.35352;1.35329;1.35331;387
20260513 0035;1.35331;1.35332;1.35317;1.35328;354
20260513 0040;1.35328;1.3533;1.35319;1.35327;297
20260513 0045;1.35327;1.35342;1.35326;1.35339;293
20260513 0050;1.35339;1.35345;1.35329;1.35344;316
20260513 0055;1.35344;1.35351;1.35332;1.3534;323
20260513 0100;1.3534;1.35372;1.35336;1.35371;527
20260513 0105;1.35371;1.35381;1.35363;1.35379;525
20260513 0110;1.35379;1.35405;1.35376;1.35394;521
20260513 0115;1.35394;1.35397;1.35375;1.35377;437
20260513 0120;1.35377;1.35427;1.35377;1.3542;587
20260513 0125;1.3542;1.35448;1.35404;1.35437;506
20260513 0130;1.35437;1.35451;1.3543;1.35439;672
20260513 0135;1.35439;1.35464;1.3543;1.35458;463
20260513 0140;1.35458;1.35467;1.35429;1.35447;621
20260513 0145;1.35447;1.35484;1.35447;1.35476;602
20260513 0150;1.35476;1.35482;1.35457;1.35472;738
20260513 0155;1.35472;1.35493;1.35466;1.35483;593
20260513 0200;1.35483;1.35512;1.35445;1.35499;1082
20260513 0205;1.35499;1.35499;1.35425;1.3543;781
20260513 0210;1.3543;1.35432;1.35387;1.35411;869
20260513 0215;1.35411;1.3544;1.35389;1.35409;691
20260513 0220;1.35409;1.3541;1.35353;1.35359;649
20260513 0225;1.35359;1.35414;1.35356;1.35406;766
20260513 0230;1.35406;1.35418;1.3537;1.35382;899
20260513 0235;1.35382;1.35398;1.35341;1.35341;768
20260513 0240;1.35341;1.35367;1.35333;1.35347;723
20260513 0245;1.35347;1.35353;1.35311;1.35313;740
20260513 0250;1.35313;1.3532;1.35233;1.35289;1301
20260513 0255;1.35289;1.3529;1.35256;1.35281;831
20260513 0300;1.35281;1.35372;1.35261;1.3536;1316
20260513 0305;1.3536;1.35369;1.3531;1.35312;890
20260513 0310;1.35312;1.35312;1.35239;1.35271;1262
20260513 0315;1.35271;1.35308;1.35257;1.35264;816
20260513 0320;1.35264;1.35315;1.35261;1.35304;826
20260513 0325;1.35304;1.35324;1.35286;1.35319;822
20260513 0330;1.35319;1.35322;1.3529;1.35311;702
20260513 0335;1.35311;1.35328;1.35242;1.35256;1143
20260513 0340;1.35256;1.35269;1.35222;1.35257;1142
20260513 0345;1.35257;1.353;1.35253;1.35271;1047
20260513 0350;1.35271;1.35293;1.35232;1.35241;1077
20260513 0355;1.35241;1.3526;1.35199;1.35206;1082
20260513 0400;1.35206;1.35244;1.35188;1.3523;1253
20260513 0405;1.3523;1.35248;1.3522;1.35222;935
20260513 0410;1.35222;1.35271;1.35222;1.35267;756
20260513 0415;1.35267;1.35283;1.3525;1.3528;650
20260513 0420;1.3528;1.35322;1.35268;1.3531;650
20260513 0425;1.3531;1.35325;1.35296;1.35325;624
20260513 0430;1.35325;1.35329;1.35298;1.35303;587
20260513 0435;1.35303;1.35314;1.3527;1.35272;477
20260513 0440;1.35272;1.35286;1.35249;1.3526;665
20260513 0445;1.3526;1.35268;1.35216;1.35223;936
20260513 0450;1.35223;1.35232;1.35209;1.35223;758
20260513 0455;1.35223;1.35335;1.35212;1.35241;1907
20260513 0500;1.35241;1.3525;1.35151;1.35203;1159
20260513 0505;1.35203;1.35235;1.35202;1.35231;856
20260513 0510;1.35231;1.35231;1.35199;1.35211;910
20260513 0515;1.35211;1.35222;1.35131;1.35143;1013
20260513 0520;1.35143;1.35153;1.35122;1.35132;732
20260513 0525;1.35132;1.35137;1.35108;1.35118;637
20260513 0530;1.35118;1.35178;1.35113;1.35113;903
20260513 0535;1.35113;1.35134;1.35081;1.35101;927
20260513 0540;1.35101;1.35103;1.3508;1.35089;479
20260513 0545;1.35089;1.35095;1.35067;1.35081;600
20260513 0550;1.35081;1.35142;1.35081;1.35141;650
20260513 0555;1.35141;1.35184;1.35117;1.35178;910
20260513 0600;1.35178;1.35194;1.3517;1.35177;769
20260513 0605;1.35177;1.35217;1.35177;1.35215;531
20260513 0610;1.35215;1.35216;1.34939;1.35096;5518
20260513 0615;1.35096;1.35096;1.34999;1.35069;1890
20260513 0620;1.35069;1.35214;1.35067;1.35114;2781
20260513 0625;1.35114;1.35119;1.35069;1.3509;1451
20260513 0630;1.3509;1.35092;1.35044;1.35051;1007
20260513 0635;1.35051;1.35072;1.35037;1.35071;805
20260513 0640;1.35071;1.35158;1.35071;1.35141;970
20260513 0645;1.35141;1.35202;1.35109;1.35194;898
20260513 0650;1.35194;1.352;1.35156;1.35156;816
20260513 0655;1.35156;1.35156;1.35057;1.35071;1853
20260513 0700;1.35071;1.35103;1.35056;1.35063;1474
20260513 0705;1.35063;1.35063;1.35001;1.35004;1200
20260513 0710;1.35004;1.35059;1.34994;1.35041;838
20260513 0715;1.35041;1.35071;1.35033;1.35069;693
20260513 0720;1.35069;1.35081;1.35059;1.35071;463
20260513 0725;1.35071;1.35073;1.3505;1.35068;597
20260513 0730;1.35068;1.35082;1.35051;1.35071;558
20260513 0735;1.35071;1.35097;1.35062;1.35082;538
20260513 0740;1.35082;1.35082;1.35049;1.35054;367
20260513 0745;1.35054;1.35073;1.35021;1.35037;652
20260513 0750;1.35037;1.35044;1.35019;1.35041;558
20260513 0755;1.35041;1.35074;1.35015;1.35037;1090
20260513 0800;1.35037;1.35091;1.35035;1.35091;798
20260513 0805;1.35091;1.35103;1.35081;1.35102;592
20260513 0810;1.35102;1.35102;1.3505;1.35053;685
20260513 0815;1.35053;1.35054;1.35001;1.35023;980
20260513 0820;1.35023;1.35023;1.34962;1.34982;1157
20260513 0825;1.34982;1.34982;1.34921;1.34921;818
20260513 0830;1.34921;1.34973;1.34845;1.34957;1569
20260513 0835;1.34957;1.34981;1.34911;1.34916;919
20260513 0840;1.34916;1.34941;1.34896;1.34932;989
20260513 0845;1.34932;1.34934;1.349;1.34907;948
20260513 0850;1.34907;1.34921;1.34882;1.34882;741
20260513 0855;1.34882;1.34903;1.34861;1.349;1176
20260513 0900;1.349;1.34999;1.349;1.34974;1531
20260513 0905;1.34974;1.34992;1.34959;1.34974;937
20260513 0910;1.34974;1.34974;1.34938;1.34954;865
20260513 0915;1.34954;1.34982;1.3493;1.34973;790
20260513 0920;1.34973;1.34995;1.34962;1.34979;914
20260513 0925;1.34979;1.34984;1.34946;1.34969;839
20260513 0930;1.34969;1.35078;1.34964;1.3506;2377
20260513 0935;1.3506;1.3507;1.35013;1.35043;1476
20260513 0940;1.35043;1.35132;1.35033;1.35125;2054
20260513 0945;1.35125;1.35164;1.35076;1.35093;1973
20260513 0950;1.35093;1.35145;1.35084;1.35143;1560
20260513 0955;1.35143;1.35177;1.35122;1.3514;1431
20260513 1000;1.3514;1.3519;1.35111;1.35173;1935
20260513 1005;1.35173;1.35205;1.3515;1.35182;1492
20260513 1010;1.35182;1.35198;1.35164;1.35186;1170
20260513 1015;1.35186;1.3519;1.35119;1.35126;916
20260513 1020;1.35126;1.35164;1.35126;1.35159;923
20260513 1025;1.35159;1.35185;1.35122;1.35151;1111
20260513 1030;1.35151;1.35178;1.35121;1.3514;1155
20260513 1035;1.3514;1.35141;1.35077;1.351;999
20260513 1040;1.351;1.351;1.35068;1.35068;865
20260513 1045;1.35068;1.35083;1.35047;1.35067;1112
20260513 1050;1.35067;1.35171;1.35049;1.35142;1776
20260513 1055;1.35142;1.35164;1.35073;1.35134;2100
20260513 1100;1.35134;1.35193;1.3513;1.35192;1393
20260513 1105;1.35192;1.35194;1.3515;1.35183;1026
20260513 1110;1.35183;1.35193;1.35124;1.35128;978
20260513 1115;1.35128;1.35172;1.35128;1.35158;794
20260513 1120;1.35158;1.35176;1.35151;1.35161;965
20260513 1125;1.35161;1.3518;1.35152;1.3518;686
20260513 1130;1.3518;1.35217;1.35148;1.35209;1151
20260513 1135;1.35209;1.35273;1.35209;1.35273;1154
20260513 1140;1.35273;1.35292;1.35253;1.35263;1154
20260513 1145;1.35263;1.35282;1.35228;1.35233;882
20260513 1150;1.35233;1.3525;1.35198;1.35211;906
20260513 1155;1.35211;1.35219;1.35178;1.35191;940
20260513 1200;1.35191;1.35204;1.35177;1.35184;1011
20260513 1205;1.35184;1.3525;1.35172;1.3525;1073
20260513 1210;1.3525;1.35252;1.35199;1.35219;944
20260513 1215;1.35219;1.35225;1.35187;1.35202;701
20260513 1220;1.35202;1.35277;1.35192;1.3523;1428
20260513 1225;1.3523;1.35264;1.35229;1.35247;1421
20260513 1230;1.35247;1.35259;1.35207;1.35221;1391
20260513 1235;1.35221;1.3523;1.35194;1.35198;571
20260513 1240;1.35198;1.35211;1.35171;1.35174;553
20260513 1245;1.35174;1.35195;1.3516;1.35173;718
20260513 1250;1.35173;1.35173;1.35138;1.35152;592
20260513 1255;1.35152;1.35155;1.35122;1.35152;819
20260513 1300;1.35152;1.35153;1.35136;1.35149;557
20260513 1305;1.35149;1.35194;1.35149;1.35179;658
20260513 1310;1.35179;1.35183;1.35166;1.35168;586
20260513 1315;1.35168;1.35171;1.35146;1.35171;548
20260513 1320;1.35171;1.35177;1.3516;1.35165;492
20260513 1325;1.35165;1.35176;1.35161;1.35169;434
20260513 1330;1.35169;1.35175;1.35155;1.3517;562
20260513 1335;1.3517;1.35176;1.35149;1.35162;600
20260513 1340;1.35162;1.35165;1.35137;1.35142;425
20260513 1345;1.35142;1.35152;1.35109;1.35112;628
20260513 1350;1.35112;1.35152;1.3511;1.35121;496
20260513 1355;1.35121;1.35134;1.35116;1.35123;457
20260513 1400;1.35123;1.35153;1.35118;1.35145;774
20260513 1405;1.35145;1.35172;1.35145;1.35159;594
20260513 1410;1.35159;1.35164;1.35141;1.35149;477
20260513 1415;1.35149;1.35165;1.35138;1.35148;560
20260513 1420;1.35148;1.3517;1.35147;1.35153;487
20260513 1425;1.35153;1.3517;1.35145;1.35166;773
20260513 1430;1.35166;1.35185;1.35159;1.3518;712
20260513 1435;1.3518;1.35182;1.35163;1.35168;611
20260513 1440;1.35168;1.35194;1.35166;1.35181;526
20260513 1445;1.35181;1.35181;1.35114;1.35141;878
20260513 1450;1.35141;1.35203;1.35139;1.35196;1023
20260513 1455;1.35196;1.35199;1.35178;1.35181;818
20260513 1500;1.35205;1.35205;1.35183;1.35191;529
20260513 1505;1.35191;1.35203;1.35186;1.35201;568
20260513 1510;1.35201;1.35211;1.35189;1.35207;597
20260513 1515;1.35207;1.35218;1.35193;1.35205;533
20260513 1520;1.35205;1.35212;1.35199;1.352;566
20260513 1525;1.352;1.35225;1.35195;1.35224;585
20260513 1530;1.35224;1.35243;1.35211;1.35211;523
20260513 1535;1.35211;1.35233;1.3521;1.3522;606
20260513 1540;1.3522;1.35224;1.35211;1.35221;581
20260513 1545;1.35221;1.35234;1.35214;1.35223;472
20260513 1550;1.35223;1.35233;1.35204;1.3521;759
20260513 1555;1.3521;1.35233;1.3521;1.35225;693
20260513 1600;1.35225;1.35238;1.35203;1.35218;671
20260513 1605;1.35218;1.35245;1.35218;1.35243;657
20260513 1610;1.35243;1.35248;1.35235;1.35244;704
20260513 1615;1.35244;1.35258;1.35243;1.35253;233
20260513 1620;1.35253;1.35266;1.35251;1.35259;291
20260513 1625;1.35259;1.35262;1.35251;1.35253;277
20260513 1630;1.35253;1.35256;1.35224;1.35233;381
20260513 1635;1.35233;1.3525;1.35232;1.35247;261
20260513 1640;1.35247;1.3525;1.35234;1.35239;198
20260513 1645;1.35239;1.35243;1.35229;1.35229;261
20260513 1650;1.35229;1.35238;1.35229;1.35231;164
20260513 1655;1.35231;1.35245;1.35214;1.35224;384
20260513 1700;1.35224;1.35225;1.35154;1.35191;14
20260513 1705;1.35191;1.35191;1.35169;1.35186;16
20260513 1710;1.35186;1.35191;1.3516;1.3519;31
20260513 1715;1.3519;1.35191;1.35158;1.35163;47
20260513 1720;1.35163;1.35187;1.35161;1.35165;34
20260513 1725;1.35165;1.35226;1.35152;1.35226;130
20260513 1730;1.35226;1.35229;1.35172;1.35179;98
20260513 1735;1.35179;1.35213;1.35177;1.35207;261
20260513 1740;1.35207;1.35215;1.3519;1.35199;309
20260513 1745;1.35199;1.35207;1.35185;1.35201;294
20260513 1750;1.35201;1.35206;1.35186;1.35192;291
20260513 1755;1.35192;1.35194;1.35174;1.35177;229
20260513 1800;1.35177;1.35267;1.35177;1.3526;142
20260513 1805;1.3526;1.35277;1.35255;1.35277;72
20260513 1810;1.35277;1.35289;1.35271;1.35289;227
20260513 1815;1.35289;1.35311;1.35284;1.35289;287
20260513 1820;1.35289;1.35297;1.35282;1.3529;87
20260513 1825;1.3529;1.353;1.3529;1.35299;77
20260513 1830;1.35299;1.3531;1.35299;1.35309;84
20260513 1835;1.35309;1.3531;1.35304;1.35307;52
20260513 1840;1.35307;1.35318;1.35304;1.35312;88
20260513 1845;1.35312;1.35313;1.35285;1.3529;147
20260513 1850;1.3529;1.35298;1.35285;1.35285;135
20260513 1855;1.35285;1.35289;1.35267;1.35269;197
20260513 1900;1.35269;1.3529;1.35269;1.3528;260
20260513 1905;1.3528;1.35288;1.35235;1.35269;363
20260513 1910;1.35269;1.3529;1.35265;1.35287;188
20260513 1915;1.35287;1.35288;1.35277;1.35281;132
20260513 1920;1.35281;1.35291;1.35278;1.35291;155
20260513 1925;1.35291;1.35291;1.35277;1.3528;86
20260513 1930;1.3528;1.3528;1.35256;1.35266;231
20260513 1935;1.35266;1.35278;1.35264;1.35269;104
20260513 1940;1.35269;1.3527;1.35259;1.35268;149
20260513 1945;1.35268;1.35271;1.35261;1.35261;149
20260513 1950;1.35261;1.35271;1.3526;1.35269;181
20260513 1955;1.35269;1.35269;1.35258;1.35268;260
20260513 2000;1.35268;1.35292;1.35249;1.3526;746
20260513 2005;1.3526;1.35281;1.35253;1.3528;596
20260513 2010;1.3528;1.35298;1.35269;1.35295;344
20260513 2015;1.35295;1.35325;1.35295;1.35299;475
20260513 2020;1.35299;1.35311;1.3528;1.35298;546
20260513 2025;1.35298;1.35304;1.35291;1.35303;412
20260513 2030;1.35303;1.35321;1.35292;1.35296;542
20260513 2035;1.35296;1.353;1.35288;1.3529;428
20260513 2040;1.3529;1.35292;1.35277;1.35288;281
20260513 2045;1.35288;1.35302;1.35286;1.35292;394
20260513 2050;1.35292;1.35295;1.35278;1.35289;383
20260513 2055;1.35289;1.35303;1.35281;1.35295;446
20260513 2100;1.35295;1.35307;1.35271;1.35281;831
20260513 2105;1.35281;1.35299;1.35262;1.35282;642
20260513 2110;1.35282;1.353;1.35271;1.35279;799
20260513 2115;1.35279;1.35282;1.35264;1.35282;699
20260513 2120;1.35282;1.35287;1.35271;1.35282;570
20260513 2125;1.35282;1.35289;1.35272;1.35277;348
20260513 2130;1.35277;1.35309;1.3527;1.35304;675
20260513 2135;1.35304;1.35313;1.3529;1.35298;594
20260513 2140;1.35298;1.35303;1.35269;1.35278;640
20260513 2145;1.35278;1.35279;1.35263;1.35267;569
20260513 2150;1.35267;1.35269;1.35237;1.35239;489
20260513 2155;1.35239;1.35242;1.35207;1.35222;481
20260513 2200;1.35222;1.35254;1.35215;1.35248;624
20260513 2205;1.35248;1.35256;1.35232;1.35237;490
20260513 2210;1.35237;1.35239;1.35229;1.35237;378
20260513 2215;1.35237;1.35239;1.35217;1.35227;361
20260513 2220;1.35227;1.35248;1.35226;1.35236;276
20260513 2225;1.35236;1.35259;1.35232;1.35258;468
20260513 2230;1.35258;1.35263;1.3525;1.35255;472
20260513 2235;1.35255;1.35261;1.35249;1.3525;299
20260513 2240;1.3525;1.35259;1.35241;1.35251;407
20260513 2245;1.35251;1.35252;1.35228;1.35238;434
20260513 2250;1.35238;1.35241;1.35228;1.35236;486
20260513 2255;1.35236;1.35243;1.35228;1.35233;447
20260513 2300;1.35233;1.35251;1.35223;1.3524;529
20260513 2305;1.3524;1.35241;1.35225;1.35228;445
20260513 2310;1.35228;1.35249;1.35226;1.35247;405
20260513 2315;1.35247;1.35262;1.35243;1.35249;468
20260513 2320;1.35249;1.3526;1.35246;1.35258;300
20260513 2325;1.35258;1.35293;1.35253;1.3529;360
20260513 2330;1.3529;1.35292;1.3528;1.35291;417
20260513 2335;1.35291;1.35293;1.35273;1.35273;378
20260513 2340;1.35273;1.35288;1.35272;1.35281;403
20260513 2345;1.35281;1.35298;1.35274;1.35283;505
20260513 2350;1.35283;1.35285;1.35269;1.35281;287
20260513 2355;1.35281;1.35284;1.35263;1.35268;480
20260514 0000;1.35268;1.35272;1.3525;1.35256;684
20260514 0005;1.35256;1.35315;1.35255;1.3529;1045
20260514 0010;1.3529;1.35304;1.35288;1.35294;363
20260514 0015;1.35294;1.3531;1.3528;1.3531;402
20260514 0020;1.3531;1.3531;1.35297;1.35298;280
20260514 0025;1.35298;1.35304;1.35292;1.35298;258
20260514 0030;1.35298;1.35299;1.35286;1.35289;328
20260514 0035;1.35289;1.35301;1.35284;1.35299;327
20260514 0040;1.35299;1.35306;1.3529;1.35293;328
20260514 0045;1.35293;1.35326;1.35293;1.35309;350
20260514 0050;1.35309;1.35309;1.35292;1.35298;298
20260514 0055;1.35298;1.353;1.35275;1.35281;434
20260514 0100;1.35281;1.35291;1.35218;1.35241;988
20260514 0105;1.35241;1.35242;1.35184;1.35191;634
20260514 0110;1.35191;1.35211;1.3518;1.35201;530
20260514 0115;1.35201;1.35218;1.35189;1.35192;432
20260514 0120;1.35192;1.35211;1.35179;1.35182;419
20260514 0125;1.35182;1.35201;1.3517;1.35183;467
20260514 0130;1.35183;1.35191;1.35172;1.35189;433
20260514 0135;1.35189;1.35189;1.35152;1.35169;480
20260514 0140;1.35169;1.35173;1.35146;1.35161;397
20260514 0145;1.35161;1.3521;1.35159;1.35195;1059
20260514 0150;1.35195;1.35216;1.35188;1.35197;541
20260514 0155;1.35197;1.35197;1.35152;1.35156;730
20260514 0200;1.35156;1.35241;1.35151;1.35241;948
20260514 0205;1.35241;1.35242;1.35207;1.35221;688
20260514 0210;1.35221;1.35232;1.3518;1.35187;581
20260514 0215;1.35187;1.35205;1.35178;1.352;831
20260514 0220;1.352;1.35213;1.35182;1.35188;752
20260514 0225;1.35188;1.35251;1.35186;1.35228;821
20260514 0230;1.35228;1.35231;1.35204;1.35222;683
20260514 0235;1.35222;1.35241;1.35199;1.3524;772
20260514 0240;1.3524;1.35249;1.35227;1.35234;651
20260514 0245;1.35234;1.35298;1.35234;1.3527;1068
20260514 0250;1.3527;1.35322;1.35267;1.35319;759
20260514 0255;1.35319;1.35321;1.35268;1.35274;1191
20260514 0300;1.35274;1.35274;1.3524;1.35252;1208
20260514 0305;1.35252;1.35252;1.35224;1.3524;939
20260514 0310;1.3524;1.3524;1.3518;1.35192;1164
20260514 0315;1.35192;1.35192;1.35131;1.35131;871
20260514 0320;1.35131;1.35155;1.35124;1.35141;809
20260514 0325;1.35141;1.35154;1.35137;1.35143;649
20260514 0330;1.35143;1.35179;1.35133;1.3517;747
20260514 0335;1.3517;1.3519;1.35161;1.3518;449
20260514 0340;1.3518;1.35207;1.35169;1.35169;745
20260514 0345;1.35169;1.35171;1.35149;1.35162;755
20260514 0350;1.35162;1.35199;1.3515;1.35167;711
20260514 0355;1.35167;1.35169;1.35047;1.3506;1748
20260514 0400;1.3506;1.35094;1.35032;1.35036;1376
20260514 0405;1.35036;1.35101;1.35036;1.35087;664
20260514 0410;1.35087;1.3513;1.3508;1.35117;940
20260514 0415;1.35117;1.35151;1.35117;1.3514;668
20260514 0420;1.3514;1.35156;1.3513;1.35148;626
20260514 0425;1.35148;1.35172;1.35144;1.35171;805
20260514 0430;1.35171;1.35207;1.3517;1.35177;1101
20260514 0435;1.35177;1.35199;1.35141;1.35149;691
20260514 0440;1.35149;1.35171;1.35131;1.35162;537
20260514 0445;1.35162;1.35172;1.35147;1.35158;589
20260514 0450;1.35158;1.35181;1.35156;1.35169;383
20260514 0455;1.35169;1.352;1.35169;1.35197;467
20260514 0500;1.35197;1.35207;1.35188;1.3519;449
20260514 0505;1.3519;1.3519;1.35148;1.35185;567
20260514 0510;1.35185;1.35202;1.35166;1.3519;948
20260514 0515;1.3519;1.35197;1.35178;1.3518;566
20260514 0520;1.3518;1.3519;1.35167;1.35169;593
20260514 0525;1.35169;1.35181;1.35166;1.35169;308
20260514 0530;1.35169;1.35179;1.35148;1.35168;550
20260514 0535;1.35168;1.35168;1.35098;1.35162;1090
20260514 0540;1.35162;1.35193;1.35161;1.35178;581
20260514 0545;1.35178;1.35202;1.3517;1.35202;642
20260514 0550;1.35202;1.35203;1.35158;1.3517;855
20260514 0555;1.3517;1.35171;1.35101;1.35113;879
20260514 0600;1.35113;1.35156;1.35092;1.35151;812
20260514 0605;1.35151;1.35154;1.35132;1.35151;485
20260514 0610;1.35151;1.35205;1.35138;1.35139;1233
20260514 0615;1.35139;1.35148;1.35103;1.35141;802
20260514 0620;1.35141;1.35169;1.35118;1.35144;614
20260514 0625;1.35144;1.35175;1.35128;1.35172;732
20260514 0630;1.35172;1.35188;1.35166;1.35177;341
20260514 0635;1.35177;1.35179;1.35147;1.3516;449
20260514 0640;1.3516;1.35161;1.35099;1.35121;674
20260514 0645;1.35121;1.35139;1.35118;1.35129;470
20260514 0650;1.35129;1.35169;1.35111;1.35149;764
20260514 0655;1.35149;1.35155;1.35104;1.35117;1067
20260514 0700;1.35117;1.35122;1.35097;1.35112;808
20260514 0705;1.35112;1.35162;1.35101;1.35152;762
20260514 0710;1.35152;1.35164;1.35141;1.35158;620
20260514 0715;1.35158;1.35173;1.35148;1.35151;569
20260514 0720;1.35151;1.35164;1.35123;1.3513;622
20260514 0725;1.3513;1.35131;1.35096;1.35097;809
20260514 0730;1.35097;1.35129;1.35097;1.35129;625
20260514 0735;1.35129;1.35131;1.35099;1.35108;720
20260514 0740;1.35108;1.3513;1.35103;1.35129;578
20260514 0745;1.35129;1.3514;1.35128;1.35131;366
20260514 0750;1.35131;1.35171;1.35131;1.3515;472
20260514 0755;1.3515;1.3515;1.34957;1.34999;1667
20260514 0800;1.34999;1.35109;1.34964;1.35109;2342
20260514 0805;1.35109;1.35162;1.35088;1.35099;1298
20260514 0810;1.35099;1.35159;1.35078;1.35159;787
20260514 0815;1.35159;1.35182;1.35155;1.35161;752
20260514 0820;1.35161;1.3517;1.35135;1.35152;926
20260514 0825;1.35152;1.35158;1.35132;1.35134;675
20260514 0830;1.35134;1.3515;1.35077;1.35118;944
20260514 0835;1.35118;1.3514;1.35089;1.35101;946
20260514 0840;1.35101;1.35107;1.3506;1.35061;657
20260514 0845;1.35061;1.35112;1.3506;1.35109;649
20260514 0850;1.35109;1.35113;1.35065;1.35092;845
20260514 0855;1.35092;1.35102;1.35068;1.35076;752
20260514 0900;1.35076;1.35094;1.35062;1.35071;962
20260514 0905;1.35071;1.3509;1.35046;1.35088;866
20260514 0910;1.35088;1.351;1.35059;1.35061;691
20260514 0915;1.35061;1.3507;1.35031;1.35041;808
20260514 0920;1.35041;1.35042;1.3499;1.35027;887
20260514 0925;1.35027;1.35041;1.35001;1.35035;803
20260514 0930;1.35035;1.35035;1.34969;1.3501;1555
20260514 0935;1.3501;1.35012;1.34939;1.34952;1617
20260514 0940;1.34952;1.3501;1.34892;1.35;2399
20260514 0945;1.35;1.35064;1.34966;1.35049;3688
20260514 0950;1.35049;1.35052;1.3498;1.34993;1373
20260514 0955;1.34993;1.35028;1.34988;1.35001;1398
20260514 1000;1.35001;1.35004;1.34969;1.35002;1315
20260514 1005;1.35002;1.35051;1.34989;1.35041;1428
20260514 1010;1.35041;1.35092;1.35037;1.35091;1202
20260514 1015;1.35091;1.35103;1.35069;1.35089;923
20260514 1020;1.35089;1.35128;1.3508;1.35082;1022
20260514 1025;1.35082;1.35091;1.35039;1.35091;1090
20260514 1030;1.35091;1.35091;1.35077;1.3508;647
20260514 1035;1.3508;1.35099;1.35057;1.35071;947
20260514 1040;1.35071;1.3509;1.35031;1.35032;794
20260514 1045;1.35032;1.35056;1.35014;1.35041;929
20260514 1050;1.35041;1.35041;1.34903;1.34914;2619
20260514 1055;1.34914;1.34962;1.34835;1.34839;2422
20260514 1100;1.34839;1.34873;1.34818;1.34829;1807
20260514 1105;1.34829;1.34858;1.34772;1.34795;1280
20260514 1110;1.34795;1.34798;1.34757;1.3479;870
20260514 1115;1.3479;1.34801;1.34778;1.34799;823
20260514 1120;1.34799;1.34811;1.3476;1.34773;687
20260514 1125;1.34773;1.34815;1.34769;1.34801;1022
20260514 1130;1.34801;1.34824;1.3479;1.34813;953
20260514 1135;1.34813;1.34823;1.3474;1.34763;969
20260514 1140;1.34763;1.34782;1.3473;1.34762;1016
20260514 1145;1.34762;1.34773;1.34759;1.34771;741
20260514 1150;1.34771;1.34791;1.34759;1.3478;671
20260514 1155;1.3478;1.348;1.3477;1.34779;961
20260514 1200;1.34779;1.34789;1.34729;1.34748;1256
20260514 1205;1.34748;1.34758;1.34662;1.34733;1277
20260514 1210;1.34733;1.34733;1.34591;1.3461;2350
20260514 1215;1.3461;1.34613;1.34533;1.3457;1950
20260514 1220;1.3457;1.3458;1.34446;1.3445;1783
20260514 1225;1.3445;1.34482;1.34431;1.34468;1589
20260514 1230;1.34468;1.34472;1.34385;1.34409;1502
20260514 1235;1.34409;1.34415;1.34361;1.34389;1259
20260514 1240;1.34389;1.34422;1.34319;1.34328;1175
20260514 1245;1.34328;1.3438;1.34325;1.34345;1211
20260514 1250;1.34345;1.34404;1.34344;1.34391;903
20260514 1255;1.34391;1.34433;1.34355;1.34431;896
20260514 1300;1.34431;1.34462;1.34429;1.34443;1180
20260514 1305;1.34443;1.34453;1.34347;1.3435;1342
20260514 1310;1.3435;1.34385;1.34336;1.3436;950
20260514 1315;1.3436;1.3436;1.3429;1.3429;871
20260514 1320;1.3429;1.34333;1.34277;1.34292;1028
20260514 1325;1.34292;1.34292;1.34251;1.34263;1137
20260514 1330;1.34263;1.34273;1.34227;1.34242;1084
20260514 1335;1.34242;1.34262;1.34205;1.34219;827
20260514 1340;1.34219;1.34221;1.34189;1.34201;708
20260514 1345;1.34201;1.34202;1.34136;1.34158;990
20260514 1350;1.34158;1.34178;1.3413;1.34149;751
20260514 1355;1.34149;1.34152;1.34099;1.34103;865
20260514 1400;1.34103;1.34103;1.34029;1.34039;1267
20260514 1405;1.34039;1.34059;1.34003;1.3401;700
20260514 1410;1.3401;1.34011;1.33984;1.34002;696
20260514 1415;1.34002;1.34003;1.33951;1.33969;675
20260514 1420;1.33969;1.34033;1.3395;1.34032;775
20260514 1425;1.34032;1.34054;1.34007;1.34043;1017
20260514 1430;1.34043;1.34064;1.34002;1.34002;700
20260514 1435;1.34002;1.3405;1.34002;1.34043;830
20260514 1440;1.34043;1.34046;1.33998;1.34013;633
20260514 1445;1.34013;1.34045;1.34013;1.34043;566
20260514 1450;1.34043;1.34052;1.34016;1.34025;487
20260514 1455;1.34025;1.34057;1.34018;1.34055;619
20260514 1500;1.34055;1.34075;1.34055;1.34061;596
20260514 1505;1.34061;1.34076;1.34061;1.34074;445
20260514 1510;1.34074;1.34084;1.34071;1.34075;367
20260514 1515;1.34075;1.34076;1.34055;1.34064;558
20260514 1520;1.34064;1.34076;1.34062;1.34072;464
20260514 1525;1.34072;1.34073;1.34046;1.34046;436
20260514 1530;1.34046;1.34062;1.34045;1.34052;462
20260514 1535;1.34052;1.34053;1.33976;1.33981;725
20260514 1540;1.33981;1.33985;1.33962;1.33982;610
20260514 1545;1.33982;1.34006;1.33981;1.34004;364
20260514 1550;1.34004;1.34005;1.33973;1.33986;564
20260514 1555;1.33986;1.34006;1.33965;1.33998;962
20260514 1600;1.33998;1.34029;1.33964;1.33971;845
20260514 1605;1.33971;1.33975;1.33953;1.33975;481
20260514 1610;1.33975;1.33975;1.33958;1.33962;312
20260514 1615;1.33962;1.3397;1.33953;1.33964;288
20260514 1620;1.33964;1.33975;1.33962;1.33964;210
20260514 1625;1.33964;1.33986;1.33963;1.33976;207
20260514 1630;1.33976;1.33998;1.33976;1.33985;276
20260514 1635;1.33985;1.33994;1.33973;1.33984;257
20260514 1640;1.33984;1.33994;1.33975;1.33984;217
20260514 1645;1.33984;1.33997;1.33981;1.33993;232
20260514 1650;1.33993;1.3401;1.33984;1.34002;343
20260514 1655;1.34002;1.34017;1.33993;1.34017;684
20260514 1700;1.34017;1.34017;1.3395;1.33964;9
20260514 1705;1.33964;1.33967;1.33941;1.33954;97
20260514 1710;1.33954;1.3398;1.33952;1.33955;77
20260514 1715;1.33955;1.33955;1.33954;1.33955;67
20260514 1720;1.33955;1.33993;1.3395;1.33993;18
20260514 1725;1.33993;1.33996;1.33988;1.33988;30
20260514 1730;1.33988;1.34037;1.33988;1.34027;48
20260514 1735;1.34027;1.3403;1.34026;1.34029;128
20260514 1740;1.34029;1.34029;1.33973;1.33999;365
20260514 1745;1.33999;1.34019;1.33993;1.34005;314
20260514 1750;1.34005;1.3401;1.33955;1.33965;223
20260514 1755;1.33965;1.34013;1.33958;1.34003;303
20260514 1800;1.34003;1.34022;1.33995;1.34014;252
20260514 1805;1.34014;1.34014;1.34002;1.34003;65
20260514 1810;1.34003;1.34005;1.33974;1.33976;178
20260514 1815;1.33976;1.33988;1.33976;1.33982;172
20260514 1820;1.33982;1.33988;1.33978;1.33981;81
20260514 1825;1.33981;1.3399;1.33978;1.33982;120
20260514 1830;1.33982;1.33991;1.33975;1.33982;112
20260514 1835;1.33982;1.33985;1.33978;1.33984;62
20260514 1840;1.33984;1.33994;1.33984;1.33991;91
20260514 1845;1.33991;1.33994;1.33984;1.33987;68
20260514 1850;1.33987;1.33994;1.33987;1.33992;91
20260514 1855;1.33992;1.33994;1.33985;1.33991;103
20260514 1900;1.33991;1.33992;1.33979;1.33983;149
20260514 1905;1.33983;1.33983;1.33894;1.33894;465
20260514 1910;1.33894;1.33902;1.33855;1.33876;357
20260514 1915;1.33876;1.33878;1.3385;1.33872;414
20260514 1920;1.33872;1.33872;1.33848;1.33853;243
20260514 1925;1.33853;1.33905;1.33853;1.33901;176
20260514 1930;1.33901;1.33922;1.339;1.33909;195
20260514 1935;1.33909;1.33931;1.33907;1.33929;197
20260514 1940;1.33929;1.33987;1.33925;1.33981;443
20260514 1945;1.33981;1.33985;1.33948;1.33972;567
20260514 1950;1.33972;1.33977;1.33937;1.3394;411
20260514 1955;1.3394;1.33941;1.33901;1.33907;443
20260514 2000;1.33907;1.33913;1.3385;1.33882;1687
20260514 2005;1.33882;1.33911;1.33882;1.33903;1025
20260514 2010;1.33903;1.33912;1.33875;1.33879;772
20260514 2015;1.33879;1.33924;1.33875;1.33912;978
20260514 2020;1.33912;1.33913;1.33887;1.33902;545
20260514 2025;1.33902;1.33902;1.33877;1.33883;898
20260514 2030;1.33883;1.33887;1.33852;1.33856;647
20260514 2035;1.33856;1.33863;1.33815;1.33833;759
20260514 2040;1.33833;1.33833;1.33744;1.33783;1283
20260514 2045;1.33783;1.33804;1.33779;1.33793;604
20260514 2050;1.33793;1.33793;1.33755;1.33774;1000
20260514 2055;1.33774;1.33815;1.33762;1.33802;784
20260514 2100;1.33802;1.3382;1.33785;1.33796;1072
20260514 2105;1.33796;1.33812;1.3378;1.33809;793
20260514 2110;1.33809;1.33813;1.33782;1.33792;737
20260514 2115;1.33792;1.33793;1.33753;1.33764;767
20260514 2120;1.33764;1.33771;1.33728;1.33744;994
20260514 2125;1.33744;1.33744;1.33666;1.3367;1317
20260514 2130;1.3367;1.33706;1.33643;1.33702;1417
20260514 2135;1.33702;1.3375;1.33702;1.33722;1043
20260514 2140;1.33722;1.33742;1.33697;1.33717;817
20260514 2145;1.33717;1.33724;1.33694;1.33704;698
20260514 2150;1.33704;1.33713;1.33669;1.33678;835
20260514 2155;1.33678;1.33691;1.33665;1.33667;769
20260514 2200;1.33667;1.33673;1.33639;1.33655;960
20260514 2205;1.33655;1.33656;1.33638;1.33654;570
20260514 2210;1.33654;1.33674;1.33647;1.3367;552
20260514 2215;1.3367;1.33678;1.33652;1.33678;917
20260514 2220;1.33678;1.3369;1.33674;1.3369;625
20260514 2225;1.3369;1.33718;1.3368;1.33691;635
20260514 2230;1.33691;1.33702;1.33672;1.33701;486
20260514 2235;1.33701;1.3372;1.33701;1.33708;406
20260514 2240;1.33708;1.3375;1.33707;1.33748;377
20260514 2245;1.33748;1.33752;1.33732;1.33751;196
20260514 2250;1.33751;1.33802;1.33748;1.33791;1147
20260514 2255;1.33791;1.33801;1.33751;1.33752;683
20260514 2300;1.33752;1.33772;1.33749;1.33751;653
20260514 2305;1.33751;1.33765;1.33745;1.33754;691
20260514 2310;1.33754;1.33771;1.33747;1.33751;561
20260514 2315;1.33751;1.33755;1.3374;1.33751;336
20260514 2320;1.33751;1.33768;1.33747;1.33759;355
20260514 2325;1.33759;1.33766;1.33759;1.33763;496
20260514 2330;1.33763;1.33772;1.33727;1.33731;583
20260514 2335;1.33731;1.33756;1.33727;1.33749;648
20260514 2340;1.33749;1.33764;1.33745;1.3375;428
20260514 2345;1.3375;1.33761;1.33742;1.33758;406
20260514 2350;1.33758;1.33761;1.33736;1.33742;365
20260514 2355;1.33742;1.33765;1.33741;1.33761;557
20260515 0000;1.33761;1.33761;1.33712;1.33719;527
20260515 0005;1.33719;1.33732;1.33719;1.33729;229
20260515 0010;1.33729;1.33732;1.33717;1.33732;262
20260515 0015;1.33732;1.33742;1.33728;1.33731;423
20260515 0020;1.33731;1.33731;1.33717;1.33725;409
20260515 0025;1.33725;1.33731;1.33702;1.33702;429
20260515 0030;1.33702;1.3371;1.33697;1.33708;406
20260515 0035;1.33708;1.33713;1.33689;1.33701;479
20260515 0040;1.33701;1.33713;1.33665;1.33669;435
20260515 0045;1.33669;1.33678;1.33656;1.33676;505
20260515 0050;1.33676;1.33681;1.3365;1.33652;473
20260515 0055;1.33652;1.33653;1.33628;1.33633;533
20260515 0100;1.33633;1.33634;1.33589;1.33613;848
20260515 0105;1.33613;1.33623;1.33562;1.33572;814
20260515 0110;1.33572;1.33582;1.33519;1.33543;945
20260515 0115;1.33543;1.33564;1.33521;1.33532;678
20260515 0120;1.33532;1.33553;1.33532;1.33541;637
20260515 0125;1.33541;1.33579;1.33534;1.33579;643
20260515 0130;1.33579;1.3358;1.33544;1.33552;1091
20260515 0135;1.33552;1.33563;1.33522;1.33541;846
20260515 0140;1.33541;1.33574;1.33524;1.3353;914
20260515 0145;1.3353;1.3353;1.33403;1.33443;1803
20260515 0150;1.33443;1.33494;1.33443;1.33479;1040
20260515 0155;1.33479;1.33482;1.33419;1.33422;1081
20260515 0200;1.33422;1.33484;1.33394;1.33481;1331
20260515 0205;1.33481;1.33582;1.33473;1.33581;1983
20260515 0210;1.33581;1.33587;1.33494;1.33511;1470
20260515 0215;1.33511;1.33518;1.33404;1.33453;2079
20260515 0220;1.33453;1.33482;1.33368;1.33381;1725
20260515 0225;1.33381;1.33413;1.33352;1.33371;1407
20260515 0230;1.33371;1.3349;1.3335;1.3347;1413
20260515 0235;1.3347;1.33535;1.3347;1.33521;1636
20260515 0240;1.33521;1.33564;1.3351;1.33563;1089
20260515 0245;1.33563;1.33595;1.33542;1.33584;1063
20260515 0250;1.33584;1.33586;1.33479;1.33495;1118
20260515 0255;1.33495;1.33534;1.33489;1.33506;1383
20260515 0300;1.33506;1.33563;1.33454;1.33551;2355
20260515 0305;1.33551;1.33588;1.33522;1.33581;1426
20260515 0310;1.33581;1.33685;1.3358;1.33664;1344
20260515 0315;1.33664;1.33664;1.33612;1.33663;1145
20260515 0320;1.33663;1.33755;1.33662;1.33729;1426
20260515 0325;1.33729;1.33744;1.33671;1.33715;1214
20260515 0330;1.33715;1.33733;1.3364;1.33694;1364
20260515 0335;1.33694;1.33727;1.3369;1.33723;1428
20260515 0340;1.33723;1.33726;1.33667;1.3369;1292
20260515 0345;1.3369;1.33697;1.33632;1.33634;1212
20260515 0350;1.33634;1.33662;1.33624;1.33654;1049
20260515 0355;1.33654;1.33696;1.33636;1.33644;1346
20260515 0400;1.33644;1.33665;1.33601;1.33613;1396
20260515 0405;1.33613;1.33625;1.33563;1.33593;1343
20260515 0410;1.33593;1.33598;1.33545;1.33563;1165
20260515 0415;1.33563;1.33564;1.33502;1.33541;1282
20260515 0420;1.33541;1.33543;1.33512;1.33524;983
20260515 0425;1.33524;1.33534;1.33483;1.3349;1093
20260515 0430;1.3349;1.33512;1.3345;1.33512;1345
20260515 0435;1.33512;1.33516;1.33463;1.33485;975
20260515 0440;1.33485;1.3353;1.33472;1.33523;1632
20260515 0445;1.33523;1.33531;1.33471;1.33491;1362
20260515 0450;1.33491;1.33503;1.33453;1.33458;1112
20260515 0455;1.33458;1.3346;1.33417;1.3346;997
20260515 0500;1.3346;1.33461;1.33353;1.33367;1183
20260515 0505;1.33367;1.33389;1.33327;1.33339;1188
20260515 0510;1.33339;1.3335;1.333;1.33316;1494
20260515 0515;1.33316;1.33332;1.33279;1.33295;1242
20260515 0520;1.33295;1.33357;1.33295;1.33351;1249
20260515 0525;1.33351;1.33398;1.3334;1.33394;1257
20260515 0530;1.33394;1.33424;1.33388;1.33398;1600
20260515 0535;1.33398;1.33399;1.33357;1.33374;1076
20260515 0540;1.33374;1.33401;1.33364;1.33394;858
20260515 0545;1.33394;1.33409;1.33372;1.33383;932
20260515 0550;1.33383;1.33452;1.33375;1.33452;1355
20260515 0555;1.33452;1.33515;1.3345;1.3348;1962
20260515 0600;1.3348;1.33541;1.3348;1.33533;1167
20260515 0605;1.33533;1.33603;1.33532;1.33591;938
20260515 0610;1.33591;1.33651;1.33583;1.33632;659
20260515 0615;1.33632;1.33644;1.33568;1.33579;777
20260515 0620;1.33579;1.33684;1.33574;1.33663;1148
20260515 0625;1.33663;1.33679;1.33622;1.33636;828
20260515 0630;1.33636;1.33706;1.33627;1.33706;857
20260515 0635;1.33706;1.33706;1.33673;1.33697;1105
20260515 0640;1.33697;1.33746;1.33682;1.33745;1052
20260515 0645;1.33745;1.33826;1.3374;1.3378;2463
20260515 0650;1.3378;1.33933;1.33757;1.33913;2337
20260515 0655;1.33913;1.33919;1.33812;1.33826;2040
20260515 0700;1.33826;1.33844;1.3374;1.33746;1624
20260515 0705;1.33746;1.33811;1.33744;1.33782;1101
20260515 0710;1.33782;1.33795;1.3376;1.33785;1048
20260515 0715;1.33785;1.33829;1.33781;1.33819;881
20260515 0720;1.33819;1.33821;1.33751;1.33783;837
20260515 0725;1.33783;1.33784;1.33722;1.33731;863
20260515 0730;1.33731;1.33733;1.33649;1.3367;809
20260515 0735;1.3367;1.33714;1.33655;1.3367;987
20260515 0740;1.3367;1.33683;1.33623;1.33628;999
20260515 0745;1.33628;1.33664;1.33608;1.33663;834
20260515 0750;1.33663;1.33667;1.3362;1.33624;990
20260515 0755;1.33624;1.33624;1.33588;1.33597;796
20260515 0800;1.33597;1.33601;1.33565;1.33582;1198
20260515 0805;1.33582;1.33607;1.33556;1.3358;1065
20260515 0810;1.3358;1.33586;1.33533;1.33544;983
20260515 0815;1.33544;1.33557;1.33533;1.33541;1090
20260515 0820;1.33541;1.33625;1.3354;1.33589;1271
20260515 0825;1.33589;1.33597;1.33542;1.33545;836
20260515 0830;1.33545;1.33545;1.33501;1.33512;953
20260515 0835;1.33512;1.33515;1.33407;1.33422;1647
20260515 0840;1.33422;1.33454;1.33411;1.33422;1215
20260515 0845;1.33422;1.33486;1.33406;1.33481;1255
20260515 0850;1.33481;1.33543;1.33463;1.3354;1406
20260515 0855;1.3354;1.33577;1.33531;1.33532;1450
20260515 0900;1.33532;1.33558;1.3348;1.33545;1974
20260515 0905;1.33545;1.33586;1.3353;1.33535;1509
20260515 0910;1.33535;1.33593;1.33535;1.33576;1170
20260515 0915;1.33576;1.33586;1.33542;1.33569;1065
20260515 0920;1.33569;1.33621;1.33569;1.33616;1168
20260515 0925;1.33616;1.33633;1.33545;1.33573;1588
20260515 0930;1.33573;1.33589;1.33513;1.33524;2085
20260515 0935;1.33524;1.33544;1.33465;1.33481;2123
20260515 0940;1.33481;1.33502;1.33404;1.33406;1899
20260515 0945;1.33406;1.33428;1.33383;1.33414;2120
20260515 0950;1.33414;1.33434;1.33373;1.33425;2370
20260515 0955;1.33425;1.33458;1.33391;1.33411;2407
20260515 1000;1.33411;1.33415;1.33353;1.33385;2064
20260515 1005;1.33385;1.33447;1.33383;1.33422;2294
20260515 1010;1.33422;1.33496;1.33393;1.33485;2122
20260515 1015;1.33485;1.33617;1.33473;1.33617;2020
20260515 1020;1.33617;1.33624;1.3352;1.33537;2367
20260515 1025;1.33537;1.33539;1.33482;1.33501;1985
20260515 1030;1.33501;1.33545;1.33493;1.33536;2183
20260515 1035;1.33536;1.33544;1.33472;1.33475;1588
20260515 1040;1.33475;1.335;1.33451;1.33461;1621
20260515 1045;1.33461;1.33465;1.33414;1.33434;1961
20260515 1050;1.33434;1.33514;1.33414;1.33503;2181
20260515 1055;1.33503;1.33514;1.33436;1.33442;2176
20260515 1100;1.33442;1.33461;1.3335;1.33364;2062
20260515 1105;1.33364;1.33436;1.33363;1.33433;1572
20260515 1110;1.33433;1.33447;1.33352;1.33386;1748
20260515 1115;1.33386;1.33402;1.33241;1.33242;1548
20260515 1120;1.33242;1.33268;1.33189;1.33192;1867
20260515 1125;1.33192;1.33228;1.33181;1.3322;1661
20260515 1130;1.3322;1.33246;1.33203;1.33211;1879
20260515 1135;1.33211;1.3324;1.33197;1.33213;1318
20260515 1140;1.33213;1.33223;1.33162;1.33181;1382
20260515 1145;1.33181;1.33209;1.33173;1.33182;1443
20260515 1150;1.33182;1.33215;1.33172;1.33212;1224
20260515 1155;1.33212;1.33305;1.33199;1.33305;1579
20260515 1200;1.33305;1.33319;1.33231;1.33231;1855
20260515 1205;1.33231;1.33262;1.33204;1.33255;1483
20260515 1210;1.33255;1.33264;1.33221;1.33234;1294
20260515 1215;1.33234;1.33238;1.33203;1.33224;1197
20260515 1220;1.33224;1.33267;1.33212;1.33248;1148
20260515 1225;1.33248;1.33255;1.33219;1.33234;1134
20260515 1230;1.33234;1.33256;1.33224;1.33252;1392
20260515 1235;1.33252;1.33315;1.33241;1.33311;914
20260515 1240;1.33311;1.33346;1.33298;1.33343;782
20260515 1245;1.33343;1.33356;1.33327;1.33343;806
20260515 1250;1.33343;1.3335;1.33279;1.33289;962
20260515 1255;1.33289;1.33327;1.33273;1.33305;1194
20260515 1300;1.33305;1.33328;1.33245;1.33262;1370
20260515 1305;1.33262;1.33324;1.33259;1.33324;1231
20260515 1310;1.33324;1.33365;1.33322;1.33365;917
20260515 1315;1.33365;1.33365;1.3333;1.3335;919
20260515 1320;1.3335;1.33363;1.33319;1.33357;927
20260515 1325;1.33357;1.33385;1.33324;1.33325;1003
20260515 1330;1.33325;1.33374;1.33316;1.33372;838
20260515 1335;1.33372;1.33373;1.33304;1.33318;894
20260515 1340;1.33318;1.33334;1.33301;1.33303;785
20260515 1345;1.33303;1.33334;1.33303;1.33323;691
20260515 1350;1.33323;1.33324;1.33303;1.33304;558
20260515 1355;1.33304;1.33304;1.33272;1.33282;852
20260515 1400;1.33282;1.333;1.33274;1.33282;959
20260515 1405;1.33282;1.33287;1.33249;1.33259;947
20260515 1410;1.33259;1.33285;1.33253;1.33272;824
20260515 1415;1.33272;1.33272;1.33202;1.33213;1556
20260515 1420;1.33213;1.33253;1.33207;1.33234;1216
20260515 1425;1.33234;1.33246;1.33223;1.33232;921
20260515 1430;1.33232;1.33236;1.3318;1.33205;1335
20260515 1435;1.33205;1.33218;1.33197;1.33216;871
20260515 1440;1.33216;1.33227;1.33203;1.33227;640
20260515 1445;1.33227;1.33244;1.33219;1.33244;677
20260515 1450;1.33244;1.33259;1.3324;1.3324;769
20260515 1455;1.3324;1.3324;1.33192;1.33217;1016
20260515 1500;1.33217;1.33228;1.33197;1.33206;789
20260515 1505;1.33206;1.3322;1.332;1.33215;420
20260515 1510;1.33215;1.33225;1.33203;1.33213;238
20260515 1515;1.33213;1.33229;1.33203;1.33225;326
20260515 1520;1.33225;1.33245;1.33224;1.33243;253
20260515 1525;1.33243;1.33243;1.3322;1.33224;228
20260515 1530;1.33224;1.33244;1.33218;1.33224;312
20260515 1535;1.33224;1.33236;1.33215;1.33234;272
20260515 1540;1.33234;1.33236;1.33192;1.33197;604
20260515 1545;1.33197;1.33214;1.33194;1.33205;308
20260515 1550;1.33205;1.33223;1.33171;1.33184;478
20260515 1555;1.33184;1.33202;1.3316;1.33186;738
20260515 1600;1.33186;1.33189;1.3316;1.33163;441
20260515 1605;1.33163;1.33165;1.33147;1.33157;263
20260515 1610;1.33157;1.33172;1.33153;1.33155;495
20260515 1615;1.33155;1.33172;1.33152;1.3316;303
20260515 1620;1.3316;1.33163;1.33152;1.33156;227
20260515 1625;1.33156;1.33165;1.33151;1.33152;147
20260515 1630;1.33152;1.33192;1.33152;1.33182;374
20260515 1635;1.33182;1.33182;1.33168;1.33177;183
20260515 1640;1.33177;1.33182;1.33154;1.33181;255
20260515 1645;1.33181;1.33188;1.33164;1.33178;378
20260515 1650;1.33178;1.33178;1.33156;1.33158;271
20260515 1655;1.33158;1.33227;1.33148;1.33188;616
20260517 1700;1.33159;1.33199;1.33155;1.33197;5
20260517 1705;1.33197;1.33206;1.3319;1.33191;9
20260517 1710;1.33191;1.3321;1.33188;1.3321;12
20260517 1715;1.3321;1.33227;1.33207;1.33227;29
20260517 1720;1.33227;1.33227;1.33192;1.33195;15
20260517 1725;1.33195;1.33195;1.33178;1.33191;23
20260517 1730;1.33191;1.33195;1.33185;1.33195;21
20260517 1735;1.33195;1.33199;1.33195;1.33199;9
20260517 1740;1.33199;1.332;1.33182;1.33187;76
20260517 1745;1.33187;1.33209;1.33183;1.33187;88
20260517 1750;1.33187;1.3319;1.33183;1.33186;20
20260517 1755;1.33186;1.33191;1.33178;1.33183;51
20260517 1800;1.33183;1.33216;1.33178;1.33192;426
20260517 1805;1.33192;1.33209;1.33178;1.33209;240
20260517 1810;1.33209;1.33213;1.33178;1.33189;214
20260517 1815;1.33189;1.33207;1.33151;1.33155;310
20260517 1820;1.33155;1.33169;1.33123;1.33134;219
20260517 1825;1.33134;1.33149;1.33119;1.33135;248
20260517 1830;1.33135;1.33149;1.33101;1.33102;483
20260517 1835;1.33102;1.33166;1.331;1.3314;277
20260517 1840;1.3314;1.33152;1.33138;1.33141;204
20260517 1845;1.33141;1.33149;1.33138;1.33145;103
20260517 1850;1.33145;1.33172;1.33145;1.3316;208
20260517 1855;1.3316;1.33166;1.33146;1.33164;219
20260517 1900;1.33164;1.33205;1.33152;1.33192;410
20260517 1905;1.33192;1.33193;1.33172;1.33188;449
20260517 1910;1.33188;1.33196;1.33174;1.33192;298
20260517 1915;1.33192;1.33213;1.33182;1.33204;298
20260517 1920;1.33204;1.33204;1.33182;1.33185;303
20260517 1925;1.33185;1.33185;1.33153;1.33155;287
20260517 1930;1.33155;1.33157;1.33124;1.33154;634
20260517 1935;1.33154;1.33157;1.33122;1.33123;335
20260517 1940;1.33123;1.33125;1.33075;1.33116;971
20260517 1945;1.33116;1.33127;1.33095;1.33097;764
20260517 1950;1.33097;1.3311;1.33088;1.33092;597
20260517 1955;1.33092;1.33096;1.33083;1.33095;812
20260517 2000;1.33095;1.33185;1.33088;1.33172;1816
20260517 2005;1.33172;1.33186;1.33137;1.33156;1847
20260517 2010;1.33156;1.33168;1.33113;1.33118;1588
20260517 2015;1.33118;1.33135;1.33111;1.33115;1299
20260517 2020;1.33115;1.33152;1.33104;1.33105;1164
20260517 2025;1.33105;1.33124;1.33093;1.33095;1024
20260517 2030;1.33095;1.33126;1.33081;1.33095;854
20260517 2035;1.33095;1.33113;1.33082;1.33083;828
20260517 2040;1.33083;1.33093;1.33057;1.33061;933
20260517 2045;1.33061;1.33084;1.33054;1.33081;1159
20260517 2050;1.33081;1.33092;1.33048;1.33061;1210
20260517 2055;1.33061;1.33094;1.33052;1.33089;1102
20260517 2100;1.33089;1.33102;1.33032;1.33044;1536
20260517 2105;1.33044;1.33086;1.33037;1.33085;1036
20260517 2110;1.33085;1.33088;1.33051;1.33052;1350
20260517 2115;1.33052;1.33063;1.33034;1.33055;1227
20260517 2120;1.33055;1.33074;1.33022;1.33064;1519
20260517 2125;1.33064;1.3308;1.33058;1.33067;923
20260517 2130;1.33067;1.33086;1.33058;1.33074;933
20260517 2135;1.33074;1.33106;1.33058;1.33075;1118
20260517 2140;1.33075;1.33093;1.33061;1.33072;994
20260517 2145;1.33072;1.33114;1.33052;1.33102;1075
20260517 2150;1.33102;1.33131;1.33098;1.33109;880
20260517 2155;1.33109;1.33134;1.33108;1.33114;510
20260517 2200;1.33114;1.33114;1.33083;1.33094;1043
20260517 2205;1.33094;1.33095;1.33068;1.33084;1034
20260517 2210;1.33084;1.33126;1.33084;1.33123;1014
20260517 2215;1.33123;1.33138;1.33116;1.33126;631
20260517 2220;1.33126;1.33133;1.33104;1.33125;611
20260517 2225;1.33125;1.33138;1.33121;1.33133;696
20260517 2230;1.33133;1.33163;1.33125;1.33142;749
20260517 2235;1.33142;1.33142;1.3312;1.33121;660
20260517 2240;1.33121;1.33125;1.33104;1.3312;645
20260517 2245;1.3312;1.3312;1.33082;1.33083;682
20260517 2250;1.33083;1.33085;1.33056;1.33072;707
20260517 2255;1.33072;1.33092;1.33053;1.33082;756
20260517 2300;1.33092;1.33107;1.33072;1.33074;564
20260517 2305;1.33074;1.33101;1.33072;1.3309;560
20260517 2310;1.3309;1.33098;1.3308;1.33093;622
20260517 2315;1.33093;1.33101;1.33088;1.33096;822
20260517 2320;1.33096;1.33112;1.33088;1.33101;590
20260517 2325;1.33101;1.33136;1.331;1.3313;652
20260517 2330;1.3313;1.33133;1.33092;1.33109;891
20260517 2335;1.33109;1.33124;1.33099;1.33106;834
20260517 2340;1.33106;1.33146;1.33101;1.33144;864
20260517 2345;1.33144;1.33154;1.33137;1.33142;638
20260517 2350;1.33142;1.33153;1.33118;1.33124;638
20260517 2355;1.33124;1.33141;1.33121;1.3313;763
20260518 0000;1.3313;1.33153;1.33125;1.33145;708
20260518 0005;1.33145;1.33177;1.33145;1.33173;857
20260518 0010;1.33173;1.33195;1.33171;1.33184;586
20260518 0015;1.33184;1.33194;1.33168;1.3317;669
20260518 0020;1.3317;1.33172;1.33132;1.33132;791
20260518 0025;1.33132;1.33144;1.33123;1.3313;799
20260518 0030;1.3313;1.33156;1.33122;1.3315;602
20260518 0035;1.3315;1.33153;1.33139;1.33144;833
20260518 0040;1.33144;1.33171;1.33143;1.33162;703
20260518 0045;1.33162;1.33171;1.33151;1.33152;686
20260518 0050;1.33152;1.33161;1.33139;1.33152;638
20260518 0055;1.33152;1.33156;1.33129;1.33154;701
20260518 0100;1.33154;1.33165;1.33131;1.33164;1060
20260518 0105;1.33164;1.33175;1.33158;1.33173;863
20260518 0110;1.33173;1.33184;1.33168;1.33178;697
20260518 0115;1.33178;1.33178;1.33148;1.33168;754
20260518 0120;1.33168;1.33194;1.33163;1.3319;824
20260518 0125;1.3319;1.33223;1.33185;1.33216;806
20260518 0130;1.33216;1.33231;1.33204;1.33222;722
20260518 0135;1.33222;1.33253;1.33219;1.33248;827
20260518 0140;1.33248;1.3325;1.33214;1.33232;669
20260518 0145;1.33232;1.33246;1.3322;1.33239;793
20260518 0150;1.33239;1.33245;1.33224;1.33243;831
20260518 0155;1.33243;1.33243;1.33214;1.3323;722
20260518 0200;1.3323;1.33283;1.33217;1.33263;1500
20260518 0205;1.33263;1.33331;1.33256;1.33314;1104
20260518 0210;1.33314;1.33355;1.33303;1.33355;1137
20260518 0215;1.33355;1.33404;1.33354;1.33399;1305
20260518 0220;1.33399;1.33469;1.33393;1.33453;1002
20260518 0225;1.33453;1.33462;1.33417;1.33443;969
20260518 0230;1.33443;1.33514;1.33424;1.33476;1192
20260518 0235;1.33476;1.33496;1.33461;1.33465;867
20260518 0240;1.33465;1.33497;1.33464;1.33486;719
20260518 0245;1.33486;1.33496;1.33463;1.3348;757
20260518 0250;1.3348;1.33544;1.33465;1.33541;1000
20260518 0255;1.33541;1.33583;1.33532;1.33556;1387
20260518 0300;1.33556;1.33563;1.33519;1.33523;1707
20260518 0305;1.33523;1.33554;1.33513;1.33523;857
20260518 0310;1.33523;1.33535;1.33477;1.33493;738
20260518 0315;1.33493;1.33504;1.33462;1.33475;973
20260518 0320;1.33475;1.33476;1.3343;1.33438;963
20260518 0325;1.33438;1.33534;1.33438;1.33515;1853
20260518 0330;1.33515;1.33584;1.33511;1.33554;1752
20260518 0335;1.33554;1.33558;1.33521;1.33555;1201
20260518 0340;1.33555;1.33566;1.33534;1.33538;986
20260518 0345;1.33538;1.33556;1.33502;1.33505;820
20260518 0350;1.33505;1.33527;1.33493;1.33526;568
20260518 0355;1.33526;1.33576;1.33507;1.33525;1647
20260518 0400;1.33525;1.33569;1.33524;1.33549;1297
20260518 0405;1.33549;1.33554;1.33521;1.33524;967
20260518 0410;1.33524;1.33545;1.33501;1.33544;767
20260518 0415;1.33544;1.33557;1.33524;1.33555;789
20260518 0420;1.33555;1.33595;1.3355;1.33583;793
20260518 0425;1.33583;1.33664;1.33576;1.33664;1146
20260518 0430;1.33664;1.33791;1.33662;1.33781;1335
20260518 0435;1.33781;1.33823;1.33701;1.33813;1273
20260518 0440;1.33813;1.33813;1.33704;1.33713;715
20260518 0445;1.33713;1.33775;1.33713;1.33774;728
20260518 0450;1.33774;1.33829;1.33771;1.33815;1057
20260518 0455;1.33815;1.33843;1.33765;1.3377;956
20260518 0500;1.3377;1.33778;1.33711;1.33714;1490
20260518 0505;1.33714;1.33735;1.3371;1.33713;980
20260518 0510;1.33713;1.33734;1.33691;1.33703;689
20260518 0515;1.33703;1.33744;1.33681;1.33682;802
20260518 0520;1.33682;1.33715;1.33681;1.33685;591
20260518 0525;1.33685;1.33694;1.33669;1.33685;699
20260518 0530;1.33685;1.33685;1.33659;1.33685;721
20260518 0535;1.33685;1.33693;1.33679;1.33687;570
20260518 0540;1.33687;1.33687;1.33651;1.33653;645
20260518 0545;1.33653;1.33664;1.33634;1.33642;652
20260518 0550;1.33642;1.33644;1.33609;1.33609;779
20260518 0555;1.33609;1.33649;1.33605;1.33622;702
20260518 0600;1.33622;1.33675;1.33603;1.33603;902
20260518 0605;1.33603;1.33615;1.33572;1.336;874
20260518 0610;1.336;1.33618;1.33583;1.33614;621
20260518 0615;1.33614;1.33615;1.33593;1.33602;633
20260518 0620;1.33602;1.33608;1.33586;1.33605;724
20260518 0625;1.33605;1.3362;1.33592;1.3362;861
20260518 0630;1.3362;1.33628;1.33572;1.33572;1127
20260518 0635;1.33572;1.33586;1.3355;1.33562;959
20260518 0640;1.33562;1.33574;1.33551;1.33572;790
20260518 0645;1.33572;1.33574;1.33539;1.3355;559
20260518 0650;1.3355;1.3356;1.33528;1.33539;766
20260518 0655;1.33539;1.33544;1.33465;1.33474;1334
20260518 0700;1.33474;1.33533;1.33472;1.33521;1323
20260518 0705;1.33521;1.33565;1.33521;1.33535;841
20260518 0710;1.33535;1.33555;1.33523;1.33553;1358
20260518 0715;1.33553;1.33563;1.3354;1.33562;733
20260518 0720;1.33562;1.33584;1.33548;1.33555;664
20260518 0725;1.33555;1.33573;1.33541;1.33551;837
20260518 0730;1.33551;1.33662;1.33547;1.3363;1383
20260518 0735;1.3363;1.33761;1.33592;1.33756;2760
20260518 0740;1.33756;1.33814;1.33722;1.33801;3780
20260518 0745;1.33801;1.33817;1.33741;1.33755;2062
20260518 0750;1.33755;1.33771;1.33719;1.3373;1780
20260518 0755;1.3373;1.33764;1.3372;1.33763;1368
20260518 0800;1.33763;1.33815;1.33751;1.33812;1600
20260518 0805;1.33812;1.33863;1.33809;1.33854;1169
20260518 0810;1.33854;1.33865;1.33822;1.33833;1184
20260518 0815;1.33833;1.33859;1.33796;1.33828;1692
20260518 0820;1.33828;1.33873;1.33807;1.33872;1157
20260518 0825;1.33872;1.33893;1.3386;1.33873;796
20260518 0830;1.33873;1.33933;1.3386;1.33928;1274
20260518 0835;1.33928;1.33979;1.33912;1.33951;2300
20260518 0840;1.33951;1.33984;1.33905;1.33982;1549
20260518 0845;1.33982;1.34029;1.33962;1.33981;2056
20260518 0850;1.33981;1.33998;1.33891;1.33934;1937
20260518 0855;1.33934;1.33983;1.33916;1.33953;1521
20260518 0900;1.33953;1.33997;1.33904;1.33915;2577
20260518 0905;1.33915;1.33945;1.33901;1.33937;1555
20260518 0910;1.33937;1.33947;1.33905;1.33914;1289
20260518 0915;1.33914;1.33924;1.33861;1.33894;1172
20260518 0920;1.33894;1.33914;1.33864;1.33882;1185
20260518 0925;1.33882;1.3391;1.3387;1.33905;1243
20260518 0930;1.33905;1.33909;1.3386;1.33863;1719
20260518 0935;1.33863;1.33892;1.33843;1.33854;1734
20260518 0940;1.33854;1.33874;1.33801;1.33838;2283
20260518 0945;1.33838;1.34016;1.33834;1.33982;2819
20260518 0950;1.33982;1.33988;1.33932;1.33986;2141
20260518 0955;1.33986;1.33988;1.33902;1.33911;1592
20260518 1000;1.33911;1.33947;1.33852;1.33863;1747
20260518 1005;1.33863;1.33886;1.33823;1.33882;2819
20260518 1010;1.33882;1.33924;1.33832;1.33849;2216
20260518 1015;1.33849;1.33962;1.33812;1.3394;2061
20260518 1020;1.3394;1.33953;1.33899;1.33951;1590
20260518 1025;1.33951;1.34001;1.33951;1.33976;1073
20260518 1030;1.33976;1.33986;1.33878;1.33909;1476
20260518 1035;1.33909;1.33952;1.33872;1.33934;1401
20260518 1040;1.33934;1.33944;1.33895;1.33924;1118
20260518 1045;1.33924;1.33955;1.33902;1.33944;1028
20260518 1050;1.33944;1.34001;1.33935;1.3395;1439
20260518 1055;1.3395;1.33975;1.33941;1.33941;1356
20260518 1100;1.33941;1.33945;1.33819;1.33837;3258
20260518 1105;1.33837;1.33922;1.3383;1.3385;1971
20260518 1110;1.3385;1.33933;1.33843;1.33922;1939
20260518 1115;1.33922;1.33943;1.33893;1.33912;1493
20260518 1120;1.33912;1.33934;1.33891;1.33933;1846
20260518 1125;1.33933;1.33976;1.33928;1.33943;1689
20260518 1130;1.33943;1.34001;1.33922;1.33992;1600
20260518 1135;1.33992;1.34097;1.33992;1.34083;1371
20260518 1140;1.34083;1.34095;1.34026;1.34043;1152
20260518 1145;1.34043;1.34085;1.34033;1.34067;1383
20260518 1150;1.34067;1.34165;1.34062;1.34161;1483
20260518 1155;1.34161;1.34274;1.34155;1.34182;2216
20260518 1200;1.34182;1.34231;1.34151;1.34228;1424
20260518 1205;1.34228;1.34324;1.34223;1.34313;1359
20260518 1210;1.34313;1.34461;1.34313;1.34444;1696
20260518 1215;1.34444;1.34494;1.34402;1.34421;1374
20260518 1220;1.34421;1.34445;1.34297;1.34326;1689
20260518 1225;1.34326;1.34335;1.34238;1.34245;2329
20260518 1230;1.34245;1.34314;1.34214;1.34294;1918
20260518 1235;1.34294;1.34323;1.34274;1.34281;1169
20260518 1240;1.34281;1.34301;1.34261;1.34284;942
20260518 1245;1.34284;1.34345;1.34272;1.34314;1000
20260518 1250;1.34314;1.34343;1.34282;1.34292;938
20260518 1255;1.34292;1.34335;1.34282;1.34294;1297
20260518 1300;1.34294;1.34317;1.34275;1.34316;1458
20260518 1305;1.34316;1.34346;1.34305;1.34309;974
20260518 1310;1.34309;1.3432;1.34283;1.34284;1011
20260518 1315;1.34284;1.34338;1.34281;1.34316;878
20260518 1320;1.34316;1.34317;1.34289;1.34306;866
20260518 1325;1.34306;1.34321;1.34293;1.34307;724
20260518 1330;1.34307;1.34317;1.34284;1.34284;840
20260518 1335;1.34284;1.34311;1.34273;1.34285;776
20260518 1340;1.34285;1.34312;1.34281;1.34283;788
20260518 1345;1.34283;1.34294;1.34263;1.34263;688
20260518 1350;1.34263;1.34276;1.34251;1.34253;647
20260518 1355;1.34253;1.34258;1.34221;1.34222;660
20260518 1400;1.34222;1.34232;1.34153;1.34184;1103
20260518 1405;1.34184;1.34196;1.34162;1.34183;821
20260518 1410;1.34183;1.34194;1.34173;1.34176;776
20260518 1415;1.34176;1.34183;1.34143;1.34177;1028
20260518 1420;1.34177;1.34186;1.34151;1.34151;892
20260518 1425;1.34151;1.34153;1.34067;1.34135;1650
20260518 1430;1.34135;1.3415;1.34117;1.3414;1049
20260518 1435;1.3414;1.34143;1.34085;1.34093;843
20260518 1440;1.34093;1.34108;1.34073;1.34107;585
20260518 1445;1.34107;1.34113;1.34084;1.34092;682
20260518 1450;1.34092;1.34098;1.34065;1.34073;686
20260518 1455;1.34073;1.34074;1.34014;1.3402;1273
20260518 1500;1.3402;1.34343;1.34004;1.34249;5756
20260518 1505;1.34249;1.34262;1.34184;1.34225;2951
20260518 1510;1.34225;1.34233;1.34192;1.34207;1846
20260518 1515;1.34207;1.3425;1.34189;1.34233;1435
20260518 1520;1.34233;1.34262;1.34208;1.34208;1235
20260518 1525;1.34208;1.34225;1.34192;1.34222;1173
20260518 1530;1.34222;1.3427;1.34218;1.34239;1216
20260518 1535;1.34239;1.3427;1.34238;1.34267;831
20260518 1540;1.34267;1.34284;1.34265;1.34281;902
20260518 1545;1.34281;1.34329;1.34276;1.34313;1086
20260518 1550;1.34313;1.34321;1.34293;1.34313;1050
20260518 1555;1.34313;1.34347;1.34294;1.343;1120
20260518 1600;1.343;1.34337;1.34295;1.34331;904
20260518 1605;1.34331;1.34366;1.34327;1.34355;1633
20260518 1610;1.34355;1.34376;1.34353;1.34373;979
20260518 1615;1.34373;1.34391;1.34372;1.34387;957
20260518 1620;1.34387;1.34387;1.34369;1.34369;291
20260518 1625;1.34369;1.34374;1.34356;1.34371;250
20260518 1630;1.34371;1.34374;1.34347;1.34355;544
20260518 1635;1.34355;1.34361;1.34331;1.34331;970
20260518 1640;1.34331;1.34379;1.34325;1.34371;1426
20260518 1645;1.34371;1.34375;1.34354;1.34355;400
20260518 1650;1.34355;1.34365;1.34342;1.34342;731
20260518 1655;1.34342;1.3436;1.3432;1.34322;691
20260518 1700;1.34322;1.34322;1.34233;1.34234;14
20260518 1705;1.34234;1.34277;1.34201;1.34204;117
20260518 1710;1.34204;1.3427;1.34204;1.34245;59
20260518 1715;1.34245;1.34246;1.34236;1.34236;40
20260518 1720;1.34236;1.34247;1.34234;1.34247;54
20260518 1725;1.34247;1.34264;1.34244;1.34255;72
20260518 1730;1.34255;1.3426;1.34239;1.34253;152
20260518 1735;1.34253;1.34257;1.34252;1.34257;68
20260518 1740;1.34257;1.34281;1.34256;1.34266;97
20260518 1745;1.34266;1.34323;1.34231;1.34293;180
20260518 1750;1.34293;1.34297;1.34217;1.34231;248
20260518 1755;1.34231;1.34256;1.34223;1.34232;272
20260518 1800;1.34232;1.34352;1.34232;1.34332;312
20260518 1805;1.34332;1.34363;1.34332;1.34346;168
20260518 1810;1.34346;1.34354;1.34327;1.34332;125
20260518 1815;1.34332;1.34349;1.34331;1.34348;117
20260518 1820;1.34348;1.34356;1.34346;1.34356;73
20260518 1825;1.34356;1.34358;1.34346;1.34354;89
20260518 1830;1.34354;1.34366;1.34351;1.3436;117
20260518 1835;1.3436;1.34366;1.34355;1.34366;118
20260518 1840;1.34366;1.34371;1.34349;1.34349;92
20260518 1845;1.34349;1.34352;1.34342;1.34348;91
20260518 1850;1.34348;1.34352;1.34341;1.34342;117
20260518 1855;1.34342;1.34342;1.34339;1.34339;59
20260518 1900;1.34339;1.3435;1.34338;1.34348;225
20260518 1905;1.34348;1.34348;1.34336;1.34339;153
20260518 1910;1.34339;1.34339;1.3433;1.34333;192
20260518 1915;1.34333;1.34333;1.34328;1.34331;91
20260518 1920;1.34331;1.34343;1.3433;1.34338;120
20260518 1925;1.34338;1.34352;1.34337;1.34349;309
20260518 1930;1.34349;1.34351;1.34338;1.34339;247
20260518 1935;1.34339;1.34349;1.34336;1.34348;130
20260518 1940;1.34348;1.34365;1.34348;1.34364;188
20260518 1945;1.34364;1.34365;1.3433;1.34332;216
20260518 1950;1.34332;1.3434;1.34317;1.34321;298
20260518 1955;1.34321;1.34325;1.34312;1.34315;525
20260518 2000;1.34315;1.34344;1.34273;1.34275;1465
20260518 2005;1.34275;1.34286;1.34271;1.34275;1639
20260518 2010;1.34275;1.34294;1.34267;1.34282;898
20260518 2015;1.34282;1.34293;1.34251;1.34292;875
20260518 2020;1.34292;1.34323;1.34282;1.34292;1198
20260518 2025;1.34292;1.34295;1.34273;1.34289;809
20260518 2030;1.34289;1.34305;1.34282;1.34287;811
20260518 2035;1.34287;1.3429;1.34235;1.34239;946
20260518 2040;1.34239;1.34246;1.34224;1.34236;602
20260518 2045;1.34236;1.34246;1.34225;1.34235;663
20260518 2050;1.34235;1.34236;1.34202;1.34206;704
20260518 2055;1.34206;1.34213;1.3419;1.34195;789
20260518 2100;1.34195;1.34198;1.34173;1.34184;977
20260518 2105;1.34184;1.34194;1.34171;1.34184;763
20260518 2110;1.34184;1.34204;1.3418;1.34183;880
20260518 2115;1.34183;1.34205;1.34182;1.34189;949
20260518 2120;1.34189;1.34193;1.34164;1.34171;767
20260518 2125;1.34171;1.34192;1.34171;1.34191;584
20260518 2130;1.34191;1.34192;1.34131;1.34134;1011
20260518 2135;1.34134;1.34201;1.34134;1.34196;810
20260518 2140;1.34196;1.34248;1.34184;1.3424;931
20260518 2145;1.3424;1.34242;1.34204;1.34204;711
20260518 2150;1.34204;1.34212;1.34199;1.3421;648
20260518 2155;1.3421;1.34213;1.34167;1.34169;829
20260518 2200;1.34169;1.34169;1.34131;1.34143;900
20260518 2205;1.34143;1.34143;1.34089;1.34094;1036
20260518 2210;1.34094;1.34123;1.34091;1.34113;700
20260518 2215;1.34113;1.34146;1.34091;1.34143;587
20260518 2220;1.34143;1.34181;1.34143;1.34173;580
20260518 2225;1.34173;1.34182;1.34156;1.34157;676
20260518 2230;1.34157;1.34173;1.34141;1.34165;773
20260518 2235;1.34165;1.3417;1.34149;1.34159;746
20260518 2240;1.34159;1.34177;1.3415;1.34176;571
20260518 2245;1.34176;1.34179;1.34124;1.3414;645
20260518 2250;1.3414;1.34162;1.34132;1.3416;624
20260518 2255;1.34159;1.3417;1.34153;1.34159;661
20260518 2300;1.34159;1.3416;1.34127;1.3414;667
20260518 2305;1.3414;1.34155;1.34138;1.34144;620
20260518 2310;1.34144;1.34164;1.34132;1.34153;544
20260518 2315;1.34153;1.34182;1.34147;1.34172;611
20260518 2320;1.34172;1.34176;1.34155;1.34162;573
20260518 2325;1.34162;1.3419;1.34162;1.3417;520
20260518 2330;1.3417;1.34177;1.34159;1.34168;427
20260518 2335;1.34168;1.3419;1.34168;1.34169;338
20260518 2340;1.34169;1.34183;1.34166;1.34166;452
20260518 2345;1.34166;1.34166;1.34142;1.34156;649
20260518 2350;1.34156;1.3416;1.34138;1.34149;386
20260518 2355;1.34149;1.34151;1.34132;1.34134;612
20260519 0000;1.34134;1.3414;1.34118;1.34123;584
20260519 0005;1.34123;1.34147;1.34122;1.34147;456
20260519 0010;1.34147;1.34152;1.34132;1.34141;604
20260519 0015;1.34141;1.34143;1.34129;1.34135;420
20260519 0020;1.34135;1.34153;1.34119;1.34122;364
20260519 0025;1.34122;1.34133;1.34109;1.34122;521
20260519 0030;1.34122;1.3415;1.34121;1.34129;356
20260519 0035;1.34129;1.34152;1.34124;1.34137;487
20260519 0040;1.34137;1.34143;1.34097;1.34103;606
20260519 0045;1.34103;1.34111;1.3406;1.34064;660
20260519 0050;1.34064;1.34092;1.34064;1.34073;743
20260519 0055;1.34072;1.34083;1.3406;1.34063;562
20260519 0100;1.34063;1.34085;1.34041;1.3406;783
20260519 0105;1.3406;1.3409;1.34049;1.34083;640
20260519 0110;1.34083;1.341;1.34074;1.3408;552
20260519 0115;1.3408;1.34082;1.3406;1.34062;662
20260519 0120;1.34062;1.3407;1.34001;1.34003;893
20260519 0125;1.34003;1.34055;1.33998;1.34041;803
20260519 0130;1.34041;1.34051;1.34019;1.34032;747
20260519 0135;1.34032;1.3408;1.34022;1.34077;718
20260519 0140;1.34077;1.3411;1.34075;1.34091;748
20260519 0145;1.34091;1.34103;1.34075;1.341;822
20260519 0150;1.341;1.34154;1.34098;1.3415;771
20260519 0155;1.3415;1.34172;1.3413;1.34156;773
20260519 0200;1.34156;1.3416;1.34074;1.34105;1236
20260519 0205;1.34105;1.34112;1.34051;1.34066;1345
20260519 0210;1.34066;1.34116;1.34065;1.34074;1179
20260519 0215;1.34074;1.34125;1.34069;1.34123;910
20260519 0220;1.34123;1.34165;1.34122;1.3415;923
20260519 0225;1.3415;1.34156;1.34122;1.34129;1031
20260519 0230;1.34129;1.34132;1.34054;1.34072;1621
20260519 0235;1.34072;1.34075;1.34049;1.34069;833
20260519 0240;1.34069;1.34078;1.3405;1.3407;703
20260519 0245;1.3407;1.34071;1.3397;1.33983;1525
20260519 0250;1.33983;1.34031;1.33981;1.34003;829
20260519 0255;1.34003;1.34041;1.33993;1.33998;895
20260519 0300;1.33998;1.33998;1.33921;1.33921;1331
20260519 0305;1.33921;1.3395;1.33903;1.33924;1553
20260519 0310;1.33924;1.33966;1.339;1.33952;1644
20260519 0315;1.33952;1.33991;1.33949;1.33981;1142
20260519 0320;1.33981;1.33991;1.33942;1.33943;825
20260519 0325;1.33943;1.33965;1.33929;1.33964;667
20260519 0330;1.33964;1.33997;1.33943;1.3398;912
20260519 0335;1.3398;1.34009;1.3397;1.34005;884
20260519 0340;1.34005;1.34005;1.33965;1.33976;1036
20260519 0345;1.33976;1.34063;1.33976;1.34059;1092
20260519 0350;1.34059;1.34067;1.3402;1.34053;1258
20260519 0355;1.34053;1.34062;1.34016;1.3402;1083
20260519 0400;1.3402;1.34023;1.33961;1.34013;1509
20260519 0405;1.34013;1.34022;1.33964;1.33964;1141
20260519 0410;1.33964;1.33972;1.33909;1.33924;1464
20260519 0415;1.33924;1.33981;1.33924;1.33975;1453
20260519 0420;1.33975;1.33975;1.33922;1.33935;1050
20260519 0425;1.33935;1.33972;1.33929;1.33958;1364
20260519 0430;1.33958;1.34015;1.33951;1.34015;1113
20260519 0435;1.34015;1.34018;1.33949;1.33953;1003
20260519 0440;1.33953;1.33964;1.33934;1.33943;860
20260519 0445;1.33943;1.33955;1.33918;1.33935;709
20260519 0450;1.33935;1.33945;1.3389;1.33913;607
20260519 0455;1.33913;1.33937;1.33908;1.33928;709
20260519 0500;1.33928;1.33948;1.33912;1.33944;997
20260519 0505;1.33944;1.33974;1.33932;1.33964;769
20260519 0510;1.33964;1.33964;1.33883;1.339;689
20260519 0515;1.339;1.33904;1.33871;1.33896;880
20260519 0520;1.33896;1.33947;1.33892;1.33946;816
20260519 0525;1.33946;1.33974;1.33923;1.33964;949
20260519 0530;1.33964;1.33975;1.33924;1.33932;912
20260519 0535;1.33932;1.34026;1.33932;1.34023;855
20260519 0540;1.34023;1.34036;1.33994;1.34011;872
20260519 0545;1.34011;1.3404;1.33987;1.34032;969
20260519 0550;1.34032;1.34063;1.3403;1.34049;707
20260519 0555;1.34049;1.34079;1.34021;1.34074;1193
20260519 0600;1.34074;1.34074;1.34037;1.34048;1063
20260519 0605;1.34048;1.34075;1.34048;1.34073;675
20260519 0610;1.34073;1.34096;1.34059;1.34094;786
20260519 0615;1.34094;1.34105;1.3408;1.34104;617
20260519 0620;1.34104;1.34157;1.34097;1.34136;621
20260519 0625;1.34136;1.34158;1.34101;1.34114;433
20260519 0630;1.34114;1.34126;1.34096;1.34112;583
20260519 0635;1.34112;1.34112;1.34015;1.34075;1270
20260519 0640;1.34075;1.34077;1.33933;1.33943;1550
20260519 0645;1.33943;1.34026;1.33937;1.34025;1334
20260519 0650;1.34025;1.34057;1.34023;1.34039;1017
20260519 0655;1.34039;1.34095;1.33982;1.34072;2116
20260519 0700;1.34072;1.34085;1.34042;1.34062;2080
20260519 0705;1.34062;1.34076;1.34035;1.34074;987
20260519 0710;1.34074;1.34076;1.34035;1.34055;1320
20260519 0715;1.34056;1.34085;1.34024;1.34084;827
20260519 0720;1.34084;1.34095;1.34051;1.34053;1038
20260519 0725;1.34053;1.34067;1.34025;1.34053;913
20260519 0730;1.34053;1.34064;1.34044;1.34063;869
20260519 0735;1.34063;1.34084;1.34061;1.34072;777
20260519 0740;1.34072;1.34081;1.34061;1.34072;807
20260519 0745;1.34072;1.34094;1.34053;1.34085;578
20260519 0750;1.34085;1.34086;1.34055;1.34074;867
20260519 0755;1.34074;1.34075;1.3403;1.3403;700
20260519 0800;1.3403;1.34096;1.34021;1.34093;949
20260519 0805;1.34093;1.34117;1.34052;1.34073;901
20260519 0810;1.34073;1.34127;1.34069;1.34116;791
20260519 0815;1.34116;1.34118;1.34092;1.34116;832
20260519 0820;1.34116;1.34137;1.34103;1.34134;759
20260519 0825;1.34134;1.34196;1.34124;1.34172;519
20260519 0830;1.34172;1.34178;1.34109;1.34112;902
20260519 0835;1.34112;1.34139;1.34102;1.34133;968
20260519 0840;1.34133;1.34193;1.34103;1.3412;2863
20260519 0845;1.3412;1.3415;1.34064;1.34085;1396
20260519 0850;1.34085;1.34093;1.34036;1.34044;1281
20260519 0855;1.34044;1.34109;1.34043;1.34075;1452
20260519 0900;1.34075;1.34076;1.34018;1.34033;1338
20260519 0905;1.34033;1.34065;1.33966;1.33995;1760
20260519 0910;1.33995;1.34027;1.33962;1.33973;1447
20260519 0915;1.33973;1.33982;1.33896;1.33902;1285
20260519 0920;1.33902;1.33925;1.33888;1.33904;1634
20260519 0925;1.33904;1.33922;1.33878;1.33905;1377
20260519 0930;1.33905;1.33923;1.3386;1.33903;1889
20260519 0935;1.33903;1.3395;1.33871;1.33933;2240
20260519 0940;1.33933;1.33965;1.33912;1.33956;1713
20260519 0945;1.33956;1.33974;1.33929;1.33963;1855
20260519 0950;1.33963;1.34018;1.33963;1.34016;2460
20260519 0955;1.34016;1.34049;1.34016;1.34018;1630
20260519 1000;1.34018;1.34025;1.33945;1.34017;2345
20260519 1005;1.34017;1.34026;1.33913;1.33939;2705
20260519 1010;1.33939;1.33967;1.33885;1.33888;2335
20260519 1015;1.33888;1.33897;1.33864;1.33874;1732
20260519 1020;1.33874;1.33885;1.33833;1.33835;1775
20260519 1025;1.33835;1.33888;1.33785;1.33866;1940
20260519 1030;1.33866;1.33896;1.33834;1.33852;1927
20260519 1035;1.33852;1.33869;1.3383;1.33852;2052
20260519 1040;1.33852;1.33877;1.33806;1.33839;2464
20260519 1045;1.33839;1.33896;1.33821;1.33842;2164
20260519 1050;1.33842;1.33855;1.33807;1.3381;1386
20260519 1055;1.3381;1.33946;1.33808;1.33926;2945
20260519 1100;1.33926;1.33953;1.33912;1.33944;1964
20260519 1105;1.33944;1.3397;1.33892;1.33931;1494
20260519 1110;1.33931;1.33932;1.3389;1.33926;1195
20260519 1115;1.33926;1.33953;1.33903;1.33931;1350
20260519 1120;1.33931;1.33937;1.33897;1.33923;1444
20260519 1125;1.33923;1.33966;1.33914;1.33942;1584
20260519 1130;1.33942;1.33977;1.33919;1.33949;1600
20260519 1135;1.33949;1.33982;1.33933;1.33976;1290
20260519 1140;1.33976;1.34013;1.33952;1.33952;1279
20260519 1145;1.33952;1.34005;1.33944;1.33993;905
20260519 1150;1.33993;1.33996;1.33953;1.33959;1183
20260519 1155;1.33959;1.34003;1.33955;1.33988;1280
20260519 1200;1.33988;1.33995;1.33942;1.33944;1317
20260519 1205;1.33944;1.3395;1.33912;1.33923;974
20260519 1210;1.33923;1.33937;1.33893;1.33906;1414
20260519 1215;1.33906;1.33935;1.33881;1.33916;1357
20260519 1220;1.33916;1.33966;1.3391;1.33966;1178
20260519 1225;1.33966;1.33987;1.33964;1.33975;1411
20260519 1230;1.33975;1.34025;1.33963;1.33992;1237
20260519 1235;1.33992;1.34006;1.33969;1.34004;1097
20260519 1240;1.34004;1.34016;1.33999;1.34012;985
20260519 1245;1.34012;1.34012;1.33973;1.33983;869
20260519 1250;1.33983;1.34011;1.33974;1.33995;922
20260519 1255;1.33995;1.34005;1.33963;1.33994;1027
20260519 1300;1.33994;1.34075;1.33994;1.34066;1181
20260519 1305;1.34066;1.34073;1.34053;1.34066;590
20260519 1310;1.34066;1.34123;1.3406;1.34113;525
20260519 1315;1.34113;1.34115;1.34095;1.34111;530
20260519 1320;1.34111;1.34117;1.34073;1.34073;509
20260519 1325;1.34073;1.34094;1.34073;1.34092;807
20260519 1330;1.34092;1.34103;1.34052;1.34052;551
20260519 1335;1.34052;1.34082;1.3404;1.3408;762
20260519 1340;1.3408;1.34086;1.34041;1.34077;801
20260519 1345;1.34077;1.34091;1.34067;1.34078;574
20260519 1350;1.34078;1.34114;1.34076;1.34096;648
20260519 1355;1.34096;1.341;1.34079;1.34084;678
20260519 1400;1.34084;1.34112;1.34076;1.34102;719
20260519 1405;1.34102;1.34116;1.34092;1.34109;522
20260519 1410;1.34109;1.34116;1.34095;1.34096;543
20260519 1415;1.34096;1.341;1.34075;1.34084;649
20260519 1420;1.34084;1.34085;1.34047;1.34066;982
20260519 1425;1.34066;1.34096;1.34023;1.34025;929
20260519 1430;1.34025;1.34025;1.33994;1.34016;1198
20260519 1435;1.34016;1.34033;1.34008;1.34026;768
20260519 1440;1.34026;1.34058;1.34022;1.34054;719
20260519 1445;1.34054;1.34056;1.34029;1.34033;670
20260519 1450;1.34033;1.34033;1.33992;1.33995;795
20260519 1455;1.33995;1.34009;1.33969;1.33975;1178
20260519 1500;1.33975;1.34019;1.33967;1.33987;1034
20260519 1505;1.33987;1.33995;1.33974;1.33993;571
20260519 1510;1.33993;1.34034;1.33993;1.34027;658
20260519 1515;1.34027;1.34035;1.34004;1.34012;647
20260519 1520;1.34012;1.34016;1.33986;1.33988;702
20260519 1525;1.33988;1.34004;1.33983;1.34003;770
20260519 1530;1.34003;1.34008;1.33985;1.34;669
20260519 1535;1.34;1.34023;1.33992;1.34012;852
20260519 1540;1.34012;1.34035;1.34003;1.34033;752
20260519 1545;1.34033;1.34037;1.34023;1.34033;629
20260519 1550;1.34033;1.34039;1.34008;1.34009;801
20260519 1555;1.34009;1.3402;1.33992;1.34003;695
20260519 1600;1.34003;1.34003;1.33972;1.33973;467
20260519 1605;1.33973;1.33991;1.33971;1.33988;432
20260519 1610;1.33988;1.33995;1.33983;1.33987;284
20260519 1615;1.33987;1.33991;1.33979;1.33983;263
20260519 1620;1.33983;1.3399;1.33977;1.33984;268
20260519 1625;1.33984;1.3399;1.33982;1.33985;234
20260519 1630;1.33985;1.34027;1.33985;1.34026;259
20260519 1635;1.34026;1.34031;1.34021;1.34023;281
20260519 1640;1.34023;1.34025;1.34007;1.34007;139
20260519 1645;1.34007;1.34007;1.33976;1.33981;468
20260519 1650;1.33981;1.3399;1.33971;1.3398;340
20260519 1655;1.3398;1.3398;1.33933;1.33943;1045
20260519 1700;1.33943;1.33943;1.33885;1.33925;10
20260519 1705;1.33925;1.33963;1.33908;1.33947;372
20260519 1710;1.33947;1.33961;1.33879;1.33961;423
20260519 1715;1.33961;1.33963;1.33883;1.33958;226
20260519 1720;1.33958;1.3398;1.33949;1.33971;57
20260519 1725;1.33971;1.3398;1.33892;1.33937;141
20260519 1730;1.33937;1.3397;1.33934;1.33944;213
20260519 1735;1.33944;1.33986;1.33924;1.33955;352
20260519 1740;1.33955;1.33977;1.33925;1.33937;1283
20260519 1745;1.33937;1.33966;1.33895;1.33936;307
20260519 1750;1.33936;1.33968;1.33927;1.33939;240
20260519 1755;1.33939;1.33998;1.33928;1.33978;394
20260519 1800;1.33978;1.33978;1.33956;1.33974;166
20260519 1805;1.33974;1.33978;1.33958;1.33977;256
20260519 1810;1.33977;1.33978;1.33967;1.33969;267
20260519 1815;1.33969;1.3397;1.33961;1.33968;152
20260519 1820;1.33968;1.3397;1.33961;1.33969;118
20260519 1825;1.33969;1.33969;1.3396;1.3396;98
20260519 1830;1.3396;1.33977;1.33957;1.33973;282
20260519 1835;1.33973;1.3398;1.33964;1.33965;158
20260519 1840;1.33965;1.33965;1.3395;1.33951;181
20260519 1845;1.33951;1.33961;1.3395;1.33951;82
20260519 1850;1.33951;1.33963;1.3395;1.3396;42
20260519 1855;1.3396;1.33972;1.3396;1.33972;97
20260519 1900;1.33972;1.33979;1.33964;1.33976;155
20260519 1905;1.33976;1.33981;1.33969;1.33979;92
20260519 1910;1.33979;1.3399;1.33979;1.33987;181
20260519 1915;1.33987;1.33998;1.33987;1.33992;130
20260519 1920;1.33992;1.34005;1.33992;1.34003;183
20260519 1925;1.34003;1.34005;1.33995;1.34002;148
20260519 1930;1.34002;1.34041;1.34;1.34035;388
20260519 1935;1.34035;1.34039;1.34013;1.34023;566
20260519 1940;1.34023;1.34023;1.34005;1.34015;204
20260519 1945;1.34015;1.34015;1.33991;1.33997;549
20260519 1950;1.33997;1.34005;1.33989;1.33989;360
20260519 1955;1.33989;1.33993;1.33955;1.33956;510
20260519 2000;1.33956;1.33956;1.33914;1.33938;1442
20260519 2005;1.33938;1.33938;1.33889;1.33906;1373
20260519 2010;1.33906;1.33927;1.33896;1.33916;1349
20260519 2015;1.33916;1.3394;1.33902;1.33932;1273
20260519 2020;1.33932;1.33953;1.33924;1.33953;1129
20260519 2025;1.33953;1.34013;1.33953;1.33982;1700
20260519 2030;1.33982;1.34018;1.33975;1.33985;1264
20260519 2035;1.33985;1.34006;1.33955;1.3396;950
20260519 2040;1.3396;1.33966;1.33937;1.33946;631
20260519 2045;1.33946;1.33972;1.33935;1.33966;616
20260519 2050;1.33966;1.33972;1.33944;1.33953;885
20260519 2055;1.33953;1.3396;1.33873;1.33894;1276
20260519 2100;1.33894;1.33905;1.33884;1.33893;1345
20260519 2105;1.33893;1.33905;1.33852;1.33902;1286
20260519 2110;1.33902;1.33914;1.33858;1.33863;1199
20260519 2115;1.33863;1.33888;1.33859;1.33876;847
20260519 2120;1.33876;1.33885;1.33852;1.33856;847
20260519 2125;1.33856;1.33866;1.33802;1.33806;1049
20260519 2130;1.33806;1.33846;1.33796;1.33823;1031
20260519 2135;1.33823;1.33826;1.33781;1.33803;1280
20260519 2140;1.33803;1.33822;1.33785;1.3381;886
20260519 2145;1.3381;1.33839;1.33801;1.33834;833
20260519 2150;1.33834;1.33916;1.33832;1.33859;2116
20260519 2155;1.33859;1.33881;1.33859;1.33868;1125
20260519 2200;1.33868;1.33884;1.33863;1.33883;842
20260519 2205;1.33883;1.33905;1.3388;1.3388;694
20260519 2210;1.3388;1.339;1.33875;1.33895;670
20260519 2215;1.33895;1.33901;1.33873;1.33892;684
20260519 2220;1.33892;1.33962;1.33883;1.33941;1195
20260519 2225;1.33941;1.33944;1.33906;1.33906;768
20260519 2230;1.33906;1.33906;1.33831;1.33877;1594
20260519 2235;1.33877;1.3388;1.33836;1.33864;1381
20260519 2240;1.33864;1.33914;1.33864;1.33894;1076
20260519 2245;1.33894;1.33922;1.33892;1.33908;707
20260519 2250;1.33908;1.33924;1.33902;1.33912;697
20260519 2255;1.33912;1.33916;1.33891;1.33905;711
20260519 2300;1.33905;1.33905;1.33874;1.33893;935
20260519 2305;1.33893;1.33903;1.33884;1.339;639
20260519 2310;1.339;1.33906;1.33884;1.33895;659
20260519 2315;1.33895;1.33932;1.33892;1.33931;636
20260519 2320;1.33931;1.33943;1.33924;1.33943;583
20260519 2325;1.33943;1.33978;1.33937;1.33969;912
20260519 2330;1.33969;1.33984;1.33956;1.33976;1144
20260519 2335;1.33976;1.34024;1.33976;1.34021;867
20260519 2340;1.34021;1.34031;1.34001;1.34012;641
20260519 2345;1.34012;1.34023;1.34001;1.34013;690
20260519 2350;1.34013;1.34014;1.33994;1.34005;630
20260519 2355;1.34005;1.34022;1.33992;1.33994;650
20260520 0000;1.33994;1.34062;1.33994;1.34054;1127
20260520 0005;1.34054;1.34058;1.34035;1.3404;699
20260520 0010;1.3404;1.34043;1.34002;1.34035;757
20260520 0015;1.34035;1.34036;1.33993;1.33996;711
20260520 0020;1.33996;1.34006;1.33987;1.33998;674
20260520 0025;1.33998;1.33998;1.3398;1.33987;563
20260520 0030;1.33987;1.33988;1.33933;1.33934;629
20260520 0035;1.33934;1.33942;1.33912;1.33933;866
20260520 0040;1.33933;1.33945;1.33926;1.33938;589
20260520 0045;1.33938;1.33942;1.33925;1.33929;616
20260520 0050;1.33929;1.33937;1.33921;1.33923;686
20260520 0055;1.33923;1.33927;1.33895;1.33906;626
20260520 0100;1.33906;1.33976;1.33902;1.33933;1240
20260520 0105;1.33933;1.33953;1.33931;1.33932;678
20260520 0110;1.33932;1.33956;1.3393;1.33942;352
20260520 0115;1.33942;1.33949;1.33926;1.33947;511
20260520 0120;1.33947;1.33968;1.33947;1.33958;752
20260520 0125;1.33958;1.33961;1.33906;1.33912;869
20260520 0130;1.33912;1.33965;1.33912;1.33961;1135
20260520 0135;1.33961;1.33966;1.33937;1.33946;777
20260520 0140;1.33946;1.33947;1.33905;1.33915;598
20260520 0145;1.33915;1.33919;1.33894;1.33902;671
20260520 0150;1.33902;1.33934;1.3388;1.33912;999
20260520 0155;1.33912;1.33945;1.33897;1.33911;682
20260520 0200;1.33911;1.33916;1.3376;1.33862;2077
20260520 0205;1.33862;1.33913;1.3384;1.33882;1384
20260520 0210;1.33882;1.33902;1.33866;1.33893;983
20260520 0215;1.33893;1.34011;1.33893;1.34002;1709
20260520 0220;1.34002;1.34032;1.33991;1.34011;2180
20260520 0225;1.34011;1.34065;1.33994;1.34002;1324
20260520 0230;1.34002;1.34005;1.33905;1.33915;1349
20260520 0235;1.33915;1.33928;1.33882;1.33883;1170
20260520 0240;1.33883;1.33904;1.33862;1.33884;690
20260520 0245;1.33884;1.33885;1.33822;1.33824;844
20260520 0250;1.33824;1.33879;1.33821;1.33832;1132
20260520 0255;1.33832;1.33886;1.33828;1.33863;1197
20260520 0300;1.33863;1.33914;1.33824;1.33903;1555
20260520 0305;1.33903;1.33956;1.33902;1.33943;1029
20260520 0310;1.33943;1.33944;1.33898;1.33906;1040
20260520 0315;1.33906;1.33915;1.33865;1.33907;1185
20260520 0320;1.33907;1.33973;1.33907;1.33966;1137
20260520 0325;1.33966;1.33976;1.3394;1.33965;953
20260520 0330;1.33965;1.33965;1.33921;1.33934;1441
20260520 0335;1.33934;1.33943;1.33884;1.33914;1872
20260520 0340;1.33914;1.33926;1.33894;1.33894;1165
20260520 0345;1.33894;1.33926;1.33883;1.33905;869
20260520 0350;1.33905;1.33915;1.33864;1.33883;896
20260520 0355;1.33883;1.33885;1.33852;1.33857;857
20260520 0400;1.33857;1.33925;1.33851;1.33925;1197
20260520 0405;1.33925;1.33928;1.33879;1.33892;1010
20260520 0410;1.33892;1.33892;1.33803;1.33813;1165
20260520 0415;1.33813;1.33853;1.33793;1.33793;1029
20260520 0420;1.33793;1.33819;1.3375;1.33796;1215
20260520 0425;1.33796;1.33835;1.33791;1.33833;1097
20260520 0430;1.33833;1.33865;1.33803;1.33807;1479
20260520 0435;1.33807;1.33845;1.338;1.33837;889
20260520 0440;1.33837;1.33892;1.33834;1.33885;1180
20260520 0445;1.33885;1.33892;1.33841;1.33844;1006
20260520 0450;1.33844;1.33876;1.33833;1.33847;912
20260520 0455;1.33847;1.33854;1.33818;1.33818;690
20260520 0500;1.33818;1.33885;1.33815;1.33883;759
20260520 0505;1.33883;1.33926;1.3388;1.33904;843
20260520 0510;1.33904;1.33908;1.33871;1.33904;892
20260520 0515;1.33904;1.3392;1.33863;1.33888;809
20260520 0520;1.33888;1.33898;1.33848;1.3385;834
20260520 0525;1.3385;1.33854;1.33826;1.33835;832
20260520 0530;1.33835;1.33866;1.33828;1.33864;709
20260520 0535;1.33864;1.33869;1.33837;1.33869;557
20260520 0540;1.33869;1.33883;1.33848;1.33858;549
20260520 0545;1.33858;1.33879;1.33803;1.33815;729
20260520 0550;1.33815;1.33865;1.33814;1.33855;696
20260520 0555;1.33855;1.33867;1.33824;1.33824;736
20260520 0600;1.33824;1.33839;1.33812;1.33823;850
20260520 0605;1.33823;1.33861;1.33822;1.3386;674
20260520 0610;1.3386;1.33898;1.33852;1.33886;672
20260520 0615;1.33886;1.33907;1.33873;1.33899;805
20260520 0620;1.33899;1.33931;1.33891;1.33891;614
20260520 0625;1.33891;1.33912;1.33883;1.33886;491
20260520 0630;1.33886;1.33908;1.33883;1.33906;724
20260520 0635;1.33906;1.33986;1.33905;1.33979;1536
20260520 0640;1.33979;1.3398;1.33951;1.33962;617
20260520 0645;1.33962;1.33984;1.33954;1.33965;690
20260520 0650;1.33965;1.33977;1.33943;1.33976;659
20260520 0655;1.33976;1.33984;1.33951;1.33967;881
20260520 0700;1.33967;1.33977;1.33945;1.33972;663
20260520 0705;1.33972;1.33977;1.33957;1.33962;435
20260520 0710;1.33962;1.33997;1.3396;1.33977;593
20260520 0715;1.33977;1.33986;1.3396;1.3398;516
20260520 0720;1.3398;1.33996;1.33964;1.33995;612
20260520 0725;1.33995;1.34025;1.33993;1.34024;726
20260520 0730;1.34024;1.34036;1.34016;1.34036;480
20260520 0735;1.34036;1.3408;1.34034;1.34065;649
20260520 0740;1.34065;1.3407;1.34;1.34016;939
20260520 0745;1.34016;1.34043;1.33994;1.33995;968
20260520 0750;1.33995;1.33995;1.3395;1.33955;1106
20260520 0755;1.33955;1.33999;1.33954;1.33996;806
20260520 0800;1.33996;1.34033;1.33995;1.34024;924
20260520 0805;1.34024;1.34034;1.34013;1.34026;557
20260520 0810;1.34026;1.34062;1.34021;1.34046;724
20260520 0815;1.34046;1.34056;1.34015;1.34017;752
20260520 0820;1.34017;1.34017;1.33982;1.34012;831
20260520 0825;1.34012;1.34034;1.34001;1.34014;1230
20260520 0830;1.34014;1.34033;1.33989;1.34032;959
20260520 0835;1.34032;1.34055;1.34021;1.34036;828
20260520 0840;1.34036;1.34036;1.33992;1.34006;738
20260520 0845;1.34006;1.34042;1.34003;1.34023;697
20260520 0850;1.34023;1.34023;1.33977;1.33981;716
20260520 0855;1.33981;1.34006;1.3396;1.33974;882
20260520 0900;1.33974;1.33997;1.33943;1.33979;1174
20260520 0905;1.33979;1.34007;1.33974;1.33983;1070
20260520 0910;1.33983;1.33986;1.33968;1.33974;739
20260520 0915;1.33974;1.33982;1.33927;1.33935;801
20260520 0920;1.33935;1.33978;1.33929;1.33954;901
20260520 0925;1.33954;1.33972;1.33924;1.3394;950
20260520 0930;1.3394;1.33994;1.33912;1.33994;1325
20260520 0935;1.33994;1.34004;1.33982;1.33993;1197
20260520 0940;1.33993;1.34001;1.33943;1.33978;1301
20260520 0945;1.33978;1.34064;1.33962;1.33967;2746
20260520 0950;1.33967;1.33976;1.33931;1.33934;1202
20260520 0955;1.33934;1.3395;1.33909;1.33929;1491
20260520 1000;1.33929;1.33942;1.3389;1.33895;1917
20260520 1005;1.33895;1.33903;1.33841;1.33844;1322
20260520 1010;1.33844;1.33931;1.33831;1.339;2490
20260520 1015;1.339;1.34301;1.339;1.34206;9236
20260520 1020;1.34206;1.34307;1.34132;1.34165;5052
20260520 1025;1.34165;1.34202;1.34142;1.34177;2763
20260520 1030;1.34177;1.34331;1.34174;1.34227;3494
20260520 1035;1.34227;1.34269;1.34165;1.34244;2612
20260520 1040;1.34244;1.34252;1.34199;1.34244;2177
20260520 1045;1.34244;1.34285;1.34224;1.34262;2582
20260520 1050;1.34262;1.34347;1.34255;1.34334;2790
20260520 1055;1.34334;1.34404;1.34305;1.34326;2837
20260520 1100;1.34326;1.34396;1.34286;1.34296;2933
20260520 1105;1.34296;1.34312;1.34214;1.34215;2090
20260520 1110;1.34215;1.34268;1.34211;1.34252;1607
20260520 1115;1.34252;1.3463;1.34248;1.34504;9186
20260520 1120;1.34504;1.34554;1.34473;1.34475;4212
20260520 1125;1.34475;1.34495;1.34445;1.34464;2842
20260520 1130;1.34464;1.34576;1.34454;1.34544;2124
20260520 1135;1.34544;1.34574;1.34528;1.34546;1930
20260520 1140;1.34546;1.34576;1.34491;1.34505;2024
20260520 1145;1.34505;1.34534;1.3447;1.34494;1563
20260520 1150;1.34494;1.34503;1.34398;1.34405;1752
20260520 1155;1.34405;1.34445;1.34375;1.3441;2730
20260520 1200;1.3441;1.34496;1.34405;1.34487;1667
20260520 1205;1.34487;1.3454;1.34474;1.34491;1320
20260520 1210;1.34491;1.34529;1.34483;1.34494;1134
20260520 1215;1.34494;1.34499;1.34459;1.34473;1331
20260520 1220;1.34473;1.34474;1.34373;1.34387;2530
20260520 1225;1.34387;1.34415;1.34374;1.34401;1596
20260520 1230;1.34401;1.34405;1.34351;1.34358;1224
20260520 1235;1.34358;1.34408;1.34358;1.34378;996
20260520 1240;1.34378;1.34456;1.34362;1.34454;1750
20260520 1245;1.34454;1.34479;1.34411;1.34446;1959
20260520 1250;1.34446;1.34465;1.34417;1.34421;1449
20260520 1255;1.34421;1.34443;1.34383;1.34417;1506
20260520 1300;1.34417;1.34448;1.34395;1.34428;1601
20260520 1305;1.34428;1.34454;1.34388;1.34408;1202
20260520 1310;1.34408;1.34458;1.34388;1.34444;1821
20260520 1315;1.34444;1.34459;1.3443;1.34436;1270
20260520 1320;1.34436;1.34455;1.34398;1.34406;892
20260520 1325;1.34406;1.34435;1.34391;1.34428;1360
20260520 1330;1.34428;1.34446;1.34389;1.34389;1007
20260520 1335;1.34389;1.34463;1.34382;1.34407;1662
20260520 1340;1.34407;1.34407;1.34383;1.34386;617
20260520 1345;1.34386;1.34414;1.34381;1.34412;775
20260520 1350;1.34412;1.34415;1.34371;1.34374;744
20260520 1355;1.34374;1.34392;1.34347;1.34354;651
20260520 1400;1.34354;1.34371;1.34315;1.34354;1497
20260520 1405;1.34354;1.3438;1.3434;1.34359;666
20260520 1410;1.34359;1.34393;1.34359;1.34387;416
20260520 1415;1.34387;1.34428;1.34383;1.34416;930
20260520 1420;1.34416;1.34435;1.34399;1.34411;739
20260520 1425;1.34411;1.34421;1.34364;1.34418;1561
20260520 1430;1.34418;1.34437;1.34418;1.34436;699
20260520 1435;1.34436;1.34474;1.34434;1.34468;920
20260520 1440;1.34468;1.34476;1.34399;1.34402;1217
20260520 1445;1.34402;1.34446;1.34396;1.34436;1272
20260520 1450;1.34436;1.34484;1.34434;1.34466;982
20260520 1455;1.34466;1.34491;1.34417;1.34423;996
20260520 1500;1.34423;1.34467;1.34409;1.34443;1096
20260520 1505;1.34443;1.34462;1.3443;1.34444;628
20260520 1510;1.34444;1.34455;1.34425;1.34436;469
20260520 1515;1.34436;1.34453;1.34435;1.34446;493
20260520 1520;1.34446;1.34457;1.34437;1.34446;370
20260520 1525;1.34446;1.34467;1.34445;1.34458;423
20260520 1530;1.34458;1.34465;1.34453;1.34457;468
20260520 1535;1.34457;1.34509;1.34456;1.34486;844
20260520 1540;1.34486;1.34489;1.34424;1.34432;842
20260520 1545;1.34432;1.34454;1.34423;1.34426;953
20260520 1550;1.34426;1.34427;1.34403;1.34405;1085
20260520 1555;1.34405;1.34409;1.34372;1.34375;1231
20260520 1600;1.34375;1.34399;1.3437;1.34391;649
20260520 1605;1.34391;1.344;1.34372;1.34374;301
20260520 1610;1.34374;1.34393;1.34371;1.34392;523
20260520 1615;1.34392;1.34398;1.34374;1.34398;664
20260520 1620;1.34398;1.34402;1.34368;1.34374;899
20260520 1625;1.34374;1.34384;1.34368;1.34378;504
20260520 1630;1.34378;1.34387;1.34368;1.34372;435
20260520 1635;1.34372;1.34383;1.3437;1.34372;667
20260520 1640;1.34372;1.34376;1.34355;1.34358;535
20260520 1645;1.34358;1.34365;1.34345;1.34365;555
20260520 1650;1.34365;1.34376;1.34339;1.34349;396
20260520 1655;1.34349;1.3435;1.34331;1.34331;1071
20260520 1700;1.34331;1.34331;1.34299;1.3433;18
20260520 1705;1.3433;1.34337;1.34324;1.34336;20
20260520 1710;1.34336;1.34356;1.34336;1.3435;48
20260520 1715;1.3435;1.34354;1.34343;1.34345;37
20260520 1720;1.34345;1.34348;1.34322;1.34338;76
20260520 1725;1.34338;1.3436;1.34333;1.34349;83
20260520 1730;1.34349;1.34352;1.34329;1.34333;55
20260520 1735;1.34333;1.34338;1.34328;1.34329;65
20260520 1740;1.34329;1.34362;1.34329;1.34337;24
20260520 1745;1.34337;1.34346;1.34334;1.34344;58
20260520 1750;1.34344;1.34345;1.34342;1.34342;72
20260520 1755;1.34342;1.34346;1.34342;1.34343;22
20260520 1800;1.34343;1.34381;1.3434;1.34343;208
20260520 1805;1.34343;1.34345;1.34327;1.34337;93
20260520 1810;1.34337;1.34368;1.34328;1.34367;298
20260520 1815;1.34367;1.34375;1.34348;1.34361;185
20260520 1820;1.34361;1.34378;1.34354;1.34365;129
20260520 1825;1.34365;1.34366;1.34347;1.34354;126
20260520 1830;1.34354;1.34363;1.34351;1.34361;155
20260520 1835;1.34361;1.34369;1.34358;1.34361;117
20260520 1840;1.34361;1.34365;1.34359;1.34362;66
20260520 1845;1.34362;1.34368;1.34358;1.34363;132
20260520 1850;1.34363;1.34363;1.34353;1.34362;107
20260520 1855;1.34362;1.3437;1.34359;1.34359;134
20260520 1900;1.34359;1.34375;1.34359;1.34373;161
20260520 1905;1.34373;1.34384;1.34362;1.34362;117
20260520 1910;1.34362;1.34375;1.34362;1.34372;129
20260520 1915;1.34372;1.34373;1.34356;1.34357;191
20260520 1920;1.34357;1.34358;1.34335;1.34344;251
20260520 1925;1.34344;1.34345;1.3434;1.34344;166
20260520 1930;1.34344;1.34345;1.34338;1.34339;183
20260520 1935;1.34339;1.3434;1.34329;1.34332;146
20260520 1940;1.34332;1.34332;1.34319;1.34325;169
20260520 1945;1.34325;1.34371;1.34323;1.34362;326
20260520 1950;1.34362;1.34364;1.34342;1.34344;341
20260520 1955;1.34344;1.34347;1.34331;1.34342;242
20260520 2000;1.34342;1.34345;1.34308;1.34324;1051
20260520 2005;1.34324;1.34331;1.34307;1.34317;765
20260520 2010;1.34317;1.34338;1.34313;1.34329;701
20260520 2015;1.34329;1.34344;1.34282;1.34304;1025
20260520 2020;1.34304;1.34313;1.34287;1.34313;723
20260520 2025;1.34313;1.34326;1.34296;1.34325;617
20260520 2030;1.34325;1.34343;1.34305;1.34338;566
20260520 2035;1.34338;1.34342;1.34325;1.34334;460
20260520 2040;1.34334;1.34362;1.3433;1.34353;358
20260520 2045;1.34353;1.34366;1.34352;1.34362;473
20260520 2050;1.34362;1.34396;1.34355;1.34383;643
20260520 2055;1.34383;1.34385;1.34365;1.34372;556
20260520 2100;1.34372;1.34402;1.34372;1.34382;827
20260520 2105;1.34382;1.34434;1.34374;1.34429;650
20260520 2110;1.34429;1.3444;1.34407;1.3442;751
20260520 2115;1.3442;1.34452;1.3442;1.34425;762
20260520 2120;1.34425;1.34442;1.3442;1.34432;467
20260520 2125;1.34432;1.34438;1.3442;1.34425;377
20260520 2130;1.34425;1.34427;1.34381;1.34401;1270
20260520 2135;1.34401;1.34423;1.34389;1.34411;640
20260520 2140;1.34411;1.34452;1.34403;1.34404;664
20260520 2145;1.34404;1.34409;1.34372;1.34376;633
20260520 2150;1.34376;1.34378;1.34309;1.34322;1107
20260520 2155;1.34322;1.34353;1.34321;1.34341;1132
20260520 2200;1.34341;1.34373;1.34341;1.34358;793
20260520 2205;1.34358;1.34362;1.34339;1.34344;695
20260520 2210;1.34344;1.34351;1.34328;1.34328;484
20260520 2215;1.34328;1.34338;1.34272;1.34278;611
20260520 2220;1.34278;1.34306;1.34269;1.34293;645
20260520 2225;1.34293;1.34293;1.34254;1.34259;630
20260520 2230;1.34259;1.34284;1.3424;1.34243;918
20260520 2235;1.34243;1.34266;1.34231;1.34232;586
20260520 2240;1.34232;1.34235;1.34211;1.34231;522
20260520 2245;1.34231;1.3425;1.34189;1.34236;755
20260520 2250;1.34236;1.34265;1.34235;1.34253;410
20260520 2255;1.34253;1.34272;1.34253;1.34254;481
20260520 2300;1.34254;1.34294;1.34251;1.34284;498
20260520 2305;1.34284;1.34294;1.34274;1.34293;421
20260520 2310;1.34293;1.34295;1.34261;1.34274;320
20260520 2315;1.34274;1.34293;1.3426;1.34292;410
20260520 2320;1.34292;1.34313;1.34291;1.34293;468
20260520 2325;1.34293;1.34304;1.34288;1.34288;385
20260520 2330;1.34288;1.343;1.3427;1.34272;394
20260520 2335;1.34272;1.3428;1.34269;1.34274;470
20260520 2340;1.34274;1.34303;1.34273;1.34296;334
20260520 2345;1.34296;1.34305;1.34282;1.34289;514
20260520 2350;1.34289;1.34289;1.34264;1.34269;357
20260520 2355;1.34269;1.34285;1.34264;1.3427;540
20260521 0000;1.3427;1.34284;1.34265;1.34282;381
20260521 0005;1.34282;1.34296;1.34259;1.34262;388
20260521 0010;1.34262;1.34286;1.34261;1.34283;356
20260521 0015;1.34283;1.34284;1.34278;1.34283;337
20260521 0020;1.34283;1.34284;1.34256;1.34272;425
20260521 0025;1.34272;1.34285;1.3427;1.34284;307
20260521 0030;1.34284;1.34292;1.34274;1.34279;419
20260521 0035;1.34279;1.34287;1.3427;1.34283;480
20260521 0040;1.34283;1.34299;1.34277;1.34296;375
20260521 0045;1.34296;1.34296;1.34283;1.34292;348
20260521 0050;1.34292;1.34324;1.34292;1.34319;430
20260521 0055;1.34319;1.34332;1.34312;1.34313;381
20260521 0100;1.34313;1.34331;1.34312;1.3432;503
20260521 0105;1.3432;1.34327;1.34309;1.34312;502
20260521 0110;1.34312;1.34321;1.34307;1.34318;366
20260521 0115;1.34318;1.3432;1.34306;1.3431;282
20260521 0120;1.3431;1.34324;1.343;1.34312;365
20260521 0125;1.34312;1.34316;1.34271;1.3429;958
20260521 0130;1.3429;1.34319;1.34274;1.34317;852
20260521 0135;1.34317;1.34318;1.34297;1.34298;561
20260521 0140;1.34298;1.34312;1.34297;1.34307;441
20260521 0145;1.34307;1.34307;1.34261;1.34292;1090
20260521 0150;1.34292;1.34325;1.34289;1.34324;656
20260521 0155;1.34324;1.34335;1.34314;1.34328;705
20260521 0200;1.34328;1.34348;1.34321;1.34336;676
20260521 0205;1.34336;1.34365;1.34336;1.34354;616
20260521 0210;1.34354;1.34384;1.34332;1.34374;651
20260521 0215;1.34374;1.34381;1.34321;1.34328;1146
20260521 0220;1.34328;1.34398;1.34311;1.34369;1673
20260521 0225;1.34369;1.34373;1.34335;1.34364;966
20260521 0230;1.34364;1.34371;1.3433;1.34339;1058
20260521 0235;1.34339;1.34341;1.34312;1.34315;816
20260521 0240;1.34315;1.34322;1.34274;1.34305;849
20260521 0245;1.34305;1.34325;1.34292;1.34304;601
20260521 0250;1.34304;1.34316;1.34296;1.34304;647
20260521 0255;1.34304;1.34354;1.34296;1.34342;902
20260521 0300;1.34342;1.34392;1.34336;1.34352;1406
20260521 0305;1.34352;1.34375;1.34351;1.34372;1167
20260521 0310;1.34372;1.34375;1.34352;1.34354;1889
20260521 0315;1.34354;1.34354;1.34185;1.34186;3666
20260521 0320;1.34186;1.34234;1.34186;1.34212;2283
20260521 0325;1.34212;1.34215;1.34153;1.3417;2324
20260521 0330;1.3417;1.34212;1.34158;1.34211;2494
20260521 0335;1.34211;1.34213;1.34182;1.34212;1221
20260521 0340;1.34212;1.34245;1.34195;1.34243;1383
20260521 0345;1.34243;1.34283;1.34239;1.34262;1790
20260521 0350;1.34262;1.34327;1.34253;1.343;1468
20260521 0355;1.343;1.34307;1.34277;1.34292;1346
20260521 0400;1.34292;1.34374;1.34273;1.34361;1519
20260521 0405;1.34361;1.34389;1.3435;1.34362;1478
20260521 0410;1.34362;1.3448;1.34362;1.34459;2483
20260521 0415;1.34459;1.34548;1.34399;1.34424;2703
20260521 0420;1.34424;1.34443;1.34382;1.34404;1372
20260521 0425;1.34404;1.34484;1.34388;1.34482;1609
20260521 0430;1.34482;1.34482;1.34359;1.34383;1931
20260521 0435;1.34383;1.34385;1.34331;1.34333;1151
20260521 0440;1.34333;1.34351;1.34304;1.3431;1081
20260521 0445;1.3431;1.34395;1.34292;1.34339;1750
20260521 0450;1.34339;1.34385;1.34323;1.34353;1300
20260521 0455;1.34353;1.34383;1.34343;1.34353;1267
20260521 0500;1.34353;1.34383;1.34324;1.34379;1281
20260521 0505;1.34379;1.34431;1.34365;1.34397;1255
20260521 0510;1.34397;1.3443;1.34376;1.34421;1042
20260521 0515;1.34421;1.34457;1.34409;1.34447;927
20260521 0520;1.34447;1.34464;1.34432;1.34433;1021
20260521 0525;1.34433;1.34455;1.34412;1.34447;1051
20260521 0530;1.34447;1.34464;1.34429;1.34447;1099
20260521 0535;1.34447;1.34453;1.34402;1.34419;949
20260521 0540;1.34419;1.34436;1.34388;1.34394;927
20260521 0545;1.34394;1.34415;1.34372;1.34404;1012
20260521 0550;1.34404;1.34424;1.34395;1.34424;774
20260521 0555;1.34424;1.34426;1.34394;1.3442;817
20260521 0600;1.3442;1.34458;1.34414;1.34442;920
20260521 0605;1.34442;1.34444;1.34414;1.3443;717
20260521 0610;1.3443;1.34434;1.34408;1.34422;603
20260521 0615;1.34422;1.34431;1.3439;1.34404;613
20260521 0620;1.34404;1.34404;1.34377;1.34377;552
20260521 0625;1.34377;1.34379;1.34242;1.34277;3895
20260521 0630;1.34277;1.34282;1.34184;1.34229;2333
20260521 0635;1.34229;1.34246;1.34169;1.34184;2045
20260521 0640;1.34184;1.34262;1.3415;1.3424;1932
20260521 0645;1.3424;1.34265;1.34211;1.34243;2126
20260521 0650;1.34243;1.34252;1.34193;1.34251;1620
20260521 0655;1.34251;1.34286;1.34242;1.34245;1193
20260521 0700;1.34245;1.34335;1.34237;1.34321;1521
20260521 0705;1.34321;1.34329;1.34308;1.34325;888
20260521 0710;1.34325;1.34335;1.34283;1.34319;823
20260521 0715;1.34319;1.34345;1.34308;1.34342;752
20260521 0720;1.34342;1.34393;1.34322;1.34351;1607
20260521 0725;1.34351;1.34373;1.3433;1.3437;864
20260521 0730;1.3437;1.34392;1.34355;1.34357;744
20260521 0735;1.34357;1.34358;1.3432;1.34343;662
20260521 0740;1.34343;1.34361;1.34327;1.34333;594
20260521 0745;1.34333;1.34348;1.34281;1.34283;551
20260521 0750;1.34283;1.34312;1.34246;1.34248;825
20260521 0755;1.34248;1.34251;1.34188;1.34217;1486
20260521 0800;1.34217;1.34241;1.34209;1.34213;1360
20260521 0805;1.34213;1.34217;1.34171;1.34187;1339
20260521 0810;1.34187;1.34194;1.34131;1.34162;1110
20260521 0815;1.34162;1.34172;1.34118;1.34168;1201
20260521 0820;1.34168;1.34172;1.34121;1.34163;1113
20260521 0825;1.34163;1.34172;1.34133;1.34139;810
20260521 0830;1.34139;1.34242;1.34133;1.34233;2198
20260521 0835;1.34233;1.34243;1.34178;1.34224;2258
20260521 0840;1.34224;1.34261;1.34193;1.34255;1336
20260521 0845;1.34255;1.34298;1.34227;1.3424;1364
20260521 0850;1.3424;1.34253;1.3421;1.34248;1260
20260521 0855;1.34248;1.34253;1.34131;1.34138;1586
20260521 0900;1.34138;1.34208;1.3413;1.34192;1781
20260521 0905;1.34192;1.342;1.34066;1.34079;1513
20260521 0910;1.34079;1.34099;1.34059;1.34074;1240
20260521 0915;1.34074;1.34095;1.34013;1.34023;1298
20260521 0920;1.34023;1.34105;1.34022;1.34104;1486
20260521 0925;1.34104;1.34111;1.34042;1.34082;1154
20260521 0930;1.34082;1.34085;1.34003;1.34024;1889
20260521 0935;1.34024;1.34036;1.33979;1.33985;2034
20260521 0940;1.33985;1.33993;1.33913;1.33916;960
20260521 0945;1.33916;1.33978;1.33904;1.33954;990
20260521 0950;1.33954;1.34162;1.33952;1.34114;3278
20260521 0955;1.34114;1.34139;1.34038;1.3406;1405
20260521 1000;1.3406;1.34104;1.3406;1.34074;1811
20260521 1005;1.34074;1.34089;1.33994;1.33996;1897
20260521 1010;1.33996;1.3404;1.33961;1.34035;1877
20260521 1015;1.34035;1.34051;1.33979;1.34013;2450
20260521 1020;1.34013;1.34055;1.33987;1.34019;2013
20260521 1025;1.34019;1.3405;1.34015;1.34049;1408
20260521 1030;1.34049;1.34104;1.34049;1.34064;1685
20260521 1035;1.34064;1.34095;1.34052;1.34078;1371
20260521 1040;1.34078;1.34082;1.33993;1.34041;1414
20260521 1045;1.34041;1.3408;1.34021;1.34068;1639
20260521 1050;1.34068;1.3413;1.34039;1.34107;1641
20260521 1055;1.34107;1.34128;1.34056;1.34113;1558
20260521 1100;1.34113;1.34123;1.34051;1.34092;2012
20260521 1105;1.34092;1.34092;1.33956;1.33983;2930
20260521 1110;1.33983;1.34081;1.3397;1.34049;3025
20260521 1115;1.34049;1.34064;1.34033;1.34058;1560
20260521 1120;1.34058;1.34074;1.3401;1.34026;1203
20260521 1125;1.34026;1.34063;1.3402;1.3404;1371
20260521 1130;1.3404;1.34056;1.3399;1.34002;1413
20260521 1135;1.34002;1.34058;1.33991;1.34053;1271
20260521 1140;1.34053;1.34054;1.34;1.34005;1122
20260521 1145;1.34005;1.34054;1.34002;1.34012;1077
20260521 1150;1.34012;1.34024;1.33991;1.34006;1056
20260521 1155;1.34006;1.34065;1.34003;1.34052;1231
20260521 1200;1.34052;1.34105;1.3405;1.34073;1447
20260521 1205;1.34073;1.34084;1.3404;1.3405;1120
20260521 1210;1.3405;1.34072;1.3401;1.34053;1502
20260521 1215;1.34053;1.34064;1.34022;1.34064;970
20260521 1220;1.34064;1.34068;1.34008;1.34042;1465
20260521 1225;1.34042;1.34063;1.3404;1.34061;1113
20260521 1230;1.34061;1.34073;1.3404;1.34057;969
20260521 1235;1.34057;1.34072;1.34034;1.34057;1031
20260521 1240;1.34057;1.34094;1.34049;1.34092;830
20260521 1245;1.34092;1.34093;1.34049;1.34053;671
20260521 1250;1.34053;1.34081;1.34039;1.34078;791
20260521 1255;1.34078;1.34085;1.34061;1.34081;1018
20260521 1300;1.34081;1.34093;1.34063;1.34072;1011
20260521 1305;1.34072;1.34085;1.34054;1.34061;690
20260521 1310;1.34061;1.34202;1.3406;1.34189;4066
20260521 1315;1.34189;1.34357;1.34189;1.34281;5144
20260521 1320;1.34281;1.34381;1.34271;1.34339;3494
20260521 1325;1.34339;1.34369;1.34311;1.34355;1848
20260521 1330;1.34355;1.34399;1.34304;1.34351;2559
20260521 1335;1.34351;1.34391;1.34346;1.34362;1788
20260521 1340;1.34362;1.34433;1.34351;1.34432;1744
20260521 1345;1.34432;1.34452;1.34389;1.34449;2028
20260521 1350;1.34449;1.34492;1.34444;1.34469;1622
20260521 1355;1.34469;1.3449;1.34418;1.34432;1793
20260521 1400;1.34432;1.34479;1.34349;1.34359;2338
20260521 1405;1.34359;1.34403;1.34349;1.34402;1727
20260521 1410;1.34402;1.34424;1.3436;1.34419;1470
20260521 1415;1.34419;1.3444;1.34395;1.34434;1112
20260521 1420;1.34434;1.3448;1.34434;1.34479;930
20260521 1425;1.34479;1.34482;1.34459;1.3446;1052
20260521 1430;1.3446;1.3447;1.3443;1.34461;1013
20260521 1435;1.34461;1.34462;1.34436;1.34452;1092
20260521 1440;1.34452;1.34479;1.34441;1.34446;726
20260521 1445;1.34446;1.34453;1.34348;1.34354;1986
20260521 1450;1.34354;1.34381;1.34211;1.34211;3305
20260521 1455;1.34211;1.34268;1.34204;1.3426;2499
20260521 1500;1.3426;1.34325;1.34253;1.3432;1923
20260521 1505;1.3432;1.3433;1.34253;1.34311;1789
20260521 1510;1.34311;1.3432;1.34284;1.34308;897
20260521 1515;1.34308;1.3435;1.34307;1.34349;1050
20260521 1520;1.34349;1.34377;1.34344;1.34361;862
20260521 1525;1.34361;1.34382;1.3436;1.34378;865
20260521 1530;1.34378;1.3441;1.34378;1.34381;822
20260521 1535;1.34381;1.34408;1.34381;1.34401;538
20260521 1540;1.34401;1.34401;1.3434;1.3434;822
20260521 1545;1.3434;1.3436;1.3433;1.3436;853
20260521 1550;1.3436;1.34378;1.34284;1.34313;1441
20260521 1555;1.34313;1.344;1.34305;1.34358;1792
20260521 1600;1.34358;1.34405;1.34358;1.34372;780
20260521 1605;1.34372;1.3438;1.34351;1.34353;877
20260521 1610;1.34353;1.3436;1.34339;1.34359;256
20260521 1615;1.34359;1.34362;1.34338;1.34347;222
20260521 1620;1.34347;1.34361;1.34344;1.34345;167
20260521 1625;1.34345;1.34369;1.34344;1.34356;338
20260521 1630;1.34356;1.3436;1.34338;1.34339;558
20260521 1635;1.34339;1.34341;1.34335;1.34338;230
20260521 1640;1.34338;1.34349;1.34327;1.34329;626
20260521 1645;1.34329;1.34338;1.34329;1.34329;313
20260521 1650;1.34329;1.34346;1.34322;1.3434;354
20260521 1655;1.3434;1.3434;1.34278;1.34308;774
20260521 1700;1.34308;1.34308;1.34177;1.34182;13
20260521 1705;1.34182;1.34271;1.34162;1.34229;800
20260521 1710;1.34229;1.34308;1.34223;1.34276;192
20260521 1715;1.34276;1.34301;1.34249;1.34255;128
20260521 1720;1.34255;1.34301;1.34255;1.34277;103
20260521 1725;1.34277;1.34286;1.34265;1.34265;47
20260521 1730;1.34265;1.34308;1.34265;1.34282;313
20260521 1735;1.34282;1.3431;1.34232;1.34265;480
20260521 1740;1.34265;1.34293;1.3423;1.34284;655
20260521 1745;1.34284;1.34322;1.34279;1.34296;511
20260521 1750;1.34296;1.34311;1.3423;1.34262;1193
20260521 1755;1.34262;1.34297;1.34224;1.34246;515
20260521 1800;1.34246;1.3434;1.34244;1.34334;106
20260521 1805;1.34334;1.34338;1.34302;1.34305;138
20260521 1810;1.34305;1.34306;1.34288;1.34301;65
20260521 1815;1.34301;1.34312;1.34301;1.34304;82
20260521 1820;1.34304;1.34312;1.34304;1.34307;58
20260521 1825;1.34307;1.34309;1.34303;1.34307;64
20260521 1830;1.34307;1.3431;1.34302;1.34306;89
20260521 1835;1.34306;1.34309;1.34301;1.34301;94
20260521 1840;1.34301;1.34332;1.34301;1.3433;123
20260521 1845;1.3433;1.3434;1.34326;1.34327;107
20260521 1850;1.34327;1.34334;1.34321;1.34325;72
20260521 1855;1.34325;1.34326;1.34316;1.34322;118
20260521 1900;1.34322;1.34336;1.34321;1.34331;159
20260521 1905;1.34331;1.34332;1.3432;1.34322;107
20260521 1910;1.34322;1.34332;1.34321;1.3433;123
20260521 1915;1.3433;1.34331;1.34319;1.3432;127
20260521 1920;1.3432;1.3432;1.3431;1.3431;94
20260521 1925;1.3431;1.34323;1.34309;1.34322;117
20260521 1930;1.34322;1.34323;1.3431;1.34321;111
20260521 1935;1.34321;1.34322;1.34318;1.3432;59
20260521 1940;1.3432;1.34321;1.34311;1.34312;146
20260521 1945;1.34312;1.3433;1.34311;1.34327;301
20260521 1950;1.34327;1.34339;1.34313;1.34315;426
20260521 1955;1.34315;1.34324;1.3431;1.34322;432
20260521 2000;1.34322;1.34326;1.3428;1.34285;1144
20260521 2005;1.34285;1.34311;1.34285;1.34294;1249
20260521 2010;1.34294;1.34297;1.34271;1.34274;788
20260521 2015;1.34274;1.34289;1.34265;1.34269;1054
20260521 2020;1.34269;1.34288;1.3426;1.34271;694
20260521 2025;1.34271;1.34275;1.34256;1.34271;718
20260521 2030;1.34271;1.34282;1.34265;1.34267;604
20260521 2035;1.34267;1.34267;1.34247;1.34251;680
20260521 2040;1.34251;1.34269;1.3425;1.34264;545
20260521 2045;1.34264;1.34278;1.34262;1.3427;550
20260521 2050;1.3427;1.34284;1.34267;1.3427;628
20260521 2055;1.3427;1.3427;1.34253;1.34253;664
20260521 2100;1.34253;1.34268;1.34237;1.34248;966
20260521 2105;1.34248;1.34263;1.34238;1.34249;586
20260521 2110;1.34249;1.34265;1.34244;1.34261;557
20260521 2115;1.34261;1.34269;1.34249;1.34269;871
20260521 2120;1.34269;1.34282;1.34249;1.34251;674
20260521 2125;1.34251;1.34275;1.34247;1.34269;548
20260521 2130;1.34269;1.34278;1.34261;1.34271;660
20260521 2135;1.34271;1.34275;1.34249;1.34268;764
20260521 2140;1.34268;1.343;1.3426;1.34281;776
20260521 2145;1.34281;1.34292;1.34279;1.34291;562
20260521 2150;1.34291;1.34308;1.34281;1.34286;631
20260521 2155;1.34286;1.34286;1.34251;1.34252;621
20260521 2200;1.34252;1.34272;1.34245;1.34269;679
20260521 2205;1.34269;1.34271;1.34254;1.34259;467
20260521 2210;1.34259;1.34269;1.34251;1.34264;528
20260521 2215;1.34264;1.34277;1.34258;1.34266;467
20260521 2220;1.34266;1.34274;1.34255;1.34266;407
20260521 2225;1.34266;1.34269;1.3426;1.34267;532
20260521 2230;1.34267;1.34282;1.34264;1.34281;684
20260521 2235;1.34281;1.34301;1.34275;1.34292;368
20260521 2240;1.34292;1.34305;1.34289;1.34294;438
20260521 2245;1.34294;1.34297;1.34279;1.34288;611
20260521 2250;1.34288;1.34295;1.34259;1.34261;535
20260521 2255;1.34261;1.34271;1.34242;1.34269;599
20260521 2300;1.34269;1.34282;1.34252;1.34255;625
20260521 2305;1.34255;1.34257;1.34234;1.34239;462
20260521 2310;1.34239;1.34248;1.34232;1.34239;394
20260521 2315;1.34239;1.34247;1.34231;1.34241;427
20260521 2320;1.34241;1.34252;1.34238;1.34245;386
20260521 2325;1.34245;1.3426;1.3424;1.3425;392
20260521 2330;1.3425;1.34262;1.34244;1.34248;484
20260521 2335;1.34248;1.34266;1.34241;1.34258;399
20260521 2340;1.34258;1.34266;1.34258;1.3426;262
20260521 2345;1.3426;1.34271;1.34259;1.34266;434
20260521 2350;1.34266;1.34267;1.3425;1.3426;221
20260521 2355;1.3426;1.34268;1.34256;1.34262;299
20260522 0000;1.34262;1.3427;1.34254;1.34263;544
20260522 0005;1.34263;1.34292;1.34261;1.34288;286
20260522 0010;1.34288;1.34297;1.34286;1.34297;300
20260522 0015;1.34297;1.34309;1.34288;1.34298;547
20260522 0020;1.34298;1.34301;1.3429;1.34293;523
20260522 0025;1.34293;1.34296;1.34287;1.34289;381
20260522 0030;1.34289;1.3429;1.34283;1.34284;416
20260522 0035;1.34284;1.34288;1.34276;1.34286;472
20260522 0040;1.34286;1.34298;1.34285;1.34296;281
20260522 0045;1.34296;1.34301;1.34289;1.343;207
20260522 0050;1.343;1.34312;1.343;1.34309;327
20260522 0055;1.34309;1.34317;1.343;1.34303;396
20260522 0100;1.34303;1.34318;1.34298;1.34309;531
20260522 0105;1.34309;1.34323;1.34308;1.34318;352
20260522 0110;1.34318;1.3432;1.343;1.34301;366
20260522 0115;1.34301;1.3431;1.34299;1.343;378
20260522 0120;1.343;1.34303;1.3429;1.3429;342
20260522 0125;1.3429;1.34302;1.34289;1.34296;405
20260522 0130;1.34296;1.34318;1.34294;1.34307;434
20260522 0135;1.34307;1.34312;1.34298;1.343;306
20260522 0140;1.343;1.34301;1.34281;1.34292;366
20260522 0145;1.34292;1.34293;1.34279;1.34291;474
20260522 0150;1.34291;1.34312;1.34282;1.34288;574
20260522 0155;1.34288;1.34288;1.34192;1.34219;1272
20260522 0200;1.34219;1.34238;1.34169;1.34229;1140
20260522 0205;1.34229;1.34252;1.34215;1.34241;1001
20260522 0210;1.34241;1.34263;1.34232;1.34251;766
20260522 0215;1.34251;1.34253;1.34207;1.34253;895
20260522 0220;1.34253;1.34263;1.3424;1.34251;677
20260522 0225;1.34251;1.34284;1.34238;1.34273;973
20260522 0230;1.34273;1.34283;1.34223;1.34239;855
20260522 0235;1.34239;1.34244;1.34189;1.34189;901
20260522 0240;1.34189;1.34224;1.34174;1.34223;1043
20260522 0245;1.34223;1.34233;1.34199;1.34217;956
20260522 0250;1.34217;1.34229;1.34199;1.34208;871
20260522 0255;1.34208;1.34252;1.34206;1.34242;1017
20260522 0300;1.34242;1.34245;1.34165;1.34202;1192
20260522 0305;1.34202;1.34203;1.34169;1.34182;622
20260522 0310;1.34182;1.34194;1.34132;1.34142;814
20260522 0315;1.34142;1.34191;1.34141;1.34191;646
20260522 0320;1.34191;1.34226;1.34172;1.34214;874
20260522 0325;1.34214;1.34253;1.34201;1.34252;748
20260522 0330;1.34252;1.34252;1.34222;1.34248;758
20260522 0335;1.34248;1.34253;1.3422;1.34221;851
20260522 0340;1.34221;1.34244;1.34213;1.34228;763
20260522 0345;1.34228;1.34233;1.34212;1.34232;530
20260522 0350;1.34232;1.34245;1.34221;1.3423;679
20260522 0355;1.3423;1.34256;1.34216;1.34249;646
20260522 0400;1.34249;1.34303;1.34247;1.3429;854
20260522 0405;1.3429;1.34292;1.34259;1.34267;749
20260522 0410;1.34267;1.34288;1.3426;1.34265;465
20260522 0415;1.34265;1.34349;1.34265;1.34348;1283
20260522 0420;1.34348;1.34383;1.3431;1.34346;1154
20260522 0425;1.34346;1.34353;1.34322;1.34339;803
20260522 0430;1.34339;1.34349;1.34259;1.34271;936
20260522 0435;1.34271;1.34312;1.3423;1.34301;2245
20260522 0440;1.34301;1.34319;1.34289;1.34298;1106
20260522 0445;1.34298;1.34316;1.34298;1.34312;758
20260522 0450;1.34312;1.34312;1.34279;1.3428;843
20260522 0455;1.3428;1.34288;1.34253;1.34261;778
20260522 0500;1.34261;1.34282;1.34241;1.34267;1027
20260522 0505;1.34267;1.34269;1.34226;1.34239;952
20260522 0510;1.34239;1.34247;1.34191;1.34198;723
20260522 0515;1.34198;1.34201;1.34166;1.342;737
20260522 0520;1.342;1.34215;1.34199;1.34212;525
20260522 0525;1.34212;1.34242;1.34201;1.34219;718
20260522 0530;1.34219;1.34231;1.34209;1.34221;666
20260522 0535;1.34221;1.34252;1.34212;1.34251;567
20260522 0540;1.34251;1.34271;1.34228;1.34231;633
20260522 0545;1.34231;1.34268;1.34231;1.34267;486
20260522 0550;1.34267;1.34281;1.3425;1.34258;652
20260522 0555;1.34258;1.3428;1.34255;1.34272;777
20260522 0600;1.34272;1.34287;1.34268;1.34277;713
20260522 0605;1.34277;1.34301;1.34277;1.34297;398
20260522 0610;1.34297;1.34323;1.34297;1.34301;773
20260522 0615;1.34301;1.34321;1.34289;1.34305;675
20260522 0620;1.34305;1.34306;1.34271;1.34293;729
20260522 0625;1.34293;1.34293;1.34256;1.34261;617
20260522 0630;1.34261;1.34271;1.34216;1.34219;971
20260522 0635;1.34219;1.34243;1.34207;1.34241;859
20260522 0640;1.34241;1.3425;1.3423;1.34237;620
20260522 0645;1.34237;1.34253;1.34208;1.34209;727
20260522 0650;1.34209;1.34243;1.34208;1.34242;635
20260522 0655;1.34242;1.34242;1.34221;1.34232;805
20260522 0700;1.34232;1.3424;1.34203;1.34223;935
20260522 0705;1.34223;1.34225;1.34197;1.34203;772
20260522 0710;1.34203;1.34206;1.34189;1.34202;443
20260522 0715;1.34202;1.34223;1.34198;1.34202;476
20260522 0720;1.34202;1.34221;1.34197;1.3421;609
20260522 0725;1.3421;1.34217;1.34191;1.34195;674
20260522 0730;1.34195;1.34205;1.34188;1.34194;632
20260522 0735;1.34194;1.34222;1.34191;1.34219;711
20260522 0740;1.34219;1.34237;1.34207;1.34226;626
20260522 0745;1.34226;1.34256;1.34212;1.34237;1409
20260522 0750;1.34237;1.34248;1.34215;1.34216;804
20260522 0755;1.34216;1.34225;1.342;1.3421;889
20260522 0800;1.3421;1.34219;1.3417;1.3417;1238
20260522 0805;1.3417;1.34191;1.34167;1.34181;732
20260522 0810;1.34181;1.34295;1.34181;1.34268;3435
20260522 0815;1.34268;1.34306;1.34234;1.34282;2419
20260522 0820;1.34282;1.34282;1.34191;1.34272;1742
20260522 0825;1.34272;1.34274;1.34207;1.34227;915
20260522 0830;1.34227;1.34242;1.34217;1.3424;740
20260522 0835;1.3424;1.34262;1.34234;1.34261;592
20260522 0840;1.34261;1.3427;1.34232;1.34261;605
20260522 0845;1.34261;1.34331;1.34261;1.34316;744
20260522 0850;1.34316;1.34318;1.34298;1.3431;560
20260522 0855;1.3431;1.3437;1.34297;1.34365;903
20260522 0900;1.34365;1.34402;1.34352;1.34385;1353
20260522 0905;1.34385;1.34597;1.34385;1.3455;1732
20260522 0910;1.3455;1.34631;1.34493;1.34508;2643
20260522 0915;1.34508;1.34528;1.34467;1.34519;1574
20260522 0920;1.34519;1.3452;1.3443;1.34462;1210
20260522 0925;1.34462;1.34513;1.34458;1.34485;1129
20260522 0930;1.34485;1.34491;1.34398;1.34441;2055
20260522 0935;1.34441;1.34471;1.34404;1.34422;1661
20260522 0940;1.34422;1.34441;1.34365;1.34403;2216
20260522 0945;1.34403;1.34417;1.34344;1.34349;1391
20260522 0950;1.34349;1.34405;1.34329;1.34388;1751
20260522 0955;1.34388;1.34388;1.34356;1.34371;494
20260522 1000;1.34371;1.34372;1.34205;1.34253;1681
20260522 1005;1.34253;1.34283;1.34226;1.34282;1160
20260522 1010;1.34282;1.34301;1.34205;1.34216;997
20260522 1015;1.34216;1.3423;1.34177;1.34217;1536
20260522 1020;1.34217;1.34232;1.34192;1.34203;1412
20260522 1025;1.34203;1.34238;1.34197;1.34228;1315
20260522 1030;1.34228;1.34293;1.34213;1.34279;1708
20260522 1035;1.34279;1.3429;1.34254;1.34261;1218
20260522 1040;1.34261;1.34328;1.34261;1.34327;1387
20260522 1045;1.34327;1.34351;1.34274;1.34274;1566
20260522 1050;1.34274;1.34318;1.34235;1.34313;1544
20260522 1055;1.34313;1.34374;1.34298;1.34343;2397
20260522 1100;1.34343;1.34347;1.3429;1.3434;1975
20260522 1105;1.3434;1.344;1.34334;1.34365;1393
20260522 1110;1.34365;1.3438;1.3435;1.34367;918
20260522 1115;1.34367;1.34421;1.34365;1.34368;1315
20260522 1120;1.34368;1.34383;1.3435;1.3437;1058
20260522 1125;1.3437;1.34423;1.34364;1.34391;953
20260522 1130;1.34391;1.34409;1.34373;1.34374;1492
20260522 1135;1.34374;1.34414;1.34371;1.34393;1054
20260522 1140;1.34393;1.34436;1.34379;1.3441;1014
20260522 1145;1.3441;1.34426;1.34374;1.3439;1031
20260522 1150;1.3439;1.34419;1.3438;1.344;1025
20260522 1155;1.344;1.34403;1.34358;1.34368;801
20260522 1200;1.34368;1.34379;1.34336;1.34347;1146
20260522 1205;1.34347;1.34381;1.34341;1.34379;801
20260522 1210;1.34379;1.34407;1.34377;1.34391;946
20260522 1215;1.34391;1.34403;1.34367;1.34388;928
20260522 1220;1.34388;1.34426;1.34385;1.3442;797
20260522 1225;1.3442;1.34448;1.34416;1.34446;958
20260522 1230;1.34446;1.34465;1.34395;1.34403;977
20260522 1235;1.34403;1.34419;1.34396;1.34417;894
20260522 1240;1.34417;1.34438;1.3441;1.34419;647
20260522 1245;1.34419;1.3445;1.34419;1.34437;874
20260522 1250;1.34437;1.34453;1.34418;1.34444;920
20260522 1255;1.34444;1.34446;1.34416;1.34442;738
20260522 1300;1.34442;1.34476;1.3444;1.34466;682
20260522 1305;1.34466;1.3448;1.34445;1.34458;696
20260522 1310;1.34458;1.34478;1.34445;1.3447;713
20260522 1315;1.3447;1.34479;1.34444;1.34445;659
20260522 1320;1.34445;1.3447;1.34435;1.34459;1044
20260522 1325;1.34459;1.34506;1.34423;1.34498;2651
20260522 1330;1.34498;1.34535;1.34471;1.34479;2312
20260522 1335;1.34479;1.34521;1.34462;1.34513;1079
20260522 1340;1.34513;1.3452;1.34492;1.34497;683
20260522 1345;1.34497;1.345;1.34459;1.34478;672
20260522 1350;1.34478;1.34505;1.3447;1.34475;799
20260522 1355;1.34475;1.34512;1.34475;1.34491;561
20260522 1400;1.34491;1.34503;1.34439;1.3449;1088
20260522 1405;1.3449;1.34507;1.34459;1.34475;824
20260522 1410;1.34475;1.34475;1.34449;1.34463;736
20260522 1415;1.34463;1.34472;1.34449;1.34451;696
20260522 1420;1.34451;1.34473;1.34451;1.34465;569
20260522 1425;1.34465;1.34472;1.34449;1.34449;544
20260522 1430;1.34449;1.34462;1.34439;1.3446;460
20260522 1435;1.3446;1.34512;1.34457;1.34468;781
20260522 1440;1.34468;1.34481;1.3446;1.34469;532
20260522 1445;1.34469;1.3448;1.3446;1.34469;561
20260522 1450;1.34469;1.34498;1.34469;1.34492;494
20260522 1455;1.34492;1.34496;1.34477;1.3448;494
20260522 1500;1.3448;1.34482;1.34409;1.34415;857
20260522 1505;1.34415;1.34427;1.344;1.34418;482
20260522 1510;1.34418;1.34427;1.34408;1.34414;247
20260522 1515;1.34414;1.34433;1.34412;1.3443;281
20260522 1520;1.3443;1.3443;1.34415;1.34426;203
20260522 1525;1.34426;1.34432;1.34407;1.34413;282
20260522 1530;1.34413;1.34414;1.34397;1.34402;392
20260522 1535;1.34402;1.3442;1.34398;1.34399;367
20260522 1540;1.34399;1.34409;1.34397;1.344;367
20260522 1545;1.344;1.34406;1.34386;1.34397;403
20260522 1550;1.34397;1.34401;1.34379;1.34386;426
20260522 1555;1.34386;1.34419;1.34386;1.34402;467
20260522 1600;1.34402;1.3441;1.34393;1.34407;441
20260522 1605;1.34407;1.34416;1.34402;1.34415;309
20260522 1610;1.34415;1.34416;1.34401;1.34404;247
20260522 1615;1.34404;1.34411;1.34397;1.34411;180
20260522 1620;1.34411;1.34422;1.3441;1.3441;182
20260522 1625;1.3441;1.34411;1.344;1.34405;75
20260522 1630;1.34405;1.34405;1.34355;1.34369;375
20260522 1635;1.34369;1.3438;1.34363;1.34379;537
20260522 1640;1.34379;1.34379;1.3436;1.34364;211
20260522 1645;1.34364;1.34366;1.34332;1.34344;257
20260522 1650;1.34344;1.34348;1.34316;1.34348;235
20260522 1655;1.34348;1.34358;1.34195;1.34195;499
20260524 1705;1.34587;1.34587;1.34474;1.34487;5
20260524 1710;1.34487;1.34506;1.34455;1.34503;75
20260524 1715;1.34503;1.34507;1.34482;1.34492;37
20260524 1720;1.34492;1.34531;1.34482;1.34531;71
20260524 1725;1.34531;1.34532;1.34522;1.34527;15
20260524 1730;1.34527;1.34532;1.34487;1.3449;22
20260524 1735;1.3449;1.34495;1.34482;1.34489;21
20260524 1740;1.34489;1.34496;1.34482;1.34486;106
20260524 1745;1.34486;1.3449;1.34482;1.34482;134
20260524 1750;1.34482;1.34489;1.34481;1.34489;65
20260524 1755;1.34489;1.3449;1.3448;1.34489;45
20260524 1800;1.34489;1.34756;1.34486;1.34748;764
20260524 1805;1.34748;1.34776;1.34728;1.34772;433
20260524 1810;1.34772;1.34784;1.34757;1.34766;258
20260524 1815;1.34766;1.34782;1.3475;1.34762;290
20260524 1820;1.34762;1.34788;1.34757;1.34778;260
20260524 1825;1.34778;1.34844;1.34778;1.34831;452
20260524 1830;1.34831;1.34861;1.34827;1.3483;522
20260524 1835;1.3483;1.3484;1.34808;1.34824;409
20260524 1840;1.34824;1.34827;1.34807;1.34819;233
20260524 1845;1.34819;1.34837;1.34817;1.34828;253
20260524 1850;1.34828;1.3483;1.348;1.34804;238
20260524 1855;1.34804;1.34838;1.34803;1.34836;282
20260524 1900;1.34836;1.34877;1.34836;1.34875;390
20260524 1905;1.34875;1.3488;1.34863;1.34875;238
20260524 1910;1.34875;1.3488;1.34865;1.34867;114
20260524 1915;1.34867;1.34872;1.34854;1.34859;242
20260524 1920;1.34859;1.34872;1.34858;1.34864;150
20260524 1925;1.34864;1.34864;1.34841;1.34843;191
20260524 1930;1.34843;1.34859;1.34831;1.34845;336
20260524 1935;1.34845;1.34858;1.34839;1.34858;220
20260524 1940;1.34858;1.34861;1.34848;1.34849;370
20260524 1945;1.34849;1.34858;1.34838;1.34843;520
20260524 1950;1.34843;1.34844;1.34816;1.34831;509
20260524 1955;1.34831;1.34833;1.34807;1.34812;421
20260524 2000;1.34812;1.3482;1.34786;1.3479;901
20260524 2005;1.3479;1.34814;1.34788;1.34804;644
20260524 2010;1.34804;1.3482;1.34795;1.34803;704
20260524 2015;1.34803;1.34821;1.34789;1.34821;747
20260524 2020;1.34821;1.34829;1.34801;1.34824;638
20260524 2025;1.34824;1.34824;1.34787;1.34817;746
20260524 2030;1.34817;1.34829;1.34798;1.348;513
20260524 2035;1.348;1.34806;1.34783;1.34789;442
20260524 2040;1.34789;1.34789;1.34767;1.34776;453
20260524 2045;1.34776;1.34881;1.34776;1.34858;865
20260524 2050;1.34858;1.34879;1.34849;1.34868;906
20260524 2055;1.34868;1.34874;1.3477;1.3479;1836
20260524 2100;1.3479;1.34829;1.3478;1.3481;1472
20260524 2105;1.3481;1.3483;1.34779;1.34795;691
20260524 2110;1.34795;1.34869;1.34772;1.34866;896
20260524 2115;1.34866;1.34879;1.3486;1.34877;691
20260524 2120;1.34877;1.34885;1.34867;1.34872;435
20260524 2125;1.34872;1.34901;1.34863;1.34897;562
20260524 2130;1.34897;1.34905;1.34815;1.3483;1181
20260524 2135;1.3483;1.34872;1.3483;1.34866;635
20260524 2140;1.34866;1.34869;1.34827;1.34833;604
20260524 2145;1.34833;1.34849;1.34822;1.34828;517
20260524 2150;1.34828;1.34828;1.34806;1.3481;404
20260524 2155;1.3481;1.34817;1.34788;1.34796;589
20260524 2200;1.34796;1.34813;1.34795;1.34804;371
20260524 2205;1.34804;1.34835;1.34804;1.34824;449
20260524 2210;1.34824;1.34827;1.34795;1.34797;450
20260524 2215;1.34797;1.34802;1.34785;1.34796;393
20260524 2220;1.34796;1.34815;1.34794;1.34809;342
20260524 2225;1.34809;1.34815;1.34795;1.34809;465
20260524 2230;1.34809;1.34811;1.34795;1.34806;332
20260524 2235;1.34806;1.34817;1.34804;1.34805;413
20260524 2240;1.34805;1.34807;1.34785;1.34801;391
20260524 2245;1.34801;1.34807;1.34786;1.34794;445
20260524 2250;1.34794;1.34795;1.34777;1.34778;326
20260524 2255;1.34778;1.34779;1.34754;1.34767;636
20260524 2300;1.34767;1.34789;1.3474;1.34757;717
20260524 2305;1.34757;1.34761;1.34741;1.34757;503
20260524 2310;1.34757;1.34765;1.34754;1.3476;510
20260524 2315;1.3476;1.34762;1.34748;1.34758;607
20260524 2320;1.34758;1.34786;1.34757;1.34768;646
20260524 2325;1.34768;1.34774;1.34759;1.34766;496
20260524 2330;1.34766;1.3478;1.34763;1.34773;648
20260524 2335;1.34773;1.34797;1.34765;1.34771;763
20260524 2340;1.34771;1.34778;1.34761;1.34765;540
20260524 2345;1.34765;1.34765;1.34747;1.34755;490
20260524 2350;1.34755;1.3476;1.34742;1.34748;507
20260524 2355;1.34748;1.3476;1.34743;1.3475;599
20260525 0000;1.3475;1.34762;1.34744;1.34761;361
20260525 0005;1.34761;1.34764;1.34745;1.34748;389
20260525 0010;1.34748;1.34756;1.34745;1.34745;427
20260525 0015;1.34745;1.34749;1.34743;1.34746;280
20260525 0020;1.34746;1.34758;1.34746;1.34747;436
20260525 0025;1.34747;1.34767;1.34747;1.34767;359
20260525 0030;1.34767;1.34787;1.34765;1.34786;491
20260525 0035;1.34786;1.34801;1.34775;1.34789;328
20260525 0040;1.34789;1.3481;1.34787;1.34808;338
20260525 0045;1.34808;1.34828;1.34807;1.3482;279
20260525 0050;1.3482;1.34841;1.34818;1.3484;478
20260525 0055;1.3484;1.34854;1.34829;1.3483;419
20260525 0100;1.3483;1.3485;1.34827;1.34839;591
20260525 0105;1.34839;1.3487;1.34836;1.34857;529
20260525 0110;1.34857;1.34887;1.3485;1.34858;811
20260525 0115;1.34858;1.34871;1.34855;1.34856;320
20260525 0120;1.34856;1.3486;1.34851;1.34854;280
20260525 0125;1.34854;1.34867;1.34852;1.34863;292
20260525 0130;1.34863;1.34877;1.34851;1.34867;487
20260525 0135;1.34867;1.34878;1.34861;1.34875;304
20260525 0140;1.34875;1.34878;1.34855;1.34866;505
20260525 0145;1.34866;1.34879;1.34854;1.34854;403
20260525 0150;1.34854;1.34861;1.34851;1.34859;513
20260525 0155;1.34859;1.34859;1.3481;1.34822;639
20260525 0200;1.34822;1.34829;1.348;1.34809;806
20260525 0205;1.34809;1.3482;1.34799;1.34809;543
20260525 0210;1.34809;1.34839;1.34809;1.34833;619
20260525 0215;1.34833;1.34834;1.34804;1.34805;538
20260525 0220;1.34805;1.34823;1.34784;1.34821;586
20260525 0225;1.34821;1.3483;1.34799;1.34804;801
20260525 0230;1.34804;1.3483;1.34788;1.3483;773
20260525 0235;1.3483;1.3485;1.34826;1.34839;625
20260525 0240;1.34839;1.34839;1.34812;1.34816;553
20260525 0245;1.34816;1.34849;1.34815;1.34842;383
20260525 0250;1.34842;1.34871;1.34839;1.34859;594
20260525 0255;1.34859;1.3487;1.34841;1.34859;776
20260525 0300;1.34859;1.34864;1.34841;1.34845;881
20260525 0305;1.34845;1.34845;1.34786;1.34809;935
20260525 0310;1.34809;1.3483;1.34788;1.3482;649
20260525 0315;1.3482;1.34821;1.34705;1.3472;1448
20260525 0320;1.3472;1.34753;1.34708;1.34748;1120
20260525 0325;1.34748;1.34752;1.3473;1.34738;754
20260525 0330;1.34738;1.348;1.34737;1.34761;1687
20260525 0335;1.34761;1.34781;1.3476;1.34766;653
20260525 0340;1.34766;1.34784;1.34764;1.34767;483
20260525 0345;1.34767;1.34788;1.34755;1.34787;659
20260525 0350;1.34787;1.34798;1.34775;1.34787;424
20260525 0355;1.34787;1.34846;1.34784;1.34845;735
20260525 0400;1.34845;1.34849;1.34784;1.34811;885
20260525 0405;1.34811;1.34881;1.34808;1.34878;903
20260525 0410;1.34878;1.34896;1.34863;1.3487;661
20260525 0415;1.3487;1.34878;1.34861;1.34874;347
20260525 0420;1.34874;1.34885;1.34864;1.34867;475
20260525 0425;1.34867;1.34882;1.34866;1.34875;543
20260525 0430;1.34875;1.34905;1.34873;1.34903;450
20260525 0435;1.34903;1.34911;1.34878;1.34887;591
20260525 0440;1.34887;1.34896;1.34866;1.34868;555
20260525 0445;1.34868;1.34905;1.34866;1.34898;428
20260525 0450;1.34898;1.349;1.3488;1.34899;436
20260525 0455;1.34899;1.34936;1.34881;1.34932;551
20260525 0500;1.34932;1.34945;1.34924;1.34936;486
20260525 0505;1.34936;1.34956;1.34928;1.34936;325
20260525 0510;1.34936;1.34951;1.34925;1.34928;298
20260525 0515;1.34928;1.34939;1.34915;1.34935;421
20260525 0520;1.34935;1.34938;1.34926;1.34931;298
20260525 0525;1.34931;1.34951;1.34928;1.34935;314
20260525 0530;1.34935;1.34949;1.3493;1.34941;345
20260525 0535;1.34941;1.34948;1.34935;1.34946;344
20260525 0540;1.34946;1.34957;1.34943;1.34955;306
20260525 0545;1.34955;1.34959;1.34936;1.34944;292
20260525 0550;1.34944;1.34947;1.34935;1.34938;299
20260525 0555;1.34938;1.34946;1.34924;1.34926;404
20260525 0600;1.34926;1.34948;1.34924;1.34936;372
20260525 0605;1.34936;1.34939;1.34929;1.34931;366
20260525 0610;1.34931;1.34934;1.34912;1.34913;485
20260525 0615;1.34913;1.34938;1.34911;1.3492;503
20260525 0620;1.3492;1.3492;1.34899;1.34902;430
20260525 0625;1.34902;1.34918;1.34891;1.34906;409
20260525 0630;1.34906;1.34908;1.34895;1.34899;430
20260525 0635;1.34899;1.34907;1.34896;1.34906;515
20260525 0640;1.34906;1.34919;1.34898;1.34918;393
20260525 0645;1.34918;1.34926;1.34914;1.34914;267
20260525 0650;1.34914;1.34915;1.34899;1.34905;251
20260525 0655;1.34905;1.34913;1.34898;1.34909;306
20260525 0700;1.34909;1.34912;1.34892;1.34898;306
20260525 0705;1.34898;1.34899;1.34874;1.34886;365
20260525 0710;1.34886;1.34908;1.34886;1.34907;439
20260525 0715;1.34907;1.34931;1.34906;1.34929;305
20260525 0720;1.34929;1.34949;1.34926;1.34946;251
20260525 0725;1.34946;1.34953;1.34939;1.34951;354
20260525 0730;1.34951;1.34994;1.34951;1.3497;774
20260525 0735;1.3497;1.35022;1.34967;1.35021;594
20260525 0740;1.35021;1.35043;1.3502;1.35041;584
20260525 0745;1.35041;1.3506;1.35013;1.35015;663
20260525 0750;1.35015;1.35032;1.35012;1.35029;609
20260525 0755;1.35029;1.35033;1.34981;1.34983;759
20260525 0800;1.34983;1.3501;1.3497;1.35006;930
20260525 0805;1.35006;1.35009;1.3498;1.34993;741
20260525 0810;1.34993;1.35021;1.34993;1.3501;569
20260525 0815;1.3501;1.3502;1.35001;1.35008;498
20260525 0820;1.35008;1.35024;1.3499;1.3501;905
20260525 0825;1.3501;1.35015;1.34996;1.34998;645
20260525 0830;1.34998;1.35059;1.34997;1.35057;704
20260525 0835;1.35057;1.35057;1.35027;1.3503;688
20260525 0840;1.3503;1.35051;1.35028;1.3505;533
20260525 0845;1.3505;1.35067;1.35024;1.35028;1159
20260525 0850;1.35028;1.35035;1.35006;1.35016;674
20260525 0855;1.35016;1.3502;1.35;1.35007;555
20260525 0900;1.35007;1.35028;1.34996;1.35017;769
20260525 0905;1.35017;1.35031;1.35014;1.35026;469
20260525 0910;1.35026;1.35029;1.34981;1.34994;613
20260525 0915;1.34994;1.35;1.3498;1.34997;661
20260525 0920;1.34997;1.35017;1.34996;1.35008;458
20260525 0925;1.35008;1.35022;1.35002;1.35015;438
20260525 0930;1.35015;1.35039;1.35014;1.35031;474
20260525 0935;1.35031;1.35032;1.35013;1.35021;560
20260525 0940;1.35021;1.35027;1.34987;1.34989;737
20260525 0945;1.34989;1.34991;1.34965;1.34986;634
20260525 0950;1.34986;1.35006;1.34976;1.34977;673
20260525 0955;1.34977;1.34981;1.34938;1.34939;560
20260525 1000;1.34939;1.34977;1.34927;1.34971;855
20260525 1005;1.34971;1.34971;1.34947;1.34959;420
20260525 1010;1.34959;1.34959;1.34926;1.3494;402
20260525 1015;1.3494;1.34958;1.34939;1.34958;392
20260525 1020;1.34958;1.3498;1.34958;1.34979;483
20260525 1025;1.34979;1.3498;1.34967;1.34967;411
20260525 1030;1.34967;1.34967;1.34946;1.34963;402
20260525 1035;1.34963;1.34975;1.3496;1.3497;379
20260525 1040;1.3497;1.35011;1.34966;1.35006;629
20260525 1045;1.35006;1.35018;1.34992;1.35;578
20260525 1050;1.35;1.35004;1.34974;1.34985;481
20260525 1055;1.34985;1.3502;1.34984;1.35007;1171
20260525 1100;1.35007;1.35008;1.34969;1.34981;1409
20260525 1105;1.34981;1.34992;1.34957;1.34957;831
20260525 1110;1.34957;1.35054;1.34956;1.34998;2527
20260525 1115;1.34998;1.35019;1.34986;1.35019;847
20260525 1120;1.35019;1.35032;1.35009;1.35018;436
20260525 1125;1.35018;1.35037;1.35011;1.35026;673
20260525 1130;1.35026;1.35032;1.35009;1.35031;327
20260525 1135;1.35031;1.35039;1.35024;1.35035;313
20260525 1140;1.35035;1.35049;1.35021;1.35048;302
20260525 1145;1.35048;1.35052;1.35018;1.35021;298
20260525 1150;1.35021;1.35033;1.3502;1.35021;174
20260525 1155;1.35021;1.3505;1.35017;1.35019;338
20260525 1200;1.35019;1.35022;1.34998;1.3501;259
20260525 1205;1.3501;1.35011;1.34994;1.34997;180
20260525 1210;1.34997;1.35011;1.34992;1.35011;329
20260525 1215;1.35011;1.35011;1.34999;1.35;158
20260525 1220;1.35;1.35017;1.34997;1.35008;248
20260525 1225;1.35008;1.35017;1.34998;1.35001;208
20260525 1230;1.35001;1.35011;1.34997;1.35003;627
20260525 1235;1.35003;1.35016;1.34994;1.34995;647
20260525 1240;1.34995;1.35012;1.34988;1.3501;423
20260525 1245;1.3501;1.35023;1.35007;1.35021;308
20260525 1250;1.35021;1.35036;1.35011;1.35014;552
20260525 1255;1.35014;1.3505;1.35014;1.35037;381
20260525 1300;1.35037;1.35044;1.35035;1.35039;124
20260525 1305;1.35039;1.3504;1.35032;1.35037;122
20260525 1310;1.35037;1.35052;1.35036;1.35042;103
20260525 1315;1.35042;1.35059;1.35042;1.35056;110
20260525 1320;1.35056;1.35058;1.35048;1.35056;138
20260525 1325;1.35056;1.35066;1.35053;1.35064;187
20260525 1330;1.35064;1.35068;1.35063;1.35065;118
20260525 1335;1.35065;1.35065;1.35057;1.35064;223
20260525 1340;1.35064;1.35074;1.35064;1.35068;127
20260525 1345;1.35068;1.35069;1.3504;1.35049;243
20260525 1350;1.35049;1.35061;1.35046;1.35058;224
20260525 1355;1.35058;1.3506;1.35049;1.35056;168
20260525 1400;1.35056;1.35061;1.35047;1.35049;168
20260525 1405;1.35049;1.35068;1.35047;1.35062;299
20260525 1410;1.35062;1.35069;1.35061;1.35064;235
20260525 1415;1.35064;1.35066;1.35057;1.35057;168
20260525 1420;1.35057;1.35059;1.35049;1.35056;158
20260525 1425;1.35056;1.35059;1.35052;1.35053;230
20260525 1430;1.35053;1.35059;1.35052;1.35054;308
20260525 1435;1.35054;1.35071;1.35054;1.3507;116
20260525 1440;1.3507;1.3507;1.3505;1.35056;181
20260525 1445;1.35056;1.35063;1.35054;1.35063;132
20260525 1450;1.35063;1.35069;1.3506;1.35062;151
20260525 1455;1.35062;1.35072;1.35062;1.35068;119
20260525 1500;1.35068;1.35071;1.35064;1.35067;119
20260525 1505;1.35067;1.3507;1.35062;1.35063;151
20260525 1510;1.35063;1.35066;1.35056;1.35059;151
20260525 1515;1.35059;1.35064;1.35055;1.35062;92
20260525 1520;1.35062;1.35069;1.35058;1.35067;108
20260525 1525;1.35067;1.35071;1.35063;1.35066;112
20260525 1530;1.35066;1.35068;1.35059;1.3506;126
20260525 1535;1.3506;1.35091;1.35055;1.35079;177
20260525 1540;1.35079;1.35088;1.35078;1.35082;225
20260525 1545;1.35082;1.35083;1.35074;1.35077;159
20260525 1550;1.35077;1.35077;1.35067;1.35073;229
20260525 1555;1.35073;1.35088;1.35071;1.35078;217
20260525 1600;1.35078;1.35085;1.35076;1.35078;209
20260525 1605;1.35078;1.35081;1.35075;1.3508;142
20260525 1610;1.3508;1.35083;1.35078;1.35081;117
20260525 1615;1.35081;1.35084;1.35074;1.35079;203
20260525 1620;1.35079;1.35079;1.35066;1.3507;170
20260525 1625;1.3507;1.35081;1.35068;1.35081;140
20260525 1630;1.35081;1.35085;1.35076;1.35081;110
20260525 1635;1.35081;1.35081;1.35064;1.35066;196
20260525 1640;1.35066;1.3507;1.35055;1.35069;368
20260525 1645;1.35069;1.3508;1.35067;1.35077;359
20260525 1650;1.35077;1.35085;1.35066;1.35069;178
20260525 1655;1.35069;1.35075;1.35032;1.35034;186
20260525 1700;1.35034;1.35034;1.34883;1.3497;47
20260525 1705;1.3497;1.35035;1.3497;1.34999;80
20260525 1710;1.34999;1.3505;1.34915;1.34959;137
20260525 1715;1.34959;1.34962;1.34928;1.34947;150
20260525 1720;1.34947;1.34954;1.34922;1.34949;112
20260525 1725;1.34949;1.34966;1.34943;1.34959;49
20260525 1730;1.34959;1.34967;1.34931;1.34938;168
20260525 1735;1.34938;1.3502;1.34931;1.34979;700
20260525 1740;1.34979;1.35002;1.34959;1.34962;391
20260525 1745;1.34962;1.34989;1.3493;1.34943;268
20260525 1750;1.34943;1.34968;1.34941;1.34956;162
20260525 1755;1.34956;1.35004;1.34956;1.35002;179
20260525 1800;1.35002;1.35029;1.34999;1.35002;184
20260525 1805;1.35002;1.35029;1.35002;1.35026;127
20260525 1810;1.35026;1.35054;1.35025;1.35039;171
20260525 1815;1.35039;1.35039;1.35025;1.35027;76
20260525 1820;1.35027;1.35038;1.35023;1.35036;99
20260525 1825;1.35036;1.35038;1.3503;1.35032;64
20260525 1830;1.35032;1.35034;1.35022;1.35029;101
20260525 1835;1.35029;1.35037;1.35024;1.35035;87
20260525 1840;1.35035;1.35048;1.35035;1.35046;81
20260525 1845;1.35046;1.3505;1.35043;1.35046;34
20260525 1850;1.35046;1.35049;1.35043;1.35044;27
20260525 1855;1.35044;1.35046;1.35028;1.35028;111
20260525 1900;1.35028;1.35051;1.35028;1.35048;235
20260525 1905;1.35048;1.3505;1.35028;1.35028;131
20260525 1910;1.35028;1.35038;1.35028;1.35034;96
20260525 1915;1.35034;1.3504;1.35031;1.35032;101
20260525 1920;1.35032;1.35039;1.35011;1.35017;143
20260525 1925;1.35017;1.35023;1.35002;1.35007;209
20260525 1930;1.35007;1.35008;1.34987;1.34998;193
20260525 1935;1.34998;1.35001;1.34987;1.34997;225
20260525 1940;1.34997;1.35;1.34974;1.34982;203
20260525 1945;1.34982;1.35023;1.34981;1.34987;472
20260525 1950;1.34987;1.34987;1.34956;1.34968;444
20260525 1955;1.34968;1.34981;1.34954;1.34958;365
20260525 2000;1.34958;1.34968;1.34927;1.3496;1452
20260525 2005;1.3496;1.34969;1.34936;1.34939;936
20260525 2010;1.34939;1.34959;1.34924;1.3493;747
20260525 2015;1.3493;1.34943;1.34885;1.34888;563
20260525 2020;1.34888;1.34911;1.34879;1.34901;776
20260525 2025;1.34901;1.34926;1.34896;1.34924;651
20260525 2030;1.34924;1.34938;1.3491;1.34922;630
20260525 2035;1.34922;1.34933;1.34909;1.34911;365
20260525 2040;1.34911;1.34927;1.34907;1.34915;479
20260525 2045;1.34915;1.34937;1.34903;1.34924;523
20260525 2050;1.34924;1.34934;1.34921;1.34924;393
20260525 2055;1.34924;1.34952;1.34924;1.34942;490
20260525 2100;1.34942;1.34949;1.34914;1.34917;972
20260525 2105;1.34917;1.34919;1.34888;1.3491;849
20260525 2110;1.3491;1.3494;1.34905;1.34934;694
20260525 2115;1.34934;1.34938;1.34918;1.34927;563
20260525 2120;1.34927;1.34937;1.349;1.34919;778
20260525 2125;1.34919;1.34919;1.34897;1.34905;525
20260525 2130;1.34905;1.34909;1.34884;1.34888;813
20260525 2135;1.34888;1.34888;1.34836;1.34839;675
20260525 2140;1.34839;1.34849;1.34824;1.34842;797
20260525 2145;1.34842;1.34857;1.34838;1.34853;575
20260525 2150;1.34853;1.34866;1.34848;1.34865;472
20260525 2155;1.34865;1.34875;1.34861;1.34868;340
20260525 2200;1.34868;1.34883;1.34863;1.3487;309
20260525 2205;1.3487;1.34899;1.34866;1.34896;355
20260525 2210;1.34896;1.34896;1.34863;1.34866;444
20260525 2215;1.34866;1.34878;1.34864;1.34873;365
20260525 2220;1.34873;1.34878;1.34859;1.34873;571
20260525 2225;1.34873;1.34883;1.34864;1.34868;398
20260525 2230;1.34868;1.34878;1.34866;1.34877;349
20260525 2235;1.34877;1.34879;1.34862;1.34873;459
20260525 2240;1.34873;1.34876;1.34842;1.34845;447
20260525 2245;1.34845;1.34859;1.34831;1.34852;426
20260525 2250;1.34852;1.34864;1.34847;1.34853;378
20260525 2255;1.34853;1.34877;1.34851;1.3487;399
20260525 2300;1.3487;1.34882;1.34864;1.34864;262
20260525 2305;1.34864;1.34886;1.34862;1.34874;303
20260525 2310;1.34874;1.34895;1.34871;1.34881;281
20260525 2315;1.34881;1.34897;1.34878;1.34895;328
20260525 2320;1.34895;1.34908;1.34895;1.34905;231
20260525 2325;1.34905;1.34921;1.34887;1.34887;509
20260525 2330;1.34887;1.3489;1.34883;1.34887;246
20260525 2335;1.34887;1.34897;1.34881;1.34881;253
20260525 2340;1.34881;1.3489;1.34876;1.34882;293
20260525 2345;1.34882;1.34887;1.34875;1.3488;367
20260525 2350;1.3488;1.34883;1.34867;1.34876;239
20260525 2355;1.34876;1.34886;1.34869;1.34884;266
20260526 0000;1.34884;1.34887;1.34857;1.34859;231
20260526 0005;1.34859;1.34868;1.34849;1.34865;308
20260526 0010;1.34865;1.34887;1.34865;1.34887;304
20260526 0015;1.34887;1.34887;1.34866;1.34869;267
20260526 0020;1.34869;1.34871;1.34859;1.34865;208
20260526 0025;1.34865;1.34866;1.34849;1.34852;221
20260526 0030;1.34852;1.34866;1.34845;1.34863;205
20260526 0035;1.34863;1.34864;1.34845;1.34849;268
20260526 0040;1.34849;1.34851;1.3484;1.34845;300
20260526 0045;1.34845;1.34846;1.34832;1.34838;338
20260526 0050;1.34838;1.34844;1.34822;1.34836;291
20260526 0055;1.34836;1.34838;1.34805;1.34808;478
20260526 0100;1.34808;1.34817;1.34786;1.34794;575
20260526 0105;1.34794;1.34811;1.34783;1.34796;580
20260526 0110;1.34796;1.34799;1.34778;1.34786;340
20260526 0115;1.34786;1.34793;1.34776;1.34777;319
20260526 0120;1.34777;1.34782;1.34774;1.34777;302
20260526 0125;1.34777;1.34787;1.34776;1.34784;498
20260526 0130;1.34784;1.34799;1.34777;1.34782;767
20260526 0135;1.34782;1.34796;1.34776;1.34779;417
20260526 0140;1.34779;1.34781;1.34765;1.34777;309
20260526 0145;1.34777;1.34779;1.34756;1.34765;311
20260526 0150;1.34765;1.34765;1.34752;1.34759;282
20260526 0155;1.34759;1.3476;1.34742;1.3475;425
20260526 0200;1.3475;1.34758;1.34735;1.34743;976
20260526 0205;1.34743;1.3476;1.34739;1.34752;501
20260526 0210;1.34752;1.34768;1.34751;1.34765;339
20260526 0215;1.34765;1.34781;1.34756;1.34778;587
20260526 0220;1.34778;1.34807;1.34777;1.34807;540
20260526 0225;1.34807;1.3485;1.34797;1.34797;1510
20260526 0230;1.34797;1.34808;1.34751;1.34782;1250
20260526 0235;1.34782;1.34806;1.34773;1.34791;672
20260526 0240;1.34791;1.34797;1.34758;1.34791;775
20260526 0245;1.34791;1.34798;1.34768;1.34791;709
20260526 0250;1.34791;1.34801;1.34779;1.34786;753
20260526 0255;1.34786;1.34789;1.34762;1.34775;988
20260526 0300;1.34775;1.34782;1.34693;1.34701;1466
20260526 0305;1.34701;1.34742;1.34646;1.34688;2204
20260526 0310;1.34688;1.34741;1.34686;1.34736;1313
20260526 0315;1.34736;1.34737;1.34689;1.34718;1029
20260526 0320;1.34718;1.34739;1.34689;1.3469;895
20260526 0325;1.3469;1.34717;1.34676;1.34709;808
20260526 0330;1.34709;1.34771;1.34678;1.34722;2047
20260526 0335;1.34722;1.34722;1.34693;1.34711;1424
20260526 0340;1.34711;1.34723;1.34696;1.34707;1099
20260526 0345;1.34707;1.34739;1.34676;1.34737;1074
20260526 0350;1.34737;1.34745;1.34708;1.34712;1002
20260526 0355;1.34712;1.34757;1.34712;1.34748;1375
20260526 0400;1.34748;1.34769;1.34715;1.34755;2010
20260526 0405;1.34755;1.34771;1.34751;1.34761;878
20260526 0410;1.34761;1.34809;1.34753;1.34759;879
20260526 0415;1.34759;1.34779;1.34757;1.34769;754
20260526 0420;1.34769;1.34794;1.34767;1.34788;545
20260526 0425;1.34788;1.34789;1.34735;1.34757;939
20260526 0430;1.34757;1.34782;1.34741;1.34758;888
20260526 0435;1.34758;1.34772;1.34742;1.34748;699
20260526 0440;1.34748;1.34752;1.34721;1.34727;751
20260526 0445;1.34727;1.34744;1.3472;1.3474;521
20260526 0450;1.3474;1.34794;1.34735;1.34779;637
20260526 0455;1.34779;1.34782;1.3474;1.34749;863
20260526 0500;1.34749;1.34754;1.34723;1.3474;1055
20260526 0505;1.3474;1.34781;1.34729;1.3478;820
20260526 0510;1.3478;1.34786;1.34767;1.34777;464
20260526 0515;1.34777;1.34813;1.3475;1.34797;949
20260526 0520;1.34797;1.34811;1.34766;1.34787;829
20260526 0525;1.34787;1.3482;1.34766;1.34817;641
20260526 0530;1.34817;1.34832;1.34804;1.34826;847
20260526 0535;1.34826;1.34828;1.34799;1.34809;534
20260526 0540;1.34809;1.3482;1.34785;1.34788;534
20260526 0545;1.34788;1.34818;1.34784;1.34816;434
20260526 0550;1.34816;1.34818;1.3479;1.34812;596
20260526 0555;1.34812;1.34847;1.34812;1.34837;970
20260526 0600;1.34837;1.34839;1.34788;1.34789;878
20260526 0605;1.34789;1.3482;1.34778;1.34817;555
20260526 0610;1.34817;1.34822;1.34809;1.34813;524
20260526 0615;1.34813;1.34823;1.34802;1.34819;516
20260526 0620;1.34819;1.34823;1.34792;1.34802;538
20260526 0625;1.34802;1.3484;1.348;1.3483;970
20260526 0630;1.3483;1.34863;1.34821;1.34847;1469
20260526 0635;1.34847;1.34864;1.3481;1.34817;856
20260526 0640;1.34817;1.34837;1.34804;1.34826;870
20260526 0645;1.34826;1.34839;1.34813;1.34832;587
20260526 0650;1.34832;1.34874;1.34832;1.3487;817
20260526 0655;1.3487;1.34892;1.34846;1.34848;857
20260526 0700;1.34848;1.34882;1.34839;1.34872;883
20260526 0705;1.34872;1.34887;1.34869;1.34883;712
20260526 0710;1.34883;1.34894;1.3485;1.3485;628
20260526 0715;1.3485;1.34887;1.34844;1.34858;833
20260526 0720;1.34858;1.34858;1.34839;1.34842;705
20260526 0725;1.34842;1.34845;1.34806;1.3481;632
20260526 0730;1.3481;1.34823;1.34779;1.34793;1139
20260526 0735;1.34793;1.34806;1.34745;1.34766;1557
20260526 0740;1.34766;1.34768;1.34696;1.34696;1304
20260526 0745;1.34696;1.34709;1.34684;1.34697;1033
20260526 0750;1.34697;1.34708;1.34684;1.34694;800
20260526 0755;1.34694;1.34702;1.34682;1.34691;1225
20260526 0800;1.34691;1.34695;1.34667;1.3469;1107
20260526 0805;1.3469;1.347;1.34659;1.34689;1780
20260526 0810;1.34689;1.34714;1.34673;1.3469;1258
20260526 0815;1.3469;1.34728;1.34683;1.34718;982
20260526 0820;1.34718;1.34748;1.34716;1.34728;848
20260526 0825;1.34728;1.34747;1.34724;1.3474;825
20260526 0830;1.3474;1.34741;1.34718;1.34739;759
20260526 0835;1.34739;1.34739;1.3468;1.34681;1042
20260526 0840;1.34681;1.34722;1.3468;1.34698;940
20260526 0845;1.34698;1.34718;1.34678;1.34693;800
20260526 0850;1.34693;1.34704;1.3468;1.34683;809
20260526 0855;1.34683;1.34689;1.34665;1.3467;755
20260526 0900;1.3467;1.34689;1.34646;1.34657;1018
20260526 0905;1.34657;1.34674;1.34647;1.34661;1348
20260526 0910;1.34661;1.34682;1.34651;1.34665;1341
20260526 0915;1.34665;1.3468;1.34657;1.34658;1038
20260526 0920;1.34658;1.34703;1.34657;1.3469;1196
20260526 0925;1.3469;1.34699;1.34635;1.34637;966
20260526 0930;1.34637;1.34662;1.34626;1.34643;1941
20260526 0935;1.34643;1.34682;1.34627;1.34665;1643
20260526 0940;1.34665;1.34665;1.34623;1.34631;1403
20260526 0945;1.34631;1.3468;1.34622;1.34668;1518
20260526 0950;1.34668;1.34674;1.34566;1.34602;2436
20260526 0955;1.34602;1.34639;1.346;1.34631;1095
20260526 1000;1.34631;1.34688;1.34603;1.34662;1606
20260526 1005;1.34662;1.34663;1.34621;1.34632;1630
20260526 1010;1.34632;1.34652;1.34605;1.3462;1272
20260526 1015;1.3462;1.34625;1.34599;1.34608;1137
20260526 1020;1.34608;1.34638;1.34596;1.34611;1067
20260526 1025;1.34611;1.3462;1.3458;1.34604;1182
20260526 1030;1.34604;1.34641;1.3459;1.3464;1453
20260526 1035;1.3464;1.3469;1.34634;1.3464;1345
20260526 1040;1.3464;1.34661;1.34609;1.34613;1006
20260526 1045;1.34613;1.34634;1.34597;1.34612;1280
20260526 1050;1.34612;1.3462;1.34538;1.34548;1418
20260526 1055;1.34548;1.34555;1.34494;1.34496;2265
20260526 1100;1.34496;1.34503;1.34443;1.34458;2235
20260526 1105;1.34458;1.34483;1.34419;1.34425;1622
20260526 1110;1.34425;1.34476;1.34418;1.34441;1057
20260526 1115;1.34441;1.34445;1.34379;1.3439;1244
20260526 1120;1.3439;1.34401;1.34346;1.34351;1159
20260526 1125;1.34351;1.34433;1.34348;1.34422;1515
20260526 1130;1.34422;1.34449;1.34404;1.3441;1471
20260526 1135;1.3441;1.34419;1.34369;1.34388;1317
20260526 1140;1.34388;1.34395;1.3436;1.34388;1075
20260526 1145;1.34388;1.3441;1.3437;1.34399;990
20260526 1150;1.34399;1.34401;1.34375;1.34389;942
20260526 1155;1.34389;1.34399;1.34347;1.34357;1103
20260526 1200;1.34357;1.34385;1.34346;1.34382;1513
20260526 1205;1.34382;1.3441;1.34379;1.34408;750
20260526 1210;1.34408;1.34438;1.34393;1.34422;1136
20260526 1215;1.34422;1.34481;1.34422;1.34479;842
20260526 1220;1.34479;1.34489;1.34455;1.3446;582
20260526 1225;1.3446;1.34463;1.34439;1.34457;681
20260526 1230;1.34457;1.34478;1.34452;1.3447;788
20260526 1235;1.3447;1.34471;1.34429;1.34438;632
20260526 1240;1.34438;1.34448;1.34409;1.34412;727
20260526 1245;1.34412;1.3443;1.34397;1.34412;941
20260526 1250;1.34412;1.34421;1.34395;1.344;869
20260526 1255;1.344;1.34417;1.344;1.34412;688
20260526 1300;1.34412;1.34431;1.34409;1.3441;837
20260526 1305;1.3441;1.34453;1.34407;1.34451;941
20260526 1310;1.34451;1.34481;1.3444;1.3446;600
20260526 1315;1.3446;1.34471;1.34454;1.34462;336
20260526 1320;1.34462;1.34466;1.34441;1.34446;703
20260526 1325;1.34446;1.34456;1.34427;1.3443;543
20260526 1330;1.3443;1.34464;1.34426;1.3446;600
20260526 1335;1.3446;1.3446;1.34428;1.34429;561
20260526 1340;1.34429;1.3443;1.3439;1.34396;563
20260526 1345;1.34396;1.34419;1.34384;1.34416;654
20260526 1350;1.34416;1.34424;1.34399;1.34411;531
20260526 1355;1.34411;1.3442;1.34388;1.3441;618
20260526 1400;1.3441;1.34415;1.3439;1.34406;688
20260526 1405;1.34406;1.34414;1.34397;1.34409;462
20260526 1410;1.34409;1.34434;1.34409;1.34427;570
20260526 1415;1.34427;1.34431;1.34409;1.3443;646
20260526 1420;1.3443;1.34436;1.34416;1.3442;479
20260526 1425;1.3442;1.34428;1.34416;1.34418;576
20260526 1430;1.34418;1.34441;1.34418;1.34433;632
20260526 1435;1.34433;1.34439;1.34427;1.34431;590
20260526 1440;1.34431;1.34431;1.34409;1.34429;628
20260526 1445;1.34429;1.34441;1.34428;1.34435;456
20260526 1450;1.34435;1.34459;1.3443;1.34448;511
20260526 1455;1.34448;1.3445;1.34435;1.34447;371
20260526 1500;1.34447;1.34458;1.34425;1.34448;577
20260526 1505;1.34448;1.34453;1.34426;1.34436;439
20260526 1510;1.34436;1.34448;1.34426;1.34426;548
20260526 1515;1.34426;1.3444;1.34424;1.34435;286
20260526 1520;1.34435;1.34459;1.34435;1.34459;492
20260526 1525;1.34459;1.3446;1.34445;1.34445;528
20260526 1530;1.34445;1.34479;1.34445;1.34477;522
20260526 1535;1.34477;1.34491;1.34467;1.34475;466
20260526 1540;1.34475;1.34488;1.34472;1.34485;337
20260526 1545;1.34485;1.3449;1.34476;1.3449;431
20260526 1550;1.3449;1.345;1.34486;1.34487;504
20260526 1555;1.34487;1.34489;1.34476;1.34487;786
20260526 1600;1.34487;1.34511;1.34484;1.34508;530
20260526 1605;1.34508;1.34537;1.34508;1.34517;378
20260526 1610;1.34517;1.34528;1.34516;1.34517;104
20260526 1615;1.34517;1.34519;1.3451;1.34511;177
20260526 1620;1.34511;1.34519;1.34499;1.34501;230
20260526 1625;1.34501;1.34504;1.34479;1.34479;522
20260526 1630;1.34479;1.34504;1.34479;1.34488;230
20260526 1635;1.34488;1.34496;1.34475;1.34477;224
20260526 1640;1.34477;1.34482;1.34474;1.34478;125
20260526 1645;1.34478;1.34488;1.34478;1.34486;186
20260526 1650;1.34486;1.34486;1.34474;1.34478;213
20260526 1655;1.34478;1.34483;1.3445;1.34462;738
20260526 1700;1.34462;1.34462;1.34373;1.34448;30
20260526 1705;1.34448;1.3445;1.34444;1.34448;9
20260526 1710;1.34448;1.34452;1.34428;1.34449;27
20260526 1715;1.34449;1.34451;1.34447;1.34448;9
20260526 1720;1.34448;1.34451;1.34446;1.34448;8
20260526 1725;1.34448;1.34451;1.34446;1.3445;34
20260526 1730;1.3445;1.34453;1.34446;1.3445;25
20260526 1735;1.3445;1.34487;1.34432;1.3448;337
20260526 1740;1.3448;1.34483;1.34424;1.34449;602
20260526 1745;1.34449;1.34474;1.34424;1.34466;244
20260526 1750;1.34466;1.34475;1.34462;1.34469;140
20260526 1755;1.34469;1.34475;1.34462;1.3447;214
20260526 1800;1.3447;1.34506;1.3447;1.34496;394
20260526 1805;1.34496;1.34496;1.34474;1.34479;267
20260526 1810;1.34479;1.34484;1.34468;1.34476;222
20260526 1815;1.34476;1.3448;1.34472;1.34475;119
20260526 1820;1.34475;1.34485;1.34473;1.3448;99
20260526 1825;1.3448;1.34485;1.34476;1.34482;62
20260526 1830;1.34482;1.34483;1.34478;1.34482;43
20260526 1835;1.34482;1.34484;1.34478;1.34482;40
20260526 1840;1.34482;1.34492;1.34482;1.3449;76
20260526 1845;1.3449;1.34493;1.34485;1.34488;133
20260526 1850;1.34488;1.34495;1.34488;1.34493;179
20260526 1855;1.34493;1.34506;1.34492;1.34502;110
20260526 1900;1.34502;1.34511;1.34499;1.34507;141
20260526 1905;1.34507;1.34508;1.34501;1.34502;75
20260526 1910;1.34502;1.34506;1.34501;1.34506;100
20260526 1915;1.34506;1.34525;1.34506;1.34518;114
20260526 1920;1.34518;1.34537;1.34518;1.34536;112
20260526 1925;1.34536;1.34543;1.3453;1.34541;168
20260526 1930;1.34541;1.34565;1.34536;1.34557;151
20260526 1935;1.34557;1.34567;1.34555;1.34565;108
20260526 1940;1.34565;1.34586;1.34562;1.34578;211
20260526 1945;1.34578;1.34588;1.34566;1.34566;291
20260526 1950;1.34566;1.3457;1.34556;1.34566;244
20260526 1955;1.34566;1.34566;1.34539;1.34544;404
20260526 2000;1.34544;1.34574;1.34539;1.34557;812
20260526 2005;1.34557;1.34567;1.34547;1.34549;508
20260526 2010;1.34549;1.34566;1.34547;1.34563;425
20260526 2015;1.34563;1.34575;1.34551;1.34563;533
20260526 2020;1.34563;1.34573;1.34551;1.34564;399
20260526 2025;1.34564;1.34573;1.34555;1.34565;526
20260526 2030;1.34565;1.34568;1.34552;1.34553;434
20260526 2035;1.34553;1.34564;1.34543;1.34546;546
20260526 2040;1.34546;1.34565;1.34543;1.34561;395
20260526 2045;1.34561;1.3458;1.34556;1.34557;550
20260526 2050;1.34557;1.34567;1.34544;1.3455;773
20260526 2055;1.3455;1.34556;1.3454;1.34553;716
20260526 2100;1.34553;1.34555;1.34537;1.34546;619
20260526 2105;1.34546;1.34555;1.34533;1.34538;576
20260526 2110;1.34538;1.34556;1.34537;1.34546;573
20260526 2115;1.34546;1.34555;1.34533;1.34537;533
20260526 2120;1.34537;1.34557;1.3453;1.34545;421
20260526 2125;1.34545;1.34548;1.34519;1.34531;459
20260526 2130;1.34531;1.34533;1.34492;1.34496;1327
20260526 2135;1.34496;1.34509;1.34472;1.34479;609
20260526 2140;1.34479;1.34499;1.34479;1.34495;553
20260526 2145;1.34495;1.34499;1.34459;1.34478;472
20260526 2150;1.34478;1.34481;1.34465;1.34469;488
20260526 2155;1.34469;1.34475;1.3446;1.3447;396
20260526 2200;1.3447;1.34525;1.34468;1.34516;1151
20260526 2205;1.34516;1.34517;1.34496;1.34506;647
20260526 2210;1.34506;1.34517;1.34486;1.34497;527
20260526 2215;1.34497;1.34515;1.34489;1.34493;580
20260526 2220;1.34493;1.34501;1.34479;1.34495;459
20260526 2225;1.34495;1.34509;1.34486;1.3449;413
20260526 2230;1.3449;1.34506;1.34488;1.34506;419
20260526 2235;1.34506;1.34508;1.34485;1.34486;413
20260526 2240;1.34486;1.34502;1.34485;1.34495;453
20260526 2245;1.34495;1.34516;1.34493;1.34516;369
20260526 2250;1.34516;1.34538;1.34515;1.34527;422
20260526 2255;1.34527;1.34536;1.34513;1.34523;618
20260526 2300;1.34523;1.34575;1.34522;1.34558;534
20260526 2305;1.34558;1.34585;1.34555;1.34567;572
20260526 2310;1.34567;1.34569;1.34546;1.34552;415
20260526 2315;1.34552;1.34557;1.34543;1.34548;299
20260526 2320;1.34548;1.3455;1.34534;1.3455;253
20260526 2325;1.3455;1.34555;1.34541;1.34551;318
20260526 2330;1.34551;1.34557;1.3454;1.34545;478
20260526 2335;1.34545;1.34545;1.34529;1.34536;375
20260526 2340;1.34536;1.34545;1.34535;1.34542;272
20260526 2345;1.34542;1.34547;1.34532;1.34536;264
20260526 2350;1.34536;1.3455;1.3453;1.34547;274
20260526 2355;1.34547;1.34551;1.34533;1.34545;596
20260527 0000;1.34545;1.34549;1.34539;1.34544;549
20260527 0005;1.34544;1.34554;1.34541;1.34548;197
20260527 0010;1.34548;1.34561;1.34546;1.34548;274
20260527 0015;1.34548;1.34549;1.34543;1.34545;261
20260527 0020;1.34545;1.34565;1.34542;1.34544;333
20260527 0025;1.34544;1.34548;1.34528;1.34528;420
20260527 0030;1.34528;1.34551;1.34526;1.34546;374
20260527 0035;1.34546;1.34548;1.34538;1.34547;404
20260527 0040;1.34547;1.34557;1.34534;1.34557;269
20260527 0045;1.34557;1.34557;1.34544;1.34552;334
20260527 0050;1.34552;1.34552;1.34537;1.34546;261
20260527 0055;1.34546;1.34548;1.3453;1.34539;317
20260527 0100;1.34539;1.34568;1.34533;1.34566;574
20260527 0105;1.34566;1.34568;1.34549;1.34555;261
20260527 0110;1.34555;1.34559;1.34542;1.34556;259
20260527 0115;1.34556;1.34556;1.34537;1.34539;251
20260527 0120;1.34539;1.34561;1.34535;1.3456;288
20260527 0125;1.3456;1.34564;1.34549;1.34557;341
20260527 0130;1.34557;1.34563;1.34528;1.34528;557
20260527 0135;1.34528;1.34547;1.34524;1.34533;530
20260527 0140;1.34533;1.34537;1.34518;1.34533;512
20260527 0145;1.34533;1.34536;1.34508;1.34515;437
20260527 0150;1.34515;1.3454;1.34512;1.34528;397
20260527 0155;1.34528;1.3453;1.34489;1.34495;555
20260527 0200;1.34495;1.34499;1.34461;1.34467;949
20260527 0205;1.34467;1.34499;1.34465;1.34492;675
20260527 0210;1.34492;1.34501;1.3446;1.34466;544
20260527 0215;1.34466;1.34478;1.3446;1.34469;715
20260527 0220;1.34469;1.3448;1.34448;1.3447;909
20260527 0225;1.3447;1.34473;1.34447;1.34469;764
20260527 0230;1.34469;1.34471;1.34443;1.34465;929
20260527 0235;1.34465;1.34496;1.3446;1.3449;804
20260527 0240;1.3449;1.34542;1.34482;1.3454;639
20260527 0245;1.3454;1.3456;1.34532;1.34549;512
20260527 0250;1.34549;1.34556;1.34511;1.34518;760
20260527 0255;1.34518;1.34538;1.34507;1.34521;930
20260527 0300;1.34521;1.34563;1.34514;1.34527;1085
20260527 0305;1.34527;1.3454;1.34504;1.34509;775
20260527 0310;1.34509;1.34518;1.34495;1.34501;564
20260527 0315;1.34501;1.34508;1.34487;1.34497;703
20260527 0320;1.34497;1.34498;1.34467;1.34477;725
20260527 0325;1.34477;1.34491;1.34468;1.34477;888
20260527 0330;1.34477;1.34488;1.3446;1.34478;705
20260527 0335;1.34478;1.3449;1.34463;1.34489;638
20260527 0340;1.34489;1.3449;1.34462;1.34487;693
20260527 0345;1.34487;1.34489;1.34427;1.34427;814
20260527 0350;1.34427;1.3445;1.34418;1.34447;851
20260527 0355;1.34447;1.34447;1.34424;1.3443;484
20260527 0400;1.3443;1.34474;1.34412;1.34458;945
20260527 0405;1.34458;1.34465;1.34434;1.34451;537
20260527 0410;1.34451;1.34511;1.34444;1.34483;732
20260527 0415;1.34483;1.3452;1.34447;1.34447;948
20260527 0420;1.34447;1.34462;1.34429;1.34434;842
20260527 0425;1.34434;1.34471;1.34429;1.34471;674
20260527 0430;1.34471;1.34471;1.34438;1.34457;610
20260527 0435;1.34457;1.34459;1.34426;1.34436;614
20260527 0440;1.34436;1.3446;1.34436;1.34456;571
20260527 0445;1.34456;1.34476;1.34438;1.3444;563
20260527 0450;1.3444;1.34454;1.34425;1.34425;598
20260527 0455;1.34425;1.34472;1.34418;1.34465;761
20260527 0500;1.34465;1.34481;1.34448;1.34479;842
20260527 0505;1.34479;1.34491;1.34459;1.3449;748
20260527 0510;1.3449;1.34508;1.34479;1.34487;649
20260527 0515;1.34487;1.34511;1.34487;1.34506;542
20260527 0520;1.34506;1.34522;1.34487;1.34488;664
20260527 0525;1.34488;1.34501;1.34474;1.345;415
20260527 0530;1.345;1.345;1.34485;1.34491;438
20260527 0535;1.34491;1.34495;1.34472;1.34474;427
20260527 0540;1.34474;1.34477;1.34459;1.3446;363
20260527 0545;1.3446;1.34468;1.34448;1.34463;547
20260527 0550;1.34463;1.34498;1.34462;1.34497;558
20260527 0555;1.34497;1.34519;1.34451;1.34453;868
20260527 0600;1.34453;1.34455;1.34427;1.34446;768
20260527 0605;1.34446;1.34462;1.34441;1.34452;575
20260527 0610;1.34452;1.34453;1.34427;1.34431;539
20260527 0615;1.34431;1.34431;1.34391;1.34395;666
20260527 0620;1.34395;1.34402;1.34372;1.34387;591
20260527 0625;1.34387;1.34397;1.34359;1.34373;622
20260527 0630;1.34373;1.34403;1.34363;1.34398;849
20260527 0635;1.34398;1.3441;1.34376;1.34382;610
20260527 0640;1.34382;1.34412;1.34376;1.34412;753
20260527 0645;1.34412;1.34422;1.34386;1.34411;745
20260527 0650;1.34411;1.34412;1.3439;1.3441;463
20260527 0655;1.3441;1.34418;1.34389;1.34408;558
20260527 0700;1.34408;1.34429;1.34387;1.34397;788
20260527 0705;1.34397;1.34397;1.3435;1.34369;701
20260527 0710;1.34369;1.34399;1.34342;1.34397;702
20260527 0715;1.34397;1.34416;1.34378;1.3438;842
20260527 0720;1.3438;1.34383;1.34355;1.34381;868
20260527 0725;1.34381;1.34381;1.34355;1.34359;643
20260527 0730;1.34359;1.34372;1.34344;1.34355;798
20260527 0735;1.34355;1.34386;1.34353;1.34364;741
20260527 0740;1.34364;1.34388;1.34354;1.34381;610
20260527 0745;1.34381;1.34386;1.34355;1.34368;641
20260527 0750;1.34368;1.34371;1.34326;1.34326;659
20260527 0755;1.34326;1.34348;1.34303;1.34348;1016
20260527 0800;1.34348;1.34358;1.34326;1.34337;1204
20260527 0805;1.34337;1.34358;1.34336;1.34353;843
20260527 0810;1.34353;1.34357;1.34315;1.34338;996
20260527 0815;1.34338;1.34445;1.34319;1.34378;3308
20260527 0820;1.34378;1.34566;1.3437;1.34455;5064
20260527 0825;1.34455;1.34552;1.34452;1.34531;3189
20260527 0830;1.34531;1.3456;1.34498;1.3451;2015
20260527 0835;1.3451;1.34554;1.34492;1.34533;2427
20260527 0840;1.34533;1.34539;1.34484;1.34488;1375
20260527 0845;1.34488;1.34494;1.34437;1.34468;1239
20260527 0850;1.34468;1.34481;1.3445;1.34478;1295
20260527 0855;1.34478;1.34483;1.34385;1.344;1558
20260527 0900;1.344;1.34479;1.34392;1.34459;1798
20260527 0905;1.34459;1.34479;1.34419;1.34436;1242
20260527 0910;1.34436;1.34465;1.34436;1.34453;1151
20260527 0915;1.34453;1.3448;1.34439;1.34451;1259
20260527 0920;1.34451;1.34453;1.3441;1.3444;1067
20260527 0925;1.3444;1.34474;1.34419;1.34436;1544
20260527 0930;1.34436;1.34488;1.34425;1.34481;1846
20260527 0935;1.34481;1.34489;1.34416;1.34427;1754
20260527 0940;1.34427;1.3446;1.34423;1.34436;1423
20260527 0945;1.34436;1.34476;1.34427;1.34447;1586
20260527 0950;1.34447;1.3448;1.3441;1.34428;1731
20260527 0955;1.34428;1.34472;1.3441;1.34469;1452
20260527 1000;1.34469;1.34491;1.34426;1.34459;1661
20260527 1005;1.34459;1.34482;1.34427;1.34459;1646
20260527 1010;1.34459;1.34521;1.3445;1.3452;1534
20260527 1015;1.3452;1.34568;1.34496;1.34567;1560
20260527 1020;1.34567;1.34579;1.3445;1.34461;2457
20260527 1025;1.34461;1.34506;1.34457;1.34486;1609
20260527 1030;1.34486;1.34537;1.34395;1.34458;3837
20260527 1035;1.34458;1.34517;1.34445;1.34511;1787
20260527 1040;1.34511;1.3453;1.34477;1.34509;1515
20260527 1045;1.34509;1.34534;1.34438;1.34438;1700
20260527 1050;1.34438;1.34445;1.34267;1.34293;2538
20260527 1055;1.34293;1.34295;1.34173;1.34187;4386
20260527 1100;1.34187;1.34269;1.34163;1.34239;3350
20260527 1105;1.34239;1.34296;1.34239;1.3428;1515
20260527 1110;1.3428;1.34302;1.34251;1.34298;1269
20260527 1115;1.34298;1.34299;1.34256;1.34259;1197
20260527 1120;1.34259;1.34284;1.3423;1.34254;1437
20260527 1125;1.34254;1.34289;1.34249;1.34279;1167
20260527 1130;1.34279;1.34316;1.34258;1.34309;2178
20260527 1135;1.34309;1.34311;1.34277;1.34288;1467
20260527 1140;1.34288;1.34305;1.34243;1.34252;1760
20260527 1145;1.34252;1.34289;1.34222;1.3423;2299
20260527 1150;1.3423;1.34252;1.34219;1.34241;1438
20260527 1155;1.34241;1.34293;1.34235;1.34292;1281
20260527 1200;1.34292;1.34293;1.34203;1.34229;2252
20260527 1205;1.34229;1.3425;1.34218;1.34243;1395
20260527 1210;1.34243;1.3427;1.3424;1.34257;982
20260527 1215;1.34257;1.34297;1.34257;1.34296;1010
20260527 1220;1.34296;1.34319;1.3427;1.34272;1132
20260527 1225;1.34272;1.34302;1.34271;1.3429;862
20260527 1230;1.3429;1.34296;1.34272;1.34278;785
20260527 1235;1.34278;1.34292;1.3427;1.34285;745
20260527 1240;1.34285;1.34297;1.34273;1.34276;784
20260527 1245;1.34276;1.34299;1.34275;1.34293;640
20260527 1250;1.34293;1.34318;1.34289;1.34305;724
20260527 1255;1.34305;1.34315;1.3429;1.34307;937
20260527 1300;1.34307;1.34317;1.34273;1.34285;1256
20260527 1305;1.34285;1.34299;1.34206;1.3421;1604
20260527 1310;1.3421;1.34228;1.34188;1.342;1131
20260527 1315;1.342;1.34225;1.34192;1.34208;935
20260527 1320;1.34208;1.34216;1.34186;1.34191;792
20260527 1325;1.34191;1.34206;1.34173;1.34188;693
20260527 1330;1.34188;1.34201;1.34175;1.34181;686
20260527 1335;1.34181;1.34211;1.34171;1.34195;842
20260527 1340;1.34195;1.34208;1.34182;1.34205;551
20260527 1345;1.34205;1.34237;1.34204;1.34237;616
20260527 1350;1.34237;1.34268;1.34234;1.3425;719
20260527 1355;1.3425;1.34284;1.3425;1.34267;870
20260527 1400;1.34267;1.34273;1.34236;1.34243;1061
20260527 1405;1.34243;1.34249;1.34231;1.34236;730
20260527 1410;1.34236;1.34245;1.3422;1.34232;903
20260527 1415;1.34232;1.3426;1.34225;1.34249;844
20260527 1420;1.34249;1.34272;1.34247;1.34247;896
20260527 1425;1.34247;1.34275;1.34246;1.34269;791
20260527 1430;1.34269;1.34288;1.34258;1.34263;1048
20260527 1435;1.34263;1.34276;1.34254;1.34268;689
20260527 1440;1.34268;1.34281;1.34256;1.34272;508
20260527 1445;1.34272;1.34278;1.34265;1.34276;548
20260527 1450;1.34276;1.34291;1.34273;1.34288;369
20260527 1455;1.34288;1.3431;1.34288;1.34297;693
20260527 1500;1.34297;1.34305;1.34285;1.34299;499
20260527 1505;1.34299;1.34316;1.34298;1.34309;394
20260527 1510;1.34309;1.3431;1.34288;1.34299;460
20260527 1515;1.34299;1.34303;1.3429;1.34298;457
20260527 1520;1.34298;1.34327;1.34296;1.34313;490
20260527 1525;1.34313;1.34317;1.34306;1.34311;627
20260527 1530;1.34311;1.34324;1.34296;1.34315;680
20260527 1535;1.34315;1.3433;1.34315;1.34326;390
20260527 1540;1.34326;1.34329;1.34307;1.34311;358
20260527 1545;1.34311;1.34311;1.34298;1.34301;431
20260527 1550;1.34301;1.34302;1.34292;1.34296;282
20260527 1555;1.34296;1.34314;1.34293;1.34307;544
20260527 1600;1.34307;1.34323;1.34296;1.34319;429
20260527 1605;1.34319;1.34326;1.34315;1.34319;160
20260527 1610;1.34319;1.34325;1.34308;1.34318;273
20260527 1615;1.34318;1.34319;1.34309;1.34312;140
20260527 1620;1.34312;1.34312;1.34297;1.34308;131
20260527 1625;1.34308;1.34309;1.34296;1.34299;115
20260527 1630;1.34299;1.34317;1.34299;1.34313;180
20260527 1635;1.34313;1.34313;1.34301;1.34306;154
20260527 1640;1.34306;1.34307;1.34296;1.34304;190
20260527 1645;1.34304;1.34306;1.34293;1.34299;313
20260527 1650;1.34299;1.343;1.34285;1.34286;198
20260527 1655;1.34286;1.3429;1.34258;1.34263;704
20260527 1700;1.34263;1.34264;1.34149;1.34185;22
20260527 1705;1.34185;1.34208;1.34185;1.34208;45
20260527 1710;1.34208;1.34212;1.34191;1.34207;45
20260527 1715;1.34207;1.34213;1.34206;1.34211;48
20260527 1720;1.34211;1.34224;1.34211;1.34215;41
20260527 1725;1.34215;1.34218;1.34209;1.34211;37
20260527 1730;1.34211;1.34222;1.34209;1.34212;97
20260527 1735;1.34212;1.34244;1.34209;1.34241;132
20260527 1740;1.34241;1.34252;1.34241;1.34249;29
20260527 1745;1.34249;1.34279;1.34244;1.34256;250
20260527 1750;1.34256;1.34271;1.34249;1.34258;323
20260527 1755;1.34258;1.3426;1.34222;1.34222;374
20260527 1800;1.34222;1.3428;1.34222;1.34263;264
20260527 1805;1.34263;1.34287;1.34258;1.34286;126
20260527 1810;1.34286;1.34305;1.34281;1.34296;121
20260527 1815;1.34296;1.34304;1.34284;1.34285;82
20260527 1820;1.34285;1.34298;1.34283;1.34297;86
20260527 1825;1.34297;1.34297;1.34273;1.34274;117
20260527 1830;1.34274;1.34275;1.34267;1.34273;191
20260527 1835;1.34273;1.34287;1.34273;1.34287;111
20260527 1840;1.34287;1.34289;1.34276;1.34277;115
20260527 1845;1.34277;1.34278;1.34253;1.34257;166
20260527 1850;1.34257;1.34275;1.34255;1.34274;137
20260527 1855;1.34274;1.34276;1.34272;1.34274;64
20260527 1900;1.34274;1.34276;1.34264;1.34271;129
20260527 1905;1.34271;1.34278;1.3427;1.34277;119
20260527 1910;1.34277;1.34284;1.34277;1.34277;110
20260527 1915;1.34277;1.34287;1.34273;1.34283;133
20260527 1920;1.34283;1.34283;1.34214;1.34225;535
20260527 1925;1.34225;1.34229;1.34214;1.34223;359
20260527 1930;1.34223;1.34223;1.34198;1.34219;444
20260527 1935;1.34219;1.34219;1.34186;1.342;311
20260527 1940;1.342;1.34208;1.34194;1.34206;283
20260527 1945;1.34206;1.34206;1.34193;1.34195;311
20260527 1950;1.34195;1.34197;1.34141;1.3416;598
20260527 1955;1.3416;1.34173;1.34155;1.34157;464
20260527 2000;1.34157;1.34165;1.34143;1.34156;1195
20260527 2005;1.34156;1.34175;1.34147;1.34174;758
20260527 2010;1.34174;1.34174;1.34155;1.34161;649
20260527 2015;1.34161;1.3419;1.34155;1.34176;552
20260527 2020;1.34176;1.34199;1.34169;1.34176;660
20260527 2025;1.34176;1.34191;1.34165;1.34189;594
20260527 2030;1.34189;1.3419;1.3415;1.34158;778
20260527 2035;1.34158;1.34168;1.34148;1.34156;446
20260527 2040;1.34156;1.34166;1.34145;1.34148;433
20260527 2045;1.34148;1.34158;1.34127;1.34129;531
20260527 2050;1.34129;1.34137;1.34107;1.34107;641
20260527 2055;1.34107;1.34143;1.34097;1.34134;677
20260527 2100;1.34134;1.34142;1.34097;1.34109;828
20260527 2105;1.34109;1.34125;1.34101;1.34115;543
20260527 2110;1.34115;1.34129;1.34107;1.34116;599
20260527 2115;1.34116;1.34129;1.34113;1.34117;617
20260527 2120;1.34117;1.34128;1.34098;1.3412;578
20260527 2125;1.3412;1.3412;1.34096;1.34103;654
20260527 2130;1.34103;1.34118;1.34068;1.34084;830
20260527 2135;1.34084;1.3409;1.34068;1.34085;442
20260527 2140;1.34085;1.34087;1.34051;1.34051;535
20260527 2145;1.34051;1.34053;1.3401;1.3403;722
20260527 2150;1.3403;1.34035;1.34015;1.34018;436
20260527 2155;1.34018;1.34022;1.33976;1.33985;681
20260527 2200;1.33985;1.34008;1.33985;1.33998;807
20260527 2205;1.33998;1.34016;1.33988;1.34013;624
20260527 2210;1.34013;1.34027;1.34011;1.34025;541
20260527 2215;1.34025;1.34032;1.34017;1.34031;500
20260527 2220;1.34031;1.3405;1.3403;1.34046;386
20260527 2225;1.34046;1.3405;1.34037;1.34047;252
20260527 2230;1.34047;1.34067;1.34047;1.34062;499
20260527 2235;1.34062;1.34067;1.34029;1.34039;380
20260527 2240;1.34039;1.3404;1.34008;1.34013;627
20260527 2245;1.34013;1.34016;1.33999;1.34011;608
20260527 2250;1.34011;1.34021;1.34002;1.34008;482
20260527 2255;1.34008;1.34021;1.34005;1.34018;425
20260527 2300;1.34018;1.34027;1.34009;1.34012;556
20260527 2305;1.34012;1.34036;1.33986;1.33993;595
20260527 2310;1.33993;1.33994;1.33934;1.33938;656
20260527 2315;1.33938;1.33946;1.33883;1.33892;1031
20260527 2320;1.33892;1.33916;1.33882;1.33889;978
20260527 2325;1.33889;1.33916;1.33887;1.33889;812
20260527 2330;1.33889;1.3389;1.33805;1.33816;1299
20260527 2335;1.33816;1.33836;1.33787;1.33791;1339
20260527 2340;1.33791;1.3381;1.33756;1.33759;1515
20260527 2345;1.33759;1.33779;1.33714;1.33727;1389
20260527 2350;1.33727;1.33729;1.33691;1.33706;1023
20260527 2355;1.33706;1.33706;1.33683;1.33684;752
20260528 0000;1.33684;1.33709;1.33673;1.33709;1011
20260528 0005;1.33709;1.33745;1.33677;1.33745;890
20260528 0010;1.33745;1.33749;1.33714;1.33732;741
20260528 0015;1.33732;1.3375;1.33706;1.33706;952
20260528 0020;1.33706;1.33743;1.33705;1.33735;1209
20260528 0025;1.33735;1.33737;1.33711;1.33714;896
20260528 0030;1.33714;1.33748;1.3371;1.3374;956
20260528 0035;1.3374;1.33767;1.33732;1.33766;709
20260528 0040;1.33766;1.3378;1.33751;1.33762;590
20260528 0045;1.33762;1.33771;1.33748;1.33765;449
20260528 0050;1.33765;1.3378;1.33757;1.33768;601
20260528 0055;1.33768;1.33779;1.33764;1.33773;599
20260528 0100;1.33773;1.33791;1.3376;1.33778;635
20260528 0105;1.33778;1.33792;1.33766;1.33769;450
20260528 0110;1.33769;1.3379;1.3375;1.33786;565
20260528 0115;1.33786;1.33798;1.33777;1.33787;458
20260528 0120;1.33787;1.33818;1.33786;1.3381;388
20260528 0125;1.3381;1.33842;1.3381;1.33834;509
20260528 0130;1.33834;1.3391;1.33833;1.33909;882
20260528 0135;1.33909;1.3392;1.33889;1.33919;687
20260528 0140;1.33919;1.33942;1.33916;1.33928;738
20260528 0145;1.33928;1.33952;1.33928;1.33946;586
20260528 0150;1.33946;1.33959;1.33935;1.33941;590
20260528 0155;1.33941;1.33941;1.33919;1.33921;584
20260528 0200;1.33921;1.33949;1.33905;1.33938;870
20260528 0205;1.33938;1.33961;1.33931;1.33939;671
20260528 0210;1.33939;1.33992;1.33928;1.33982;993
20260528 0215;1.33982;1.33986;1.33956;1.3398;984
20260528 0220;1.3398;1.34019;1.3398;1.34003;1049
20260528 0225;1.34003;1.34023;1.33991;1.33992;1470
20260528 0230;1.33992;1.3405;1.33987;1.34029;1434
20260528 0235;1.34029;1.34078;1.34025;1.34066;1293
20260528 0240;1.34066;1.34067;1.34035;1.34064;1107
20260528 0245;1.34064;1.34077;1.34056;1.34062;1066
20260528 0250;1.34062;1.34063;1.34025;1.34029;1146
20260528 0255;1.34029;1.3406;1.34027;1.34039;1142
20260528 0300;1.34039;1.34097;1.34039;1.34083;2121
20260528 0305;1.34083;1.34096;1.34049;1.34096;1480
20260528 0310;1.34096;1.34116;1.34087;1.34106;1986
20260528 0315;1.34106;1.34106;1.34058;1.34075;1839
20260528 0320;1.34075;1.34077;1.3404;1.34063;1989
20260528 0325;1.34063;1.34064;1.34003;1.34031;1746
20260528 0330;1.34031;1.34068;1.34026;1.34027;2011
20260528 0335;1.34027;1.34028;1.33995;1.34001;1445
20260528 0340;1.34001;1.3403;1.33997;1.34027;991
20260528 0345;1.34027;1.34054;1.34012;1.34042;1193
20260528 0350;1.34042;1.34045;1.34016;1.34025;1104
20260528 0355;1.34025;1.34032;1.34013;1.34025;1128
20260528 0400;1.34025;1.34059;1.34019;1.34055;1676
20260528 0405;1.34055;1.34067;1.34044;1.34051;1076
20260528 0410;1.34051;1.34053;1.33978;1.33997;847
20260528 0415;1.33997;1.33998;1.33973;1.33988;945
20260528 0420;1.33988;1.34027;1.33987;1.34017;851
20260528 0425;1.34017;1.34021;1.33954;1.33994;1256
20260528 0430;1.33994;1.34001;1.33971;1.33979;943
20260528 0435;1.33979;1.33996;1.33974;1.33987;883
20260528 0440;1.33987;1.34005;1.33949;1.3396;986
20260528 0445;1.3396;1.34009;1.33953;1.34008;932
20260528 0450;1.34008;1.34038;1.34;1.34016;781
20260528 0455;1.34016;1.34026;1.33996;1.34016;522
20260528 0500;1.34016;1.34041;1.34009;1.34035;831
20260528 0505;1.34035;1.34053;1.34027;1.34027;1078
20260528 0510;1.34027;1.34079;1.34022;1.34066;1123
20260528 0515;1.34066;1.34071;1.34052;1.34057;1032
20260528 0520;1.34057;1.34097;1.34048;1.34071;1031
20260528 0525;1.34071;1.34082;1.34039;1.34041;1110
20260528 0530;1.34041;1.34048;1.34;1.34016;918
20260528 0535;1.34016;1.34027;1.33996;1.34002;642
20260528 0540;1.34002;1.34028;1.33985;1.33987;871
20260528 0545;1.33987;1.33987;1.33957;1.33978;694
20260528 0550;1.33978;1.34005;1.33972;1.3398;945
20260528 0555;1.3398;1.33982;1.33945;1.33958;1014
20260528 0600;1.33958;1.33971;1.33934;1.33944;1148
20260528 0605;1.33944;1.33956;1.33898;1.33935;1163
20260528 0610;1.33935;1.33952;1.33929;1.33939;901
20260528 0615;1.33939;1.33981;1.33929;1.33932;1357
20260528 0620;1.33932;1.33953;1.33907;1.33948;1410
20260528 0625;1.33948;1.3398;1.33943;1.33979;800
20260528 0630;1.33979;1.33981;1.33956;1.33958;706
20260528 0635;1.33958;1.33961;1.33918;1.33922;717
20260528 0640;1.33922;1.33922;1.33871;1.33883;1159
20260528 0645;1.33883;1.33948;1.33874;1.33937;987
20260528 0650;1.33937;1.33937;1.33864;1.33928;2909
20260528 0655;1.33928;1.33939;1.33887;1.33889;1956
20260528 0700;1.33889;1.33956;1.33888;1.33955;2126
20260528 0705;1.33955;1.3396;1.3392;1.33938;881
20260528 0710;1.33938;1.3396;1.33923;1.33958;883
20260528 0715;1.33958;1.3398;1.33957;1.33977;739
20260528 0720;1.33977;1.33991;1.33969;1.33977;553
20260528 0725;1.33977;1.34009;1.33967;1.34003;591
20260528 0730;1.34003;1.34003;1.33958;1.33997;530
20260528 0735;1.33997;1.34025;1.33991;1.34018;641
20260528 0740;1.34018;1.3403;1.3401;1.34027;457
20260528 0745;1.34027;1.34051;1.34015;1.34017;698
20260528 0750;1.34017;1.34074;1.34009;1.34068;1125
20260528 0755;1.34068;1.34104;1.34056;1.34066;1164
20260528 0800;1.34066;1.3407;1.34041;1.34061;1160
20260528 0805;1.34061;1.34082;1.34044;1.34045;915
20260528 0810;1.34045;1.34068;1.34032;1.34068;1068
20260528 0815;1.34068;1.3409;1.34064;1.34079;839
20260528 0820;1.34079;1.34095;1.34054;1.34067;1084
20260528 0825;1.34067;1.34107;1.34066;1.34093;450
20260528 0830;1.34093;1.34214;1.34059;1.34166;1125
20260528 0835;1.34166;1.34226;1.34153;1.34201;1134
20260528 0840;1.34201;1.34225;1.34179;1.34196;1541
20260528 0845;1.34196;1.34225;1.3418;1.34208;1518
20260528 0850;1.34208;1.34249;1.342;1.34221;1400
20260528 0855;1.34221;1.34225;1.34182;1.34209;1127
20260528 0900;1.34209;1.3428;1.34209;1.34243;1969
20260528 0905;1.34243;1.34258;1.34198;1.34208;1623
20260528 0910;1.34208;1.3421;1.34155;1.34156;1480
20260528 0915;1.34156;1.34165;1.34138;1.3416;1248
20260528 0920;1.3416;1.3419;1.34146;1.34186;1018
20260528 0925;1.34186;1.34209;1.34169;1.3417;1620
20260528 0930;1.3417;1.34192;1.34157;1.34189;2460
20260528 0935;1.34189;1.34233;1.34184;1.34191;2153
20260528 0940;1.34191;1.3425;1.34187;1.3423;1863
20260528 0945;1.3423;1.3426;1.34189;1.34208;1838
20260528 0950;1.34208;1.34251;1.34162;1.34164;2063
20260528 0955;1.34164;1.34169;1.34123;1.34124;870
20260528 1000;1.34124;1.34128;1.34075;1.34101;1302
20260528 1005;1.34101;1.34133;1.34098;1.34129;1924
20260528 1010;1.34129;1.34508;1.34097;1.34368;6213
20260528 1015;1.34368;1.34409;1.34304;1.34378;4790
20260528 1020;1.34378;1.3442;1.34328;1.34369;2749
20260528 1025;1.34369;1.34397;1.34338;1.34387;2000
20260528 1030;1.34387;1.34443;1.34298;1.34318;2401
20260528 1035;1.34318;1.34369;1.34292;1.34357;2336
20260528 1040;1.34357;1.34424;1.34329;1.34348;2045
20260528 1045;1.34348;1.34399;1.34315;1.34345;3418
20260528 1050;1.34345;1.34371;1.34252;1.34297;3126
20260528 1055;1.34297;1.34329;1.34276;1.34329;2202
20260528 1100;1.34329;1.34399;1.34321;1.34378;2006
20260528 1105;1.34378;1.34399;1.34345;1.34378;1572
20260528 1110;1.34378;1.34419;1.34358;1.34399;1799
20260528 1115;1.34399;1.3441;1.34361;1.34376;1431
20260528 1120;1.34376;1.3439;1.34357;1.34378;1338
20260528 1125;1.34378;1.3439;1.34343;1.34368;1433
20260528 1130;1.34368;1.34379;1.34344;1.34375;1578
20260528 1135;1.34375;1.3441;1.34346;1.34347;1260
20260528 1140;1.34347;1.34367;1.34337;1.34363;1273
20260528 1145;1.34363;1.34386;1.3435;1.3437;1230
20260528 1150;1.3437;1.34389;1.34345;1.34369;1102
20260528 1155;1.34369;1.34379;1.3435;1.34356;1120
20260528 1200;1.34356;1.34372;1.34322;1.34368;1916
20260528 1205;1.34368;1.34397;1.34367;1.34387;1126
20260528 1210;1.34387;1.34405;1.34376;1.34398;936
20260528 1215;1.34398;1.34446;1.34385;1.34419;1823
20260528 1220;1.34419;1.34486;1.34405;1.34448;1511
20260528 1225;1.34448;1.34461;1.34437;1.34443;1430
20260528 1230;1.34443;1.34458;1.34434;1.34455;1050
20260528 1235;1.34455;1.34462;1.34415;1.34417;971
20260528 1240;1.34417;1.3445;1.34404;1.34437;1401
20260528 1245;1.34437;1.34464;1.34432;1.34436;1196
20260528 1250;1.34436;1.34452;1.34414;1.34428;1431
20260528 1255;1.34428;1.34469;1.34428;1.34464;1163
20260528 1300;1.34464;1.34477;1.34453;1.34469;1103
20260528 1305;1.34469;1.3448;1.34432;1.34478;1213
20260528 1310;1.34478;1.34481;1.34447;1.34458;841
20260528 1315;1.34458;1.34459;1.34435;1.34442;888
20260528 1320;1.34442;1.34455;1.34432;1.34441;962
20260528 1325;1.34441;1.34441;1.34409;1.34412;768
20260528 1330;1.34412;1.3446;1.34412;1.3445;1030
20260528 1335;1.3445;1.34459;1.34434;1.34448;856
20260528 1340;1.34448;1.34458;1.34407;1.34411;673
20260528 1345;1.34411;1.34446;1.34411;1.34439;1078
20260528 1350;1.34439;1.3445;1.34429;1.34443;1021
20260528 1355;1.34443;1.34466;1.34435;1.34456;772
20260528 1400;1.34456;1.34475;1.34443;1.34465;840
20260528 1405;1.34465;1.34471;1.34453;1.34458;1284
20260528 1410;1.34458;1.34458;1.34416;1.34444;1267
20260528 1415;1.34444;1.34482;1.3443;1.3446;1881
20260528 1420;1.3446;1.34469;1.34392;1.34418;1489
20260528 1425;1.34418;1.34418;1.34385;1.34391;1129
20260528 1430;1.34391;1.34397;1.34374;1.34378;1057
20260528 1435;1.34378;1.34389;1.34365;1.3437;1100
20260528 1440;1.3437;1.34385;1.34364;1.34384;706
20260528 1445;1.34384;1.34401;1.34382;1.34398;695
20260528 1450;1.34398;1.34419;1.34395;1.34415;635
20260528 1455;1.34415;1.34425;1.34394;1.34403;632
20260528 1500;1.34403;1.34407;1.34383;1.34396;708
20260528 1505;1.34396;1.34399;1.34374;1.34383;707
20260528 1510;1.34383;1.34405;1.34377;1.34382;833
20260528 1515;1.34382;1.34406;1.3438;1.34405;588
20260528 1520;1.34405;1.34409;1.34396;1.34397;654
20260528 1525;1.34397;1.34405;1.34392;1.34405;632
20260528 1530;1.34405;1.34429;1.34404;1.34427;1059
20260528 1535;1.34427;1.3444;1.34422;1.34431;842
20260528 1540;1.34431;1.34433;1.34407;1.34412;648
20260528 1545;1.34412;1.34437;1.34406;1.34433;490
20260528 1550;1.34433;1.34433;1.34408;1.34418;923
20260528 1555;1.34418;1.34418;1.34384;1.34394;1277
20260528 1600;1.34394;1.34411;1.34384;1.34389;1582
20260528 1605;1.34389;1.3442;1.34389;1.34417;597
20260528 1610;1.34417;1.34417;1.34399;1.3441;486
20260528 1615;1.3441;1.34418;1.34402;1.34407;311
20260528 1620;1.34407;1.34411;1.34398;1.34401;223
20260528 1625;1.34401;1.34401;1.3439;1.34391;268
20260528 1630;1.34391;1.34421;1.34391;1.34418;362
20260528 1635;1.34418;1.34422;1.34408;1.34409;254
20260528 1640;1.34409;1.3442;1.34408;1.34417;158
20260528 1645;1.34417;1.34422;1.34414;1.34416;202
20260528 1650;1.34416;1.34437;1.34416;1.34437;194
20260528 1655;1.34437;1.3444;1.34425;1.34436;409
20260528 1700;1.34436;1.34457;1.34371;1.34398;35
20260528 1705;1.34398;1.34398;1.34364;1.34382;45
20260528 1710;1.34382;1.34395;1.34382;1.34385;26
20260528 1715;1.34385;1.34406;1.34376;1.34381;18
20260528 1720;1.34381;1.34404;1.34363;1.34363;10
20260528 1725;1.34363;1.34402;1.34361;1.3439;13
20260528 1730;1.3439;1.34391;1.34385;1.34385;31
20260528 1735;1.34385;1.34386;1.34384;1.34385;95
20260528 1740;1.34385;1.344;1.34363;1.34399;303
20260528 1745;1.34399;1.34403;1.34395;1.34396;223
20260528 1750;1.34396;1.34397;1.34386;1.34386;27
20260528 1755;1.34386;1.3441;1.34374;1.3441;125
20260528 1800;1.3441;1.34451;1.34404;1.3445;185
20260528 1805;1.3445;1.34457;1.34444;1.34447;98
20260528 1810;1.34447;1.34456;1.34438;1.34449;75
20260528 1815;1.34449;1.34454;1.34444;1.34448;59
20260528 1820;1.34448;1.34452;1.34443;1.34447;51
20260528 1825;1.34447;1.34447;1.34437;1.34439;79
20260528 1830;1.34439;1.3444;1.34422;1.34427;138
20260528 1835;1.34427;1.34428;1.34422;1.34423;54
20260528 1840;1.34423;1.34426;1.34419;1.34423;40
20260528 1845;1.34423;1.34425;1.34414;1.34414;70
20260528 1850;1.34414;1.34423;1.34412;1.34422;67
20260528 1855;1.34422;1.34427;1.34412;1.34416;85
20260528 1900;1.34416;1.34451;1.34416;1.34449;334
20260528 1905;1.34449;1.34449;1.3443;1.34431;177
20260528 1910;1.34431;1.34445;1.34431;1.34436;130
20260528 1915;1.34436;1.34446;1.34433;1.34436;160
20260528 1920;1.34436;1.34447;1.34434;1.34447;103
20260528 1925;1.34447;1.34448;1.34436;1.34437;124
20260528 1930;1.34437;1.34445;1.34429;1.34443;158
20260528 1935;1.34443;1.34451;1.34438;1.34442;186
20260528 1940;1.34442;1.34446;1.34427;1.34446;128
20260528 1945;1.34446;1.34446;1.34432;1.34437;183
20260528 1950;1.34437;1.34455;1.34435;1.34441;260
20260528 1955;1.34441;1.34446;1.34435;1.34439;166
20260528 2000;1.34439;1.34458;1.34435;1.34458;788
20260528 2005;1.34458;1.34461;1.34438;1.34441;605
20260528 2010;1.34441;1.34453;1.34435;1.34448;520
20260528 2015;1.34448;1.34469;1.34439;1.34467;607
20260528 2020;1.34467;1.34488;1.34462;1.34465;560
20260528 2025;1.34465;1.34478;1.34454;1.3446;705
20260528 2030;1.3446;1.34461;1.34405;1.34406;649
20260528 2035;1.34406;1.34421;1.34406;1.34418;382
20260528 2040;1.34418;1.3444;1.34415;1.34435;395
20260528 2045;1.34435;1.34437;1.34417;1.34431;502
20260528 2050;1.34431;1.34443;1.3442;1.34424;621
20260528 2055;1.34424;1.34427;1.34394;1.3441;712
20260528 2100;1.3441;1.34428;1.34381;1.34399;735
20260528 2105;1.34399;1.34457;1.34395;1.34446;997
20260528 2110;1.34446;1.34467;1.34444;1.34466;675
20260528 2115;1.34466;1.34489;1.34455;1.34476;665
20260528 2120;1.34476;1.34506;1.34469;1.34487;654
20260528 2125;1.34487;1.34498;1.34477;1.34478;527
20260528 2130;1.34478;1.34484;1.3446;1.34469;853
20260528 2135;1.34469;1.34475;1.34444;1.34448;554
20260528 2140;1.34448;1.34463;1.34439;1.34443;645
20260528 2145;1.34443;1.34445;1.34397;1.34407;792
20260528 2150;1.34407;1.34416;1.34396;1.34406;682
20260528 2155;1.34406;1.3442;1.34386;1.34399;579
20260528 2200;1.34399;1.34418;1.34396;1.34402;798
20260528 2205;1.34402;1.3442;1.34391;1.34401;783
20260528 2210;1.34401;1.3443;1.34396;1.34426;685
20260528 2215;1.34426;1.34429;1.34413;1.34416;592
20260528 2220;1.34416;1.34428;1.34407;1.3441;522
20260528 2225;1.3441;1.34411;1.34397;1.34407;486
20260528 2230;1.34407;1.3442;1.34396;1.34418;731
20260528 2235;1.34418;1.34425;1.34409;1.3442;502
20260528 2240;1.3442;1.34438;1.34418;1.34431;386
20260528 2245;1.34431;1.34439;1.34417;1.34419;465
20260528 2250;1.34419;1.34421;1.34396;1.344;406
20260528 2255;1.344;1.34401;1.3438;1.34381;482
20260528 2300;1.34381;1.34388;1.34352;1.34363;632
20260528 2305;1.34363;1.34378;1.34359;1.34359;426
20260528 2310;1.34359;1.3436;1.34341;1.34343;511
20260528 2315;1.34343;1.34348;1.34332;1.34338;474
20260528 2320;1.34338;1.34346;1.34333;1.34336;388
20260528 2325;1.34336;1.34353;1.34329;1.34349;710
20260528 2330;1.34349;1.34353;1.34333;1.34338;522
20260528 2335;1.34338;1.34344;1.34312;1.34324;445
20260528 2340;1.34324;1.34331;1.34308;1.34331;411
20260528 2345;1.34331;1.34333;1.34315;1.34316;345
20260528 2350;1.34316;1.34324;1.34302;1.34314;421
20260528 2355;1.34314;1.34324;1.3431;1.34323;535
20260529 0000;1.34323;1.34348;1.34319;1.34338;511
20260529 0005;1.34338;1.34346;1.34327;1.34345;212
20260529 0010;1.34345;1.3435;1.34336;1.34343;266
20260529 0015;1.34343;1.34354;1.34336;1.34346;482
20260529 0020;1.34346;1.34346;1.34335;1.34339;442
20260529 0025;1.34339;1.34341;1.34324;1.34337;268
20260529 0030;1.34337;1.34341;1.34324;1.34327;427
20260529 0035;1.34327;1.34346;1.34326;1.34346;350
20260529 0040;1.34346;1.34367;1.3434;1.34364;369
20260529 0045;1.34364;1.34376;1.34361;1.3437;364
20260529 0050;1.3437;1.34378;1.3436;1.34377;384
20260529 0055;1.34377;1.34381;1.34369;1.3438;255
20260529 0100;1.3438;1.34387;1.34374;1.34375;425
20260529 0105;1.34375;1.34396;1.34372;1.34387;279
20260529 0110;1.34387;1.34404;1.34387;1.344;419
20260529 0115;1.344;1.34414;1.34394;1.34413;473
20260529 0120;1.34413;1.34415;1.34394;1.34396;343
20260529 0125;1.34396;1.34409;1.34396;1.34399;442
20260529 0130;1.34399;1.344;1.34383;1.34388;306
20260529 0135;1.34388;1.34388;1.34356;1.34367;405
20260529 0140;1.34367;1.34387;1.34363;1.34375;346
20260529 0145;1.34375;1.34379;1.34369;1.34376;299
20260529 0150;1.34376;1.34378;1.34368;1.34377;315
20260529 0155;1.34377;1.34398;1.34377;1.34385;363
20260529 0200;1.34385;1.34405;1.34378;1.34393;650
20260529 0205;1.34393;1.34398;1.34371;1.34384;489
20260529 0210;1.34384;1.3444;1.34383;1.34438;495
20260529 0215;1.34438;1.34438;1.34398;1.34409;1068
20260529 0220;1.34409;1.34422;1.34388;1.34414;1194
20260529 0225;1.34414;1.34425;1.34388;1.34398;1325
20260529 0230;1.34398;1.34445;1.34391;1.34393;1498
20260529 0235;1.34393;1.34402;1.34365;1.34379;1280
20260529 0240;1.34379;1.34391;1.34355;1.34388;1366
20260529 0245;1.34388;1.34419;1.34385;1.34401;932
20260529 0250;1.34401;1.34405;1.34384;1.34396;938
20260529 0255;1.34396;1.34438;1.34391;1.34418;865
20260529 0300;1.34418;1.34418;1.34339;1.34361;1514
20260529 0305;1.34361;1.344;1.34358;1.34372;1148
20260529 0310;1.34372;1.34387;1.34315;1.34324;909
20260529 0315;1.34324;1.34338;1.34303;1.34325;747
20260529 0320;1.34325;1.34334;1.34255;1.34255;996
20260529 0325;1.34255;1.34255;1.34225;1.34235;1098
20260529 0330;1.34235;1.34236;1.34203;1.34227;918
20260529 0335;1.34227;1.34236;1.34185;1.34186;1204
20260529 0340;1.34186;1.34257;1.34175;1.34255;1057
20260529 0345;1.34255;1.34275;1.3423;1.34234;870
20260529 0350;1.34234;1.34257;1.3423;1.34245;440
20260529 0355;1.34245;1.34268;1.34244;1.34257;1177
20260529 0400;1.34257;1.34257;1.34217;1.34221;2149
20260529 0405;1.34221;1.34237;1.34194;1.34195;1565
20260529 0410;1.34195;1.3421;1.34186;1.34191;1235
20260529 0415;1.34191;1.34209;1.34181;1.34188;1182
20260529 0420;1.34188;1.34215;1.34187;1.34199;926
20260529 0425;1.34199;1.3421;1.3418;1.34197;1072
20260529 0430;1.34197;1.34223;1.34181;1.34216;908
20260529 0435;1.34216;1.34227;1.34164;1.34179;946
20260529 0440;1.34179;1.34192;1.34155;1.34165;886
20260529 0445;1.34165;1.34165;1.34133;1.34134;790
20260529 0450;1.34134;1.34142;1.34091;1.34118;1117
20260529 0455;1.34118;1.34124;1.34083;1.34116;1337
20260529 0500;1.34116;1.34161;1.34092;1.34139;1502
20260529 0505;1.34139;1.3416;1.34129;1.3413;1334
20260529 0510;1.3413;1.34161;1.34119;1.34156;1327
20260529 0515;1.34156;1.34193;1.34145;1.34169;1192
20260529 0520;1.34169;1.34171;1.34134;1.34141;851
20260529 0525;1.34141;1.34165;1.34128;1.34153;971
20260529 0530;1.34153;1.34159;1.34118;1.34121;885
20260529 0535;1.34121;1.34129;1.34107;1.34121;864
20260529 0540;1.34121;1.3413;1.34106;1.34127;702
20260529 0545;1.34127;1.34161;1.34124;1.34136;930
20260529 0550;1.34136;1.34159;1.34127;1.34154;833
20260529 0555;1.34154;1.34189;1.34149;1.34174;961
20260529 0600;1.34174;1.34175;1.34133;1.34135;929
20260529 0605;1.34135;1.34151;1.34127;1.3414;948
20260529 0610;1.3414;1.34165;1.34131;1.34152;957
20260529 0615;1.34152;1.34159;1.34136;1.34145;801
20260529 0620;1.34145;1.34178;1.34145;1.34169;834
20260529 0625;1.34169;1.34169;1.34132;1.34142;626
20260529 0630;1.34142;1.34153;1.34138;1.3415;594
20260529 0635;1.3415;1.34163;1.34128;1.34138;707
20260529 0640;1.34138;1.34141;1.34113;1.34135;931
20260529 0645;1.34135;1.34152;1.341;1.34108;1000
20260529 0650;1.34108;1.34133;1.34106;1.34129;652
20260529 0655;1.34129;1.34183;1.34122;1.34179;1188
20260529 0700;1.34179;1.34201;1.34156;1.34188;910
20260529 0705;1.34188;1.34201;1.34176;1.34178;705
20260529 0710;1.34178;1.34182;1.34157;1.34163;880
20260529 0715;1.34163;1.34181;1.34159;1.34169;832
20260529 0720;1.34169;1.34192;1.34155;1.34187;955
20260529 0725;1.34187;1.34197;1.34177;1.34192;790
20260529 0730;1.34192;1.34194;1.34168;1.34171;769
20260529 0735;1.34171;1.34241;1.34169;1.34234;998
20260529 0740;1.34234;1.34259;1.34221;1.3425;879
20260529 0745;1.3425;1.34266;1.34232;1.34232;611
20260529 0750;1.34232;1.34269;1.34195;1.34258;2168
20260529 0755;1.34258;1.34296;1.34242;1.34288;936
20260529 0800;1.34288;1.34299;1.3427;1.34281;962
20260529 0805;1.34281;1.34282;1.34256;1.34266;1049
20260529 0810;1.34266;1.343;1.34246;1.34288;1054
20260529 0815;1.34288;1.34295;1.34277;1.34287;778
20260529 0820;1.34287;1.34287;1.34243;1.34246;721
20260529 0825;1.34246;1.34266;1.34229;1.34251;561
20260529 0830;1.34251;1.34262;1.34205;1.34241;1109
20260529 0835;1.34241;1.34278;1.34235;1.34272;1330
20260529 0840;1.34272;1.34297;1.34269;1.34297;1199
20260529 0845;1.34297;1.34306;1.34279;1.34303;1134
20260529 0850;1.34303;1.34334;1.34287;1.34289;1390
20260529 0855;1.34289;1.34346;1.34268;1.34343;1477
20260529 0900;1.34343;1.34358;1.3431;1.34347;1541
20260529 0905;1.34347;1.3435;1.34328;1.34348;1015
20260529 0910;1.34348;1.34352;1.34333;1.34347;876
20260529 0915;1.34347;1.34406;1.34347;1.34398;1167
20260529 0920;1.34398;1.3444;1.34368;1.34386;1261
20260529 0925;1.34386;1.34423;1.34386;1.34409;1027
20260529 0930;1.34409;1.34451;1.34389;1.34439;2044
20260529 0935;1.34439;1.3445;1.34421;1.34429;1093
20260529 0940;1.34429;1.34452;1.34421;1.34448;778
20260529 0945;1.34448;1.34472;1.3443;1.34449;1221
20260529 0950;1.34449;1.34458;1.34374;1.34409;1648
20260529 0955;1.34409;1.34416;1.34385;1.34387;1384
20260529 1000;1.34387;1.34414;1.34367;1.34408;1534
20260529 1005;1.34408;1.34461;1.34399;1.34431;1686
20260529 1010;1.34431;1.34457;1.34378;1.34383;1979
20260529 1015;1.34383;1.34391;1.34341;1.34356;2257
20260529 1020;1.34356;1.34398;1.34355;1.34372;1529
20260529 1025;1.34372;1.34398;1.34357;1.34393;1617
20260529 1030;1.34393;1.34406;1.34362;1.34388;1808
20260529 1035;1.34388;1.34405;1.34295;1.34315;1697
20260529 1040;1.34315;1.34403;1.34315;1.34397;1927
20260529 1045;1.34397;1.34537;1.34377;1.34518;2395
20260529 1050;1.34518;1.34684;1.34498;1.34684;6552
20260529 1055;1.34684;1.34809;1.34663;1.34776;5136
20260529 1100;1.34776;1.34847;1.34775;1.34785;3988
20260529 1105;1.34785;1.34799;1.34756;1.34788;2005
20260529 1110;1.34788;1.34846;1.34786;1.34831;2123
20260529 1115;1.34831;1.34831;1.34786;1.34787;2011
20260529 1120;1.34787;1.34853;1.34778;1.34788;2080
20260529 1125;1.34788;1.34793;1.3473;1.34745;2327
20260529 1130;1.34745;1.34854;1.34745;1.34795;2992
20260529 1135;1.34795;1.34829;1.34746;1.34774;3039
20260529 1140;1.34774;1.34798;1.34697;1.34717;3564
20260529 1145;1.34717;1.34769;1.34709;1.34761;2193
20260529 1150;1.34761;1.34781;1.34736;1.34748;1609
20260529 1155;1.34748;1.34772;1.34736;1.34746;1306
20260529 1200;1.34746;1.34758;1.34687;1.34688;1447
20260529 1205;1.34688;1.34699;1.34677;1.34689;1382
20260529 1210;1.34689;1.34694;1.34658;1.34667;1039
20260529 1215;1.34667;1.3471;1.34659;1.34687;1058
20260529 1220;1.34687;1.3471;1.34678;1.34701;1114
20260529 1225;1.34701;1.34718;1.34696;1.34697;1056
20260529 1230;1.34697;1.34718;1.34659;1.34687;2226
20260529 1235;1.34687;1.34717;1.34676;1.34699;1567
20260529 1240;1.34699;1.3471;1.34656;1.34662;1244
20260529 1245;1.34662;1.34678;1.34642;1.34658;1477
20260529 1250;1.34658;1.34681;1.34637;1.34661;1122
20260529 1255;1.34661;1.34676;1.34653;1.34672;957
20260529 1300;1.34672;1.3469;1.34656;1.34677;947
20260529 1305;1.34677;1.34697;1.34665;1.34669;650
20260529 1310;1.34669;1.3468;1.34657;1.34661;865
20260529 1315;1.34661;1.34677;1.34642;1.34644;719
20260529 1320;1.34644;1.34647;1.34597;1.34616;1315
20260529 1325;1.34616;1.3463;1.34602;1.34625;795
20260529 1330;1.34625;1.34635;1.34607;1.34629;922
20260529 1335;1.34629;1.34636;1.34602;1.34609;836
20260529 1340;1.34609;1.34612;1.34584;1.34607;743
20260529 1345;1.34607;1.34616;1.34593;1.34608;661
20260529 1350;1.34608;1.34612;1.34558;1.34579;657
20260529 1355;1.34579;1.34582;1.34555;1.34557;1131
20260529 1400;1.34557;1.34583;1.34551;1.3458;1014
20260529 1405;1.3458;1.34592;1.34576;1.34589;590
20260529 1410;1.34589;1.34602;1.34585;1.34598;760
20260529 1415;1.34598;1.34608;1.34581;1.34606;900
20260529 1420;1.34606;1.34619;1.34584;1.34586;776
20260529 1425;1.34586;1.34606;1.34583;1.34592;627
20260529 1430;1.34592;1.34637;1.34592;1.34636;714
20260529 1435;1.34636;1.34648;1.34618;1.34643;498
20260529 1440;1.34643;1.34645;1.34597;1.34605;576
20260529 1445;1.34605;1.34618;1.34548;1.34606;2016
20260529 1450;1.34606;1.34629;1.34605;1.34626;592
20260529 1455;1.34626;1.34637;1.34602;1.34605;1017
20260529 1500;1.34605;1.34635;1.34605;1.34626;560
20260529 1505;1.34626;1.34662;1.34625;1.34661;286
20260529 1510;1.34661;1.34668;1.34647;1.34655;373
20260529 1515;1.34655;1.34669;1.34647;1.34647;268
20260529 1520;1.34647;1.3467;1.34641;1.34643;445
20260529 1525;1.34643;1.34668;1.34626;1.34668;351
20260529 1530;1.34668;1.3468;1.34665;1.34669;418
20260529 1535;1.34669;1.34686;1.34664;1.34678;477
20260529 1540;1.34678;1.34708;1.34676;1.34698;610
20260529 1545;1.34698;1.34706;1.34675;1.34689;855
20260529 1550;1.34689;1.34697;1.34676;1.34679;1262
20260529 1555;1.34679;1.34692;1.34667;1.34676;1164
20260529 1600;1.34676;1.34682;1.34646;1.34658;829
20260529 1605;1.34658;1.34668;1.34647;1.34653;510
20260529 1610;1.34653;1.34657;1.34627;1.34638;916
20260529 1615;1.34638;1.34638;1.34615;1.34619;302
20260529 1620;1.34619;1.34627;1.34613;1.34623;313
20260529 1625;1.34623;1.34623;1.346;1.34603;423
20260529 1630;1.34603;1.34604;1.34589;1.34591;1033
20260529 1635;1.34591;1.34607;1.34586;1.34589;237
20260529 1640;1.34589;1.346;1.34588;1.34593;524
20260529 1645;1.34593;1.34594;1.34554;1.34558;504
20260529 1650;1.34558;1.34582;1.34547;1.34559;942
20260529 1655;1.34559;1.34588;1.3445;1.34474;955

20260531 1700;1.34492;1.34492;1.34491;1.34491;5
20260531 1705;1.34491;1.34492;1.34483;1.34486;15
20260531 1710;1.34486;1.34494;1.34484;1.3449;30
20260531 1715;1.3449;1.34523;1.34484;1.34523;80
20260531 1720;1.34523;1.3456;1.34477;1.34495;1168
20260531 1725;1.34495;1.34533;1.34489;1.34526;47
20260531 1730;1.34526;1.34535;1.34525;1.3453;114
20260531 1735;1.3453;1.34565;1.34527;1.34551;359
20260531 1740;1.34551;1.34563;1.34545;1.34549;120
20260531 1745;1.34549;1.34567;1.34482;1.34486;250
20260531 1750;1.34486;1.34491;1.34484;1.3449;27
20260531 1755;1.3449;1.34498;1.34489;1.34492;23
20260531 1800;1.34492;1.34537;1.34466;1.34467;338
20260531 1805;1.34467;1.34493;1.34455;1.3449;191
20260531 1810;1.3449;1.34493;1.3447;1.34488;202
20260531 1815;1.34488;1.34492;1.34475;1.34487;82
20260531 1820;1.34487;1.34495;1.34476;1.34476;71
20260531 1825;1.34476;1.3448;1.34468;1.34472;220
20260531 1830;1.34472;1.34479;1.34459;1.34466;438
20260531 1835;1.34466;1.34477;1.34463;1.34469;243
20260531 1840;1.34469;1.34477;1.34467;1.34474;678
20260531 1845;1.34474;1.34491;1.34473;1.34479;428
20260531 1850;1.34479;1.34488;1.34476;1.34477;507
20260531 1855;1.34477;1.34496;1.34477;1.34487;608
20260531 1900;1.34487;1.34506;1.34475;1.34497;760
20260531 1905;1.34497;1.34504;1.34487;1.34499;678
20260531 1910;1.34499;1.34499;1.34489;1.34491;384
20260531 1915;1.34491;1.34499;1.34487;1.34488;400
20260531 1920;1.34488;1.34495;1.34485;1.34487;158
20260531 1925;1.34487;1.34509;1.34487;1.34508;291
20260531 1930;1.34508;1.3451;1.34492;1.34496;583
20260531 1935;1.34496;1.34508;1.34494;1.34498;731
20260531 1940;1.34498;1.34541;1.34498;1.34538;1285
20260531 1945;1.34538;1.34584;1.34521;1.3453;1663
20260531 1950;1.3453;1.34536;1.34513;1.34516;932
20260531 1955;1.34516;1.3453;1.34498;1.34501;1361
20260531 2000;1.34501;1.34541;1.34484;1.34526;2319
20260531 2005;1.34526;1.34538;1.34518;1.34529;837
20260531 2010;1.34529;1.34533;1.34498;1.34512;740
20260531 2015;1.34512;1.34526;1.34491;1.34495;945
20260531 2020;1.34495;1.345;1.34477;1.34482;708
20260531 2025;1.34482;1.34482;1.34453;1.34479;858
20260531 2030;1.34479;1.3449;1.34466;1.34468;718
20260531 2035;1.34468;1.34475;1.34456;1.34466;507
20260531 2040;1.34466;1.34487;1.34457;1.34483;445
20260531 2045;1.34483;1.34498;1.34472;1.34478;805
20260531 2050;1.34478;1.34499;1.34458;1.3446;681
20260531 2055;1.3446;1.3452;1.3446;1.34515;836
20260531 2100;1.34515;1.3452;1.34493;1.34509;1291
20260531 2105;1.34509;1.34529;1.34499;1.34518;1149
20260531 2110;1.34518;1.34529;1.34505;1.34511;704
20260531 2115;1.34511;1.34512;1.34492;1.34504;661
20260531 2120;1.34504;1.34536;1.34504;1.3452;1181
20260531 2125;1.3452;1.3452;1.34493;1.34497;374
20260531 2130;1.34497;1.34508;1.34482;1.34507;631
20260531 2135;1.34507;1.34519;1.34502;1.34504;586
20260531 2140;1.34504;1.34526;1.34502;1.34522;515
20260531 2145;1.34522;1.34524;1.34502;1.34504;446
20260531 2150;1.34504;1.34525;1.34502;1.34521;377
20260531 2155;1.34521;1.34539;1.34513;1.34537;582
20260531 2200;1.34537;1.34542;1.34529;1.34537;451
20260531 2205;1.34537;1.34556;1.34536;1.34545;387
20260531 2210;1.34545;1.34557;1.34545;1.3455;248
20260531 2215;1.3455;1.3456;1.3455;1.34558;370
20260531 2220;1.34558;1.34563;1.34551;1.34559;460
20260531 2225;1.34559;1.34559;1.34538;1.34539;215
20260531 2230;1.34539;1.34544;1.3453;1.3454;489
20260531 2235;1.3454;1.34554;1.3454;1.34548;383
20260531 2240;1.34548;1.34548;1.34529;1.34531;523
20260531 2245;1.34531;1.34542;1.3453;1.34541;670
20260531 2250;1.34541;1.34545;1.34535;1.34542;438
20260531 2255;1.34542;1.34563;1.34538;1.3456;482
20260531 2300;1.3456;1.34592;1.3456;1.34582;578
20260531 2305;1.34582;1.34584;1.34569;1.34573;556
20260531 2310;1.34573;1.34575;1.34555;1.34556;434
20260531 2315;1.34556;1.34567;1.34527;1.34531;783
20260531 2320;1.34531;1.34541;1.34519;1.34536;633
20260531 2325;1.34536;1.34578;1.34536;1.3457;540
20260531 2330;1.3457;1.34594;1.34566;1.34566;548
20260531 2335;1.34566;1.34566;1.34528;1.34536;516
20260531 2340;1.34536;1.34537;1.34495;1.34498;438
20260531 2345;1.34498;1.34515;1.34498;1.34505;380
20260531 2350;1.34505;1.34508;1.34496;1.34507;240
20260531 2355;1.34507;1.34511;1.34493;1.34498;374
20260601 0000;1.34498;1.34517;1.34494;1.34517;357
20260601 0005;1.34517;1.34529;1.3451;1.34522;246
20260601 0010;1.34522;1.34527;1.34518;1.34523;208
20260601 0015;1.34523;1.34546;1.34522;1.34543;144
20260601 0020;1.34543;1.34547;1.34539;1.34547;147
20260601 0025;1.34547;1.34559;1.34543;1.34556;209
20260601 0030;1.34556;1.34562;1.34551;1.34551;168
20260601 0035;1.34551;1.34573;1.34549;1.3457;179
20260601 0040;1.3457;1.34577;1.34568;1.34569;398
20260601 0045;1.34569;1.34572;1.34549;1.34555;203
20260601 0050;1.34555;1.34561;1.3455;1.34558;213
20260601 0055;1.34558;1.34569;1.34556;1.34569;355
20260601 0100;1.34569;1.34599;1.34562;1.3459;666
20260601 0105;1.3459;1.34621;1.3459;1.34619;638
20260601 0110;1.34619;1.34628;1.34602;1.34617;384
20260601 0115;1.34617;1.34628;1.34613;1.34628;317
20260601 0120;1.34628;1.34637;1.3462;1.34633;520
20260601 0125;1.34633;1.34633;1.34618;1.3462;314
20260601 0130;1.3462;1.34627;1.3461;1.34614;393
20260601 0135;1.34614;1.34632;1.34612;1.34632;410
20260601 0140;1.34632;1.34644;1.34618;1.34641;541
20260601 0145;1.34641;1.34659;1.34636;1.34647;466
20260601 0150;1.34647;1.34657;1.34634;1.34638;538
20260601 0155;1.34638;1.34646;1.34625;1.34632;490
20260601 0200;1.34632;1.34677;1.34632;1.34656;988
20260601 0205;1.34656;1.34698;1.34646;1.34687;892
20260601 0210;1.34687;1.34692;1.34646;1.34667;970
20260601 0215;1.34667;1.34667;1.34638;1.3464;1088
20260601 0220;1.3464;1.34642;1.34606;1.34607;894
20260601 0225;1.34607;1.34621;1.3458;1.34621;987
20260601 0230;1.34621;1.34677;1.34616;1.34669;1426
20260601 0235;1.34669;1.34679;1.34644;1.34646;1277
20260601 0240;1.34646;1.34668;1.34632;1.3466;698
20260601 0245;1.3466;1.3472;1.3465;1.34691;1291
20260601 0250;1.34691;1.34727;1.34691;1.34727;1308
20260601 0255;1.34727;1.34761;1.34716;1.34726;1442
20260601 0300;1.34726;1.34726;1.34675;1.34695;1345
20260601 0305;1.34695;1.34697;1.34648;1.34668;1422
20260601 0310;1.34668;1.34676;1.34625;1.34646;1041
20260601 0315;1.34646;1.34669;1.34637;1.34668;1195
20260601 0320;1.34668;1.34668;1.3462;1.34628;1065
20260601 0325;1.34628;1.3466;1.34606;1.34649;806
20260601 0330;1.34649;1.34665;1.34636;1.34647;597
20260601 0335;1.34647;1.3465;1.34611;1.34615;730
20260601 0340;1.34615;1.34618;1.34578;1.34588;975
20260601 0345;1.34588;1.346;1.34553;1.34595;837
20260601 0350;1.34595;1.34639;1.34595;1.34629;979
20260601 0355;1.34629;1.34636;1.34594;1.34605;938
20260601 0400;1.34605;1.34629;1.34603;1.34615;1482
20260601 0405;1.34615;1.34628;1.34605;1.34616;813
20260601 0410;1.34616;1.34671;1.34615;1.34671;1095
20260601 0415;1.34671;1.34688;1.34661;1.34666;1178
20260601 0420;1.34666;1.34688;1.34649;1.34677;1103
20260601 0425;1.34677;1.34715;1.34677;1.34698;1116
20260601 0430;1.34698;1.34698;1.34666;1.3469;1015
20260601 0435;1.3469;1.3471;1.34686;1.34709;833
20260601 0440;1.34709;1.34729;1.34698;1.34726;958
20260601 0445;1.34726;1.34736;1.34688;1.34721;1307
20260601 0450;1.34721;1.34725;1.34685;1.34686;1011
20260601 0455;1.34686;1.34716;1.34674;1.34707;971
20260601 0500;1.34707;1.34751;1.34706;1.34727;1499
20260601 0505;1.34727;1.34733;1.3469;1.34696;1071
20260601 0510;1.34696;1.34696;1.34659;1.34671;1376
20260601 0515;1.34671;1.34694;1.34663;1.34675;977
20260601 0520;1.34675;1.34677;1.34616;1.34617;864
20260601 0525;1.34617;1.34626;1.34598;1.34624;880
20260601 0530;1.34624;1.34627;1.34597;1.34607;655
20260601 0535;1.34607;1.34619;1.34572;1.34609;1017
20260601 0540;1.34609;1.34628;1.34601;1.34601;1146
20260601 0545;1.34601;1.34615;1.34586;1.34592;851
20260601 0550;1.34592;1.34615;1.34591;1.34609;957
20260601 0555;1.34609;1.34611;1.34584;1.34598;980
20260601 0600;1.34598;1.34614;1.34577;1.34599;967
20260601 0605;1.34599;1.34601;1.34572;1.34576;720
20260601 0610;1.34576;1.34607;1.34571;1.346;729
20260601 0615;1.346;1.34608;1.34569;1.34571;869
20260601 0620;1.34571;1.34589;1.34555;1.34579;892
20260601 0625;1.34579;1.34602;1.34557;1.3459;713
20260601 0630;1.3459;1.34612;1.34583;1.34591;959
20260601 0635;1.34591;1.34612;1.34582;1.34597;594
20260601 0640;1.34597;1.34647;1.34595;1.34647;818
20260601 0645;1.34647;1.34655;1.34625;1.34649;908
20260601 0650;1.34649;1.34652;1.3463;1.34636;735
20260601 0655;1.34636;1.34647;1.34602;1.34631;977
20260601 0700;1.34631;1.34641;1.34607;1.34611;1159
20260601 0705;1.34611;1.34632;1.34598;1.3463;774
20260601 0710;1.3463;1.34646;1.34601;1.3463;722
20260601 0715;1.3463;1.34646;1.34626;1.34646;495
20260601 0720;1.34646;1.3466;1.34616;1.34627;641
20260601 0725;1.34627;1.34647;1.34619;1.34646;580
20260601 0730;1.34646;1.34646;1.34607;1.34618;976
20260601 0735;1.34618;1.34641;1.34607;1.34638;970
20260601 0740;1.34638;1.34648;1.3461;1.34631;834
20260601 0745;1.34631;1.34646;1.34625;1.34641;649
20260601 0750;1.34641;1.34647;1.34625;1.34629;716
20260601 0755;1.34629;1.34664;1.34628;1.34656;862
20260601 0800;1.34656;1.34675;1.3465;1.34666;1397
20260601 0805;1.34666;1.34684;1.34646;1.34649;1265
20260601 0810;1.34649;1.34661;1.34625;1.34628;958
20260601 0815;1.34628;1.34658;1.34624;1.34649;1168
20260601 0820;1.34649;1.3466;1.34632;1.34648;1093
20260601 0825;1.34648;1.34668;1.34639;1.34661;765
20260601 0830;1.34661;1.34687;1.34659;1.34672;793
20260601 0835;1.34672;1.34687;1.34664;1.34668;1268
20260601 0840;1.34668;1.34683;1.34624;1.34668;2013
20260601 0845;1.34668;1.34686;1.34639;1.34651;1513
20260601 0850;1.34651;1.34658;1.34637;1.34647;1244
20260601 0855;1.34647;1.34653;1.3463;1.34637;1004
20260601 0900;1.34637;1.34639;1.3455;1.34567;1497
20260601 0905;1.34567;1.3457;1.34535;1.34559;1428
20260601 0910;1.34559;1.34561;1.34367;1.34416;5706
20260601 0915;1.34416;1.34521;1.34408;1.34434;3623
20260601 0920;1.34434;1.34446;1.34334;1.3434;3909
20260601 0925;1.3434;1.34388;1.34328;1.34343;3039
20260601 0930;1.34343;1.34361;1.34267;1.34278;2868
20260601 0935;1.34278;1.3436;1.34278;1.3434;2705
20260601 0940;1.3434;1.34356;1.34257;1.34258;2027
20260601 0945;1.34258;1.3427;1.342;1.34228;1804
20260601 0950;1.34228;1.34242;1.34127;1.3414;3524
20260601 0955;1.3414;1.34173;1.34104;1.34139;1283
20260601 1000;1.34139;1.34139;1.34066;1.34123;2425
20260601 1005;1.34123;1.34208;1.34119;1.34204;2505
20260601 1010;1.34204;1.34226;1.3418;1.34226;2223
20260601 1015;1.34226;1.34278;1.34167;1.34188;2793
20260601 1020;1.34188;1.34239;1.3418;1.34223;1722
20260601 1025;1.34223;1.34242;1.34204;1.3424;1436
20260601 1030;1.3424;1.34267;1.34218;1.34231;2206
20260601 1035;1.34231;1.34243;1.34204;1.34239;1421
20260601 1040;1.34239;1.3428;1.34238;1.34271;1357
20260601 1045;1.34271;1.34283;1.34213;1.34218;1305
20260601 1050;1.34218;1.34263;1.34191;1.34251;1489
20260601 1055;1.34251;1.34374;1.34251;1.3437;2667
20260601 1100;1.3437;1.34381;1.34328;1.34359;2193
20260601 1105;1.34359;1.34379;1.34334;1.34348;1803
20260601 1110;1.34348;1.34366;1.34335;1.34336;1208
20260601 1115;1.34336;1.3437;1.34336;1.34366;1468
20260601 1120;1.34366;1.34432;1.34365;1.34407;1540
20260601 1125;1.34407;1.34475;1.34396;1.34461;1888
20260601 1130;1.34461;1.34558;1.3446;1.34488;4419
20260601 1135;1.34488;1.34498;1.34448;1.34462;1890
20260601 1140;1.34462;1.34487;1.34452;1.34481;917
20260601 1145;1.34481;1.34485;1.34441;1.34448;987
20260601 1150;1.34448;1.34458;1.34434;1.34444;844
20260601 1155;1.34444;1.34503;1.34443;1.34493;1147
20260601 1200;1.34493;1.34538;1.34478;1.3448;1509
20260601 1205;1.3448;1.34491;1.34426;1.3444;977
20260601 1210;1.3444;1.34443;1.34419;1.34434;1547
20260601 1215;1.34434;1.34437;1.34406;1.34418;1139
20260601 1220;1.34418;1.34446;1.34409;1.34432;987
20260601 1225;1.34432;1.34467;1.34429;1.34462;1070
20260601 1230;1.34462;1.34495;1.34456;1.3449;1674
20260601 1235;1.3449;1.3454;1.34486;1.34508;1140
20260601 1240;1.34508;1.34517;1.34474;1.3448;657
20260601 1245;1.3448;1.34533;1.34477;1.34531;810
20260601 1250;1.34531;1.34609;1.3453;1.34608;2028
20260601 1255;1.34608;1.34631;1.34585;1.34606;1990
20260601 1300;1.34606;1.34616;1.34563;1.34566;2363
20260601 1305;1.34566;1.34572;1.34536;1.3454;1153
20260601 1310;1.3454;1.34563;1.3454;1.34553;1037
20260601 1315;1.34553;1.34562;1.34539;1.34561;1188
20260601 1320;1.34561;1.3459;1.34559;1.34582;1227
20260601 1325;1.34582;1.34656;1.34579;1.34656;1240
20260601 1330;1.34656;1.34683;1.3462;1.34631;2618
20260601 1335;1.34631;1.34648;1.3462;1.34626;1335
20260601 1340;1.34626;1.347;1.3462;1.34669;1876
20260601 1345;1.34669;1.34691;1.34649;1.34649;892
20260601 1350;1.34649;1.34669;1.34645;1.34654;1499
20260601 1355;1.34654;1.34672;1.34644;1.34648;713
20260601 1400;1.34648;1.3465;1.34635;1.34637;579
20260601 1405;1.34637;1.34659;1.34637;1.34656;865
20260601 1410;1.34656;1.34656;1.34634;1.34636;574
20260601 1415;1.34636;1.34642;1.34616;1.34639;709
20260601 1420;1.34639;1.34651;1.34624;1.34635;530
20260601 1425;1.34635;1.34641;1.34623;1.34624;537
20260601 1430;1.34624;1.34629;1.34607;1.34626;416
20260601 1435;1.34626;1.34638;1.34622;1.34627;577
20260601 1440;1.34627;1.3463;1.34615;1.3463;523
20260601 1445;1.3463;1.3463;1.34604;1.34605;538
20260601 1450;1.34605;1.34608;1.34587;1.34592;683
20260601 1455;1.34592;1.34598;1.34571;1.34571;979
20260601 1500;1.34571;1.3459;1.34548;1.34587;874
20260601 1505;1.34587;1.34596;1.34567;1.34585;447
20260601 1510;1.34585;1.34601;1.34584;1.3459;575
20260601 1515;1.3459;1.34601;1.34582;1.34597;583
20260601 1520;1.34597;1.3461;1.34596;1.34609;594
20260601 1525;1.34609;1.3461;1.34586;1.34586;596
20260601 1530;1.34586;1.34608;1.34586;1.346;743
20260601 1535;1.346;1.34605;1.34589;1.34589;590
20260601 1540;1.34589;1.34605;1.34588;1.34589;692
20260601 1545;1.34589;1.34599;1.34582;1.34595;694
20260601 1550;1.34595;1.34599;1.34532;1.34535;959
20260601 1555;1.34535;1.34595;1.34535;1.34589;1159
20260601 1600;1.34589;1.3461;1.34583;1.34603;557
20260601 1605;1.34603;1.34608;1.34587;1.34588;439
20260601 1610;1.34588;1.3459;1.3457;1.34577;423
20260601 1615;1.34577;1.34584;1.34563;1.34567;426
20260601 1620;1.34567;1.34569;1.3456;1.34566;222
20260601 1625;1.34566;1.34582;1.34566;1.34577;192
20260601 1630;1.34577;1.34588;1.34565;1.34588;250
20260601 1635;1.34588;1.34588;1.34576;1.34584;123
20260601 1640;1.34584;1.34587;1.34578;1.3458;280
20260601 1645;1.3458;1.3458;1.34566;1.34568;299
20260601 1650;1.34568;1.34568;1.34558;1.34562;198
20260601 1655;1.34562;1.34568;1.34542;1.34547;583
20260601 1700;1.34547;1.34547;1.34492;1.34492;5
20260601 1705;1.34492;1.34508;1.34477;1.34485;1578
20260601 1710;1.34485;1.34534;1.34484;1.34512;507
20260601 1715;1.34512;1.3453;1.34477;1.3449;137
20260601 1720;1.3449;1.34509;1.34462;1.34469;79
20260601 1725;1.34469;1.34508;1.34462;1.34485;67
20260601 1730;1.34485;1.34517;1.34479;1.34485;195
20260601 1735;1.34485;1.34565;1.3446;1.34553;596
20260601 1740;1.34553;1.34604;1.34537;1.34565;2303
20260601 1745;1.34565;1.34589;1.34539;1.3456;295
20260601 1750;1.3456;1.34596;1.3454;1.34588;292
20260601 1755;1.34588;1.34598;1.34507;1.34523;613
20260601 1800;1.34523;1.34587;1.34523;1.34568;196
20260601 1805;1.34568;1.34576;1.34548;1.34567;344
20260601 1810;1.34567;1.34574;1.34564;1.34569;47
20260601 1815;1.34569;1.34576;1.34565;1.34571;36
20260601 1820;1.34571;1.34575;1.34557;1.34563;109
20260601 1825;1.34563;1.34567;1.34555;1.34555;85
20260601 1830;1.34555;1.34571;1.34555;1.34564;131
20260601 1835;1.34564;1.34567;1.3456;1.34566;93
20260601 1840;1.34566;1.34577;1.34566;1.34571;162
20260601 1845;1.34571;1.34576;1.34566;1.34572;160
20260601 1850;1.34572;1.34576;1.34571;1.34572;59
20260601 1855;1.34572;1.34582;1.34565;1.34575;186
20260601 1900;1.34575;1.34599;1.34575;1.34589;247
20260601 1905;1.34589;1.34599;1.34586;1.34588;220
20260601 1910;1.34588;1.34592;1.34585;1.34588;135
20260601 1915;1.34588;1.34593;1.34586;1.34589;157
20260601 1920;1.34589;1.34591;1.34586;1.34588;112
20260601 1925;1.34588;1.3459;1.34584;1.34585;80
20260601 1930;1.34585;1.34591;1.34572;1.34577;236
20260601 1935;1.34577;1.3459;1.34569;1.34588;273
20260601 1940;1.34588;1.34604;1.34585;1.34603;357
20260601 1945;1.34603;1.34607;1.34591;1.34593;248
20260601 1950;1.34593;1.34595;1.34585;1.34592;235
20260601 1955;1.34592;1.34598;1.34588;1.34597;307
20260601 2000;1.34597;1.3462;1.34589;1.34608;610
20260601 2005;1.34608;1.34609;1.34566;1.3457;759
20260601 2010;1.3457;1.346;1.34569;1.34597;491
20260601 2015;1.34597;1.34608;1.3459;1.34607;460
20260601 2020;1.34607;1.3461;1.34582;1.34587;338
20260601 2025;1.34587;1.34599;1.3458;1.34598;355
20260601 2030;1.34598;1.34616;1.34587;1.34599;348
20260601 2035;1.34599;1.34603;1.34588;1.3459;349
20260601 2040;1.3459;1.34593;1.34566;1.34576;428
20260601 2045;1.34576;1.34579;1.34567;1.34569;399
20260601 2050;1.34569;1.3457;1.34548;1.34553;384
20260601 2055;1.34553;1.34556;1.34523;1.34538;873
20260601 2100;1.34538;1.34559;1.34529;1.34549;1168
20260601 2105;1.34549;1.34578;1.34546;1.34557;631
20260601 2110;1.34557;1.34614;1.34557;1.34599;649
20260601 2115;1.34599;1.34599;1.34578;1.34581;855
20260601 2120;1.34581;1.34584;1.34565;1.3457;600
20260601 2125;1.3457;1.34581;1.34556;1.3457;686
20260601 2130;1.3457;1.3459;1.34568;1.34588;789
20260601 2135;1.34588;1.34609;1.34566;1.34569;633
20260601 2140;1.34569;1.34592;1.34561;1.34569;757
20260601 2145;1.34569;1.34569;1.34512;1.34517;810
20260601 2150;1.34517;1.34529;1.34507;1.34529;717
20260601 2155;1.34529;1.34538;1.34518;1.34519;603
20260601 2200;1.34519;1.34541;1.34512;1.34518;676
20260601 2205;1.34518;1.34528;1.34509;1.34524;471
20260601 2210;1.34524;1.34531;1.34518;1.34527;417
20260601 2215;1.34527;1.34538;1.34517;1.34528;391
20260601 2220;1.34528;1.34539;1.34524;1.34535;385
20260601 2225;1.34535;1.34556;1.34534;1.34555;452
20260601 2230;1.34555;1.34568;1.34543;1.34545;504
20260601 2235;1.34545;1.34549;1.34539;1.34545;364
20260601 2240;1.34545;1.34547;1.34523;1.34529;314
20260601 2245;1.34529;1.34547;1.34529;1.34538;364
20260601 2250;1.34538;1.34545;1.34527;1.34528;268
20260601 2255;1.34528;1.34545;1.34527;1.34536;415
20260601 2300;1.34536;1.34554;1.34533;1.34543;492
20260601 2305;1.34543;1.34554;1.34539;1.34546;420
20260601 2310;1.34546;1.34562;1.3454;1.34555;349
20260601 2315;1.34555;1.34565;1.34546;1.3455;389
20260601 2320;1.3455;1.34556;1.34537;1.34556;496
20260601 2325;1.34556;1.34563;1.34551;1.34559;493
20260601 2330;1.34559;1.34568;1.34553;1.34556;595
20260601 2335;1.34556;1.34571;1.34556;1.34569;429
20260601 2340;1.34569;1.34579;1.34568;1.34569;352
20260601 2345;1.34569;1.34587;1.34567;1.34579;399
20260601 2350;1.34579;1.34583;1.34559;1.34566;275
20260601 2355;1.34566;1.34589;1.34565;1.34582;336
20260602 0000;1.34582;1.34592;1.34574;1.34592;242
20260602 0005;1.34592;1.34594;1.34581;1.34583;477
20260602 0010;1.34583;1.34588;1.34571;1.34579;387
20260602 0015;1.34579;1.34596;1.34579;1.34586;284
20260602 0020;1.34586;1.346;1.34586;1.34596;237
20260602 0025;1.34596;1.34604;1.34595;1.34596;257
20260602 0030;1.34596;1.34619;1.34596;1.34618;390
20260602 0035;1.34618;1.34625;1.34612;1.34618;267
20260602 0040;1.34618;1.34629;1.34614;1.34627;276
20260602 0045;1.34627;1.34636;1.34623;1.34633;303
20260602 0050;1.34633;1.34646;1.34627;1.34629;346
20260602 0055;1.34629;1.34647;1.34625;1.34638;348
20260602 0100;1.34638;1.34652;1.34629;1.34644;590
20260602 0105;1.34644;1.34649;1.34638;1.34645;238
20260602 0110;1.34645;1.34657;1.34643;1.34651;396
20260602 0115;1.34651;1.34656;1.34624;1.34633;532
20260602 0120;1.34633;1.34643;1.34625;1.34642;351
20260602 0125;1.34642;1.34658;1.34634;1.34647;272
20260602 0130;1.34647;1.34665;1.34647;1.34661;479
20260602 0135;1.34661;1.34667;1.34648;1.34654;480
20260602 0140;1.34654;1.34663;1.34646;1.34649;361
20260602 0145;1.34649;1.34649;1.34615;1.34625;276
20260602 0150;1.34625;1.34625;1.34612;1.34621;189
20260602 0155;1.34621;1.34633;1.34609;1.3461;332
20260602 0200;1.3461;1.34655;1.3461;1.3465;474
20260602 0205;1.3465;1.34686;1.3465;1.34678;891
20260602 0210;1.34678;1.34759;1.34676;1.34738;1089
20260602 0215;1.34738;1.34753;1.34734;1.34747;1045
20260602 0220;1.34747;1.3478;1.34746;1.34768;1147
20260602 0225;1.34768;1.34805;1.34766;1.34795;1466
20260602 0230;1.34795;1.34815;1.34773;1.34804;1646
20260602 0235;1.34804;1.34816;1.34787;1.34793;1828
20260602 0240;1.34793;1.34804;1.34747;1.34752;1657
20260602 0245;1.34752;1.34781;1.3475;1.34773;1103
20260602 0250;1.34773;1.34775;1.34743;1.34753;963
20260602 0255;1.34753;1.34786;1.34744;1.3478;976
20260602 0300;1.3478;1.34789;1.34747;1.34776;1837
20260602 0305;1.34776;1.34777;1.34726;1.34748;1589
20260602 0310;1.34748;1.34755;1.34732;1.34737;1334
20260602 0315;1.34737;1.34738;1.34702;1.34706;1180
20260602 0320;1.34706;1.34723;1.347;1.34707;1033
20260602 0325;1.34707;1.3473;1.34676;1.34723;1294
20260602 0330;1.34723;1.34742;1.34706;1.34739;1213
20260602 0335;1.34739;1.34751;1.34717;1.34731;1152
20260602 0340;1.34731;1.3477;1.34728;1.34755;1198
20260602 0345;1.34755;1.34761;1.34724;1.34739;1105
20260602 0350;1.34739;1.34739;1.34703;1.34719;1466
20260602 0355;1.34719;1.3473;1.34705;1.34719;1882
20260602 0400;1.34719;1.34741;1.34715;1.34736;1467
20260602 0405;1.34736;1.34756;1.34707;1.34718;1213
20260602 0410;1.34718;1.34718;1.34683;1.3469;1161
20260602 0415;1.3469;1.34707;1.34672;1.34695;1169
20260602 0420;1.34695;1.34699;1.34658;1.34666;1370
20260602 0425;1.34666;1.34691;1.34666;1.34678;1232
20260602 0430;1.34678;1.34696;1.34664;1.3468;929
20260602 0435;1.3468;1.34684;1.34646;1.34658;1225
20260602 0440;1.34658;1.34672;1.34645;1.3465;737
20260602 0445;1.3465;1.3465;1.34625;1.3464;939
20260602 0450;1.3464;1.34641;1.34614;1.34634;1019
20260602 0455;1.34634;1.34639;1.34606;1.34634;525
20260602 0500;1.34634;1.34638;1.34606;1.34627;1099
20260602 0505;1.34627;1.34648;1.34627;1.34638;653
20260602 0510;1.34638;1.34662;1.34627;1.34662;775
20260602 0515;1.34662;1.34678;1.34657;1.34671;972
20260602 0520;1.34671;1.34689;1.34645;1.34667;885
20260602 0525;1.34667;1.3469;1.34664;1.34687;870
20260602 0530;1.34687;1.34703;1.34666;1.34691;728
20260602 0535;1.34691;1.347;1.34678;1.34679;489
20260602 0540;1.34679;1.34679;1.34656;1.34677;1056
20260602 0545;1.34677;1.34692;1.34663;1.34682;531
20260602 0550;1.34682;1.34687;1.34665;1.34675;575
20260602 0555;1.34675;1.34707;1.34673;1.34703;691
20260602 0600;1.34703;1.34705;1.34667;1.34681;940
20260602 0605;1.34681;1.34717;1.34679;1.34716;681
20260602 0610;1.34716;1.34741;1.34712;1.34734;497
20260602 0615;1.34734;1.3474;1.34694;1.34698;601
20260602 0620;1.34698;1.347;1.34666;1.34677;1043
20260602 0625;1.34677;1.34692;1.34668;1.3469;744
20260602 0630;1.3469;1.34698;1.34683;1.34687;400
20260602 0635;1.34687;1.34697;1.34678;1.34689;581
20260602 0640;1.34689;1.34695;1.34674;1.3469;551
20260602 0645;1.3469;1.34703;1.34678;1.34683;481
20260602 0650;1.34683;1.34715;1.34683;1.34709;540
20260602 0655;1.34709;1.3471;1.34675;1.34678;643
20260602 0700;1.34678;1.34705;1.34675;1.34697;964
20260602 0705;1.34697;1.34708;1.34689;1.34698;823
20260602 0710;1.34698;1.34708;1.34677;1.3468;903
20260602 0715;1.3468;1.34686;1.34653;1.34671;970
20260602 0720;1.34671;1.34696;1.34667;1.34677;798
20260602 0725;1.34677;1.34687;1.34672;1.3468;848
20260602 0730;1.3468;1.34687;1.34659;1.3466;962
20260602 0735;1.3466;1.34704;1.3466;1.34701;1069
20260602 0740;1.34701;1.34706;1.34688;1.347;863
20260602 0745;1.347;1.34722;1.34693;1.34722;454
20260602 0750;1.34722;1.34749;1.34719;1.34746;684
20260602 0755;1.34746;1.3477;1.34736;1.34739;940
20260602 0800;1.34739;1.34753;1.34714;1.34714;1053
20260602 0805;1.34714;1.34752;1.34712;1.34728;853
20260602 0810;1.34728;1.34729;1.34713;1.34721;700
20260602 0815;1.34721;1.34757;1.34705;1.34748;1069
20260602 0820;1.34748;1.34767;1.34748;1.34748;955
20260602 0825;1.34748;1.34769;1.34747;1.34768;437
20260602 0830;1.34768;1.3477;1.34727;1.34757;560
20260602 0835;1.34757;1.34775;1.34726;1.34743;649
20260602 0840;1.34743;1.3476;1.34721;1.34737;788
20260602 0845;1.34737;1.34746;1.34714;1.34726;1204
20260602 0850;1.34726;1.34733;1.34713;1.3472;922
20260602 0855;1.3472;1.34737;1.34714;1.34719;993
20260602 0900;1.34719;1.34754;1.34709;1.3474;1471
20260602 0905;1.3474;1.34761;1.34711;1.34725;2123
20260602 0910;1.34725;1.34758;1.34721;1.34731;1668
20260602 0915;1.34731;1.3475;1.34725;1.34748;1151
20260602 0920;1.34748;1.34768;1.34725;1.34761;1299
20260602 0925;1.34761;1.3477;1.34726;1.34731;1292
20260602 0930;1.34731;1.34776;1.34731;1.34739;1576
20260602 0935;1.34739;1.34774;1.34738;1.34749;1505
20260602 0940;1.34749;1.34771;1.34735;1.34736;1144
20260602 0945;1.34736;1.3475;1.34702;1.34709;1549
20260602 0950;1.34709;1.34709;1.34671;1.34679;1215
20260602 0955;1.34679;1.3471;1.3467;1.34704;698
20260602 1000;1.34704;1.34704;1.34623;1.34662;1312
20260602 1005;1.34662;1.34698;1.34655;1.34675;1452
20260602 1010;1.34675;1.34707;1.34665;1.34698;1280
20260602 1015;1.34698;1.34727;1.34676;1.34695;1056
20260602 1020;1.34695;1.34698;1.34641;1.34651;1442
20260602 1025;1.34651;1.3469;1.3465;1.34681;1472
20260602 1030;1.34681;1.3472;1.34677;1.34716;1181
20260602 1035;1.34716;1.34776;1.34716;1.34764;944
20260602 1040;1.34764;1.34805;1.34758;1.34787;1053
20260602 1045;1.34787;1.34787;1.34745;1.34765;896
20260602 1050;1.34765;1.34765;1.34684;1.34699;1693
20260602 1055;1.34699;1.34754;1.34695;1.34722;1747
20260602 1100;1.34722;1.34768;1.3472;1.34735;1631
20260602 1105;1.34735;1.34795;1.34714;1.34787;1345
20260602 1110;1.34787;1.34788;1.34746;1.34757;978
20260602 1115;1.34757;1.34769;1.34739;1.34768;980
20260602 1120;1.34768;1.34802;1.34764;1.34795;1221
20260602 1125;1.34795;1.34799;1.34736;1.34739;1873
20260602 1130;1.34739;1.34757;1.34718;1.34729;1505
20260602 1135;1.34729;1.34769;1.34728;1.34738;966
20260602 1140;1.34738;1.3475;1.34727;1.3474;879
20260602 1145;1.3474;1.34779;1.34731;1.3476;728
20260602 1150;1.3476;1.3478;1.34746;1.34769;863
20260602 1155;1.34769;1.348;1.3476;1.34791;1004
20260602 1200;1.34791;1.34799;1.3474;1.34745;1098
20260602 1205;1.34745;1.34785;1.34745;1.34762;980
20260602 1210;1.34762;1.348;1.34747;1.34788;1000
20260602 1215;1.34788;1.348;1.34747;1.34748;963
20260602 1220;1.34748;1.34762;1.34718;1.34747;1184
20260602 1225;1.34747;1.34749;1.34709;1.34711;1000
20260602 1230;1.34711;1.34741;1.34711;1.34717;739
20260602 1235;1.34717;1.34721;1.34682;1.34683;593
20260602 1240;1.34683;1.3469;1.34656;1.34674;644
20260602 1245;1.34674;1.34682;1.34646;1.3468;685
20260602 1250;1.3468;1.34686;1.34666;1.34669;664
20260602 1255;1.34669;1.34669;1.34645;1.34662;701
20260602 1300;1.34662;1.34679;1.34645;1.34669;1271
20260602 1305;1.34669;1.34669;1.34627;1.34636;945
20260602 1310;1.34636;1.34646;1.3462;1.3464;655
20260602 1315;1.3464;1.34647;1.34614;1.34626;604
20260602 1320;1.34626;1.34645;1.34619;1.34625;698
20260602 1325;1.34625;1.34632;1.34605;1.3463;1027
20260602 1330;1.3463;1.34647;1.3462;1.3464;725
20260602 1335;1.3464;1.34641;1.34604;1.34604;808
20260602 1340;1.34604;1.34627;1.34599;1.34617;683
20260602 1345;1.34617;1.3462;1.34595;1.34603;779
20260602 1350;1.34603;1.34607;1.3458;1.3458;770
20260602 1355;1.3458;1.34599;1.34574;1.34591;552
20260602 1400;1.34591;1.34614;1.34588;1.34591;768
20260602 1405;1.34591;1.346;1.3457;1.34573;813
20260602 1410;1.34573;1.34582;1.34556;1.34571;869
20260602 1415;1.34571;1.34576;1.34533;1.34546;836
20260602 1420;1.34546;1.34602;1.34532;1.346;1151
20260602 1425;1.346;1.3461;1.34591;1.34608;1001
20260602 1430;1.34608;1.3464;1.34608;1.34626;1068
20260602 1435;1.34626;1.34636;1.34612;1.34627;857
20260602 1440;1.34627;1.34637;1.34624;1.34628;781
20260602 1445;1.34628;1.3469;1.34625;1.34686;841
20260602 1450;1.34686;1.34691;1.34679;1.34689;650
20260602 1455;1.34689;1.34706;1.34686;1.3469;496
20260602 1500;1.3469;1.34702;1.34686;1.3469;540
20260602 1505;1.3469;1.3471;1.34686;1.34701;367
20260602 1510;1.34701;1.34707;1.34691;1.34707;335
20260602 1515;1.34707;1.34723;1.34702;1.34706;346
20260602 1520;1.34706;1.34708;1.34688;1.3469;418
20260602 1525;1.3469;1.34697;1.34679;1.34694;463
20260602 1530;1.34694;1.34696;1.34682;1.34688;354
20260602 1535;1.34688;1.34689;1.34678;1.34679;421
20260602 1540;1.34679;1.34687;1.34677;1.34686;314
20260602 1545;1.34686;1.34697;1.34679;1.34696;374
20260602 1550;1.34696;1.34698;1.34682;1.34683;417
20260602 1555;1.34683;1.34694;1.34675;1.34685;896
20260602 1600;1.34685;1.34708;1.34681;1.34706;461
20260602 1605;1.34706;1.34716;1.34703;1.34704;212
20260602 1610;1.34704;1.34704;1.3469;1.34692;115
20260602 1615;1.34692;1.34694;1.34674;1.34674;108
20260602 1620;1.34674;1.34679;1.34666;1.34667;113
20260602 1625;1.34667;1.34674;1.34665;1.34668;316
20260602 1630;1.34668;1.34676;1.34665;1.34666;187
20260602 1635;1.34666;1.34667;1.3466;1.34662;165
20260602 1640;1.34662;1.34672;1.34661;1.34671;172
20260602 1645;1.34671;1.34676;1.34666;1.34667;220
20260602 1650;1.34667;1.34681;1.34666;1.34667;224
20260602 1655;1.34667;1.34674;1.34632;1.34647;1212
20260602 1700;1.34647;1.34647;1.34592;1.34615;21
20260602 1705;1.34615;1.34623;1.34606;1.3462;77
20260602 1710;1.3462;1.34658;1.34609;1.34611;73
20260602 1715;1.34611;1.34628;1.34601;1.34611;101
20260602 1720;1.34611;1.34633;1.3461;1.34617;39
20260602 1725;1.34617;1.34617;1.34553;1.34566;74
20260602 1730;1.34566;1.34601;1.3455;1.34572;265
20260602 1735;1.34572;1.34604;1.34552;1.3458;201
20260602 1740;1.3458;1.34607;1.34574;1.34589;145
20260602 1745;1.34589;1.34599;1.34562;1.34577;132
20260602 1750;1.34577;1.34595;1.34565;1.3459;86
20260602 1755;1.3459;1.34613;1.34546;1.34584;1605
20260602 1800;1.34584;1.34663;1.34584;1.34652;127
20260602 1805;1.34652;1.34667;1.34645;1.34657;115
20260602 1810;1.34657;1.34668;1.34631;1.34634;104
20260602 1815;1.34634;1.34638;1.34627;1.3463;67
20260602 1820;1.3463;1.34637;1.34627;1.34636;60
20260602 1825;1.34636;1.34656;1.34633;1.34651;76
20260602 1830;1.34651;1.34653;1.34642;1.34642;112
20260602 1835;1.34642;1.3465;1.34641;1.34643;87
20260602 1840;1.34643;1.34648;1.34641;1.34643;78
20260602 1845;1.34643;1.34647;1.34638;1.34644;142
20260602 1850;1.34644;1.34644;1.34622;1.34627;207
20260602 1855;1.34627;1.34638;1.34613;1.34617;199
20260602 1900;1.34617;1.34624;1.34599;1.34607;366
20260602 1905;1.34607;1.34616;1.346;1.34608;207
20260602 1910;1.34608;1.34617;1.346;1.34607;223
20260602 1915;1.34607;1.34608;1.34586;1.34588;283
20260602 1920;1.34588;1.34594;1.34555;1.3456;462
20260602 1925;1.3456;1.3457;1.34557;1.34568;415
20260602 1930;1.34568;1.34577;1.34545;1.34549;378
20260602 1935;1.34549;1.34569;1.34515;1.34515;573
20260602 1940;1.34515;1.34545;1.34505;1.34542;469
20260602 1945;1.34542;1.34542;1.3451;1.34527;469
20260602 1950;1.34527;1.34536;1.34525;1.34534;280
20260602 1955;1.34534;1.34542;1.34527;1.34528;306
20260602 2000;1.34528;1.3456;1.34516;1.34556;892
20260602 2005;1.34556;1.34569;1.34548;1.34557;671
20260602 2010;1.34557;1.34576;1.34554;1.34565;408
20260602 2015;1.34565;1.34594;1.34556;1.34589;519
20260602 2020;1.34589;1.34618;1.34584;1.34603;608
20260602 2025;1.34603;1.34615;1.34597;1.34613;558
20260602 2030;1.34613;1.34637;1.34608;1.34633;527
20260602 2035;1.34633;1.34658;1.34631;1.34656;405
20260602 2040;1.34656;1.3467;1.34644;1.34648;378
20260602 2045;1.34648;1.34655;1.34639;1.34651;361
20260602 2050;1.34651;1.3467;1.34639;1.3464;479
20260602 2055;1.3464;1.34666;1.34635;1.34656;457
20260602 2100;1.34656;1.34667;1.34628;1.34637;1159
20260602 2105;1.34637;1.34647;1.3462;1.34645;752
20260602 2110;1.34645;1.34656;1.34636;1.34647;622
20260602 2115;1.34647;1.34657;1.34634;1.34648;463
20260602 2120;1.34648;1.34663;1.34645;1.3466;388
20260602 2125;1.3466;1.34681;1.34654;1.34676;388
20260602 2130;1.34676;1.34685;1.34643;1.34684;779
20260602 2135;1.34684;1.34708;1.34682;1.34697;516
20260602 2140;1.34697;1.34704;1.34686;1.34697;426
20260602 2145;1.34697;1.34717;1.34688;1.34715;396
20260602 2150;1.34715;1.34716;1.34695;1.34696;426
20260602 2155;1.34696;1.34699;1.34653;1.34672;567
20260602 2200;1.34672;1.34696;1.34672;1.34687;372
20260602 2205;1.34687;1.34704;1.34683;1.34697;367
20260602 2210;1.34697;1.34705;1.34694;1.34702;306
20260602 2215;1.34702;1.34705;1.34692;1.34693;328
20260602 2220;1.34693;1.34697;1.3468;1.34687;416
20260602 2225;1.34687;1.34693;1.34671;1.34673;360
20260602 2230;1.34673;1.3468;1.34658;1.34678;389
20260602 2235;1.34678;1.34678;1.34655;1.34667;368
20260602 2240;1.34667;1.3468;1.34657;1.34657;325
20260602 2245;1.34657;1.34658;1.34609;1.34634;699
20260602 2250;1.34634;1.34643;1.34616;1.34639;385
20260602 2255;1.34639;1.34653;1.34631;1.34633;519
20260602 2300;1.34633;1.34647;1.34621;1.3464;671
20260602 2305;1.3464;1.3465;1.34627;1.34638;470
20260602 2310;1.34638;1.34638;1.34617;1.3462;265
20260602 2315;1.3462;1.34627;1.34615;1.34622;319
20260602 2320;1.34622;1.34637;1.34622;1.34632;414
20260602 2325;1.34632;1.34634;1.34613;1.34616;362
20260602 2330;1.34616;1.34619;1.34607;1.34616;336
20260602 2335;1.34616;1.34629;1.34612;1.34626;278
20260602 2340;1.34626;1.34647;1.34623;1.34633;156
20260602 2345;1.34633;1.34641;1.34632;1.34637;205
20260602 2350;1.34637;1.34648;1.34631;1.34632;216
20260602 2355;1.34632;1.34639;1.34624;1.34631;410
20260603 0000;1.34631;1.34639;1.34619;1.34627;391
20260603 0005;1.34627;1.34627;1.34604;1.34607;156
20260603 0010;1.34607;1.34608;1.34597;1.34602;307
20260603 0015;1.34602;1.34613;1.346;1.34608;251
20260603 0020;1.34608;1.34608;1.34597;1.34604;276
20260603 0025;1.34604;1.34608;1.34587;1.34591;292
20260603 0030;1.34591;1.34605;1.34589;1.34594;282
20260603 0035;1.34594;1.34598;1.34585;1.34596;291
20260603 0040;1.34596;1.34604;1.3459;1.34603;243
20260603 0045;1.34603;1.34603;1.34589;1.34592;303
20260603 0050;1.34592;1.34605;1.34583;1.34598;247
20260603 0055;1.34598;1.34615;1.3459;1.34599;307
20260603 0100;1.34599;1.34605;1.34588;1.34603;359
20260603 0105;1.34603;1.34618;1.34599;1.34616;303
20260603 0110;1.34616;1.34619;1.34608;1.34613;319
20260603 0115;1.34613;1.34635;1.34613;1.34618;316
20260603 0120;1.34618;1.34621;1.34606;1.34607;252
20260603 0125;1.34607;1.34608;1.34555;1.3456;467
20260603 0130;1.3456;1.34563;1.34532;1.34545;744
20260603 0135;1.34545;1.34558;1.34538;1.34542;484
20260603 0140;1.34542;1.34551;1.34529;1.3453;419
20260603 0145;1.3453;1.34548;1.34526;1.34548;365
20260603 0150;1.34548;1.34551;1.34527;1.34539;458
20260603 0155;1.34539;1.34541;1.34494;1.34498;585
20260603 0200;1.34498;1.34537;1.34491;1.34526;1073
20260603 0205;1.34526;1.34526;1.34468;1.34469;798
20260603 0210;1.34469;1.34473;1.34418;1.34438;1023
20260603 0215;1.34438;1.34454;1.34416;1.34452;1201
20260603 0220;1.34452;1.34458;1.34369;1.34378;1130
20260603 0225;1.34378;1.34429;1.34374;1.34419;1473
20260603 0230;1.34419;1.34459;1.34405;1.34439;1625
20260603 0235;1.34439;1.34477;1.34439;1.34469;1381
20260603 0240;1.34469;1.34486;1.34444;1.34468;1338
20260603 0245;1.34468;1.34469;1.34425;1.34451;1258
20260603 0250;1.34451;1.34479;1.34448;1.34472;842
20260603 0255;1.34472;1.34511;1.34466;1.34499;950
20260603 0300;1.34499;1.34506;1.34456;1.34483;1878
20260603 0305;1.34483;1.34516;1.34471;1.345;1164
20260603 0310;1.345;1.34542;1.345;1.34518;1382
20260603 0315;1.34518;1.34531;1.34498;1.34509;1025
20260603 0320;1.34509;1.34518;1.34479;1.3449;896
20260603 0325;1.3449;1.34496;1.3446;1.3446;1009
20260603 0330;1.3446;1.34543;1.34427;1.34535;2033
20260603 0335;1.34535;1.34583;1.34533;1.34538;2690
20260603 0340;1.34538;1.3462;1.34526;1.3462;1393
20260603 0345;1.3462;1.34624;1.34585;1.3459;1096
20260603 0350;1.3459;1.34612;1.34576;1.34587;880
20260603 0355;1.34587;1.3459;1.34546;1.34563;1143
20260603 0400;1.34563;1.3458;1.34534;1.34557;1192
20260603 0405;1.34557;1.34559;1.34528;1.34537;892
20260603 0410;1.34537;1.34539;1.34487;1.34492;723
20260603 0415;1.34492;1.34495;1.34448;1.34491;1007
20260603 0420;1.34491;1.34501;1.34468;1.34476;794
20260603 0425;1.34476;1.34519;1.34476;1.34501;986
20260603 0430;1.34501;1.34549;1.3449;1.34499;1741
20260603 0435;1.34499;1.34508;1.34442;1.34443;1066
20260603 0440;1.34443;1.34444;1.34404;1.34417;1502
20260603 0445;1.34417;1.3447;1.34417;1.34457;1186
20260603 0450;1.34457;1.34464;1.34424;1.3443;856
20260603 0455;1.3443;1.3445;1.34423;1.34428;730
20260603 0500;1.34428;1.34469;1.34422;1.34455;1005
20260603 0505;1.34455;1.34487;1.34448;1.34475;749
20260603 0510;1.34475;1.34484;1.34462;1.34482;540
20260603 0515;1.34482;1.34495;1.34468;1.34489;836
20260603 0520;1.34489;1.3451;1.34463;1.34472;856
20260603 0525;1.34472;1.34506;1.34459;1.3446;1090
20260603 0530;1.3446;1.34479;1.34439;1.34454;1218
20260603 0535;1.34454;1.34489;1.34454;1.34486;863
20260603 0540;1.34486;1.34491;1.3447;1.34478;808
20260603 0545;1.34478;1.34501;1.34462;1.3448;975
20260603 0550;1.3448;1.34495;1.34459;1.34463;860
20260603 0555;1.34463;1.34482;1.34447;1.34481;1085
20260603 0600;1.34481;1.34507;1.34468;1.34507;1219
20260603 0605;1.34507;1.34599;1.34507;1.34556;3995
20260603 0610;1.34556;1.34572;1.34507;1.34528;1199
20260603 0615;1.34528;1.34528;1.34475;1.34476;929
20260603 0620;1.34476;1.34493;1.34465;1.34493;998
20260603 0625;1.34493;1.34498;1.34464;1.34475;792
20260603 0630;1.34475;1.34496;1.34467;1.34479;1174
20260603 0635;1.34479;1.34486;1.34466;1.34474;925
20260603 0640;1.34474;1.34476;1.34457;1.34466;700
20260603 0645;1.34466;1.34477;1.34459;1.34473;593
20260603 0650;1.34473;1.34503;1.3447;1.34499;815
20260603 0655;1.34499;1.34507;1.34489;1.34498;768
20260603 0700;1.34498;1.34527;1.34496;1.34519;1251
20260603 0705;1.34519;1.3454;1.34503;1.34524;1053
20260603 0710;1.34524;1.34551;1.34521;1.34545;738
20260603 0715;1.34545;1.34545;1.34514;1.34537;633
20260603 0720;1.34537;1.34549;1.34529;1.34538;636
20260603 0725;1.34538;1.34543;1.34528;1.34538;723
20260603 0730;1.34538;1.34558;1.34532;1.34538;648
20260603 0735;1.34538;1.34541;1.34519;1.34526;586
20260603 0740;1.34526;1.34529;1.34485;1.34488;545
20260603 0745;1.34488;1.34529;1.34485;1.3451;676
20260603 0750;1.3451;1.34558;1.34509;1.34544;818
20260603 0755;1.34544;1.34547;1.34486;1.34502;1283
20260603 0800;1.34502;1.34511;1.34469;1.34487;1789
20260603 0805;1.34487;1.3449;1.34463;1.34468;1172
20260603 0810;1.34468;1.34493;1.34468;1.3447;894
20260603 0815;1.3447;1.3448;1.3444;1.34443;949
20260603 0820;1.34443;1.34443;1.34414;1.34433;1380
20260603 0825;1.34433;1.3444;1.3441;1.3441;887
20260603 0830;1.3441;1.34412;1.3435;1.34351;1237
20260603 0835;1.34351;1.34352;1.34285;1.34291;2056
20260603 0840;1.34291;1.34382;1.34274;1.34371;1863
20260603 0845;1.34371;1.34372;1.3433;1.34336;1800
20260603 0850;1.34336;1.34336;1.34295;1.34321;1554
20260603 0855;1.34321;1.34324;1.34302;1.3432;636
20260603 0900;1.3432;1.34337;1.343;1.34335;949
20260603 0905;1.34335;1.34351;1.34322;1.34342;922
20260603 0910;1.34342;1.34364;1.34327;1.3433;964
20260603 0915;1.3433;1.34337;1.34257;1.34269;1339
20260603 0920;1.34269;1.343;1.34248;1.3426;1668
20260603 0925;1.3426;1.34326;1.34241;1.34322;1905
20260603 0930;1.34322;1.34333;1.34271;1.34301;2917
20260603 0935;1.34301;1.34338;1.34294;1.34312;2146
20260603 0940;1.34312;1.3433;1.34264;1.34267;2071
20260603 0945;1.34267;1.3429;1.34219;1.3422;2491
20260603 0950;1.3422;1.34277;1.34217;1.34259;2613
20260603 0955;1.34259;1.34281;1.34243;1.34249;1068
20260603 1000;1.34249;1.3431;1.34193;1.3429;1183
20260603 1005;1.3429;1.3429;1.34257;1.34268;1123
20260603 1010;1.34268;1.3434;1.34268;1.34321;1212
20260603 1015;1.34321;1.34338;1.34234;1.3426;2684
20260603 1020;1.3426;1.34289;1.34249;1.34282;2342
20260603 1025;1.34282;1.3431;1.34279;1.34299;1884
20260603 1030;1.34299;1.34305;1.34251;1.34281;1866
20260603 1035;1.34281;1.34298;1.34275;1.34297;1215
20260603 1040;1.34297;1.34297;1.34237;1.34238;1529
20260603 1045;1.34238;1.34247;1.34211;1.34229;1603
20260603 1050;1.34229;1.34326;1.34216;1.34311;3541
20260603 1055;1.34311;1.34373;1.34286;1.34369;2213
20260603 1100;1.34369;1.34373;1.34293;1.34296;1609
20260603 1105;1.34296;1.34302;1.3426;1.34274;1479
20260603 1110;1.34274;1.34309;1.34264;1.34304;1341
20260603 1115;1.34304;1.34377;1.34298;1.34349;2090
20260603 1120;1.34349;1.34358;1.34337;1.34341;1744
20260603 1125;1.34341;1.34357;1.34305;1.34357;1852
20260603 1130;1.34357;1.3438;1.34334;1.34375;1236
20260603 1135;1.34375;1.34386;1.34329;1.34362;1444
20260603 1140;1.34362;1.34387;1.34349;1.34378;962
20260603 1145;1.34378;1.34399;1.34335;1.34341;1206
20260603 1150;1.34341;1.3435;1.34318;1.34318;1168
20260603 1155;1.34318;1.34352;1.34314;1.34346;1353
20260603 1200;1.34346;1.34352;1.34297;1.34311;1505
20260603 1205;1.34311;1.34319;1.34228;1.34238;1741
20260603 1210;1.34238;1.34238;1.34207;1.34228;1417
20260603 1215;1.34228;1.34231;1.34181;1.34188;1443
20260603 1220;1.34188;1.34225;1.34174;1.3421;1288
20260603 1225;1.3421;1.34224;1.34197;1.34223;1346
20260603 1230;1.34223;1.3423;1.34176;1.34177;902
20260603 1235;1.34177;1.34185;1.34155;1.34156;944
20260603 1240;1.34156;1.3418;1.34156;1.3418;1471
20260603 1245;1.3418;1.34201;1.34174;1.342;1150
20260603 1250;1.342;1.3422;1.34181;1.342;1274
20260603 1255;1.342;1.34251;1.34188;1.34225;1309
20260603 1300;1.34225;1.34241;1.3422;1.34238;1144
20260603 1305;1.34238;1.34289;1.34218;1.34265;1194
20260603 1310;1.34265;1.34269;1.34205;1.34229;807
20260603 1315;1.34229;1.34229;1.34182;1.34182;652
20260603 1320;1.34182;1.34193;1.34179;1.34191;631
20260603 1325;1.34191;1.34192;1.34168;1.34172;571
20260603 1330;1.34172;1.34181;1.34153;1.3418;674
20260603 1335;1.3418;1.3419;1.34174;1.34187;366
20260603 1340;1.34187;1.34193;1.34165;1.34168;393
20260603 1345;1.34168;1.34168;1.34149;1.34157;812
20260603 1350;1.34157;1.34188;1.34155;1.34169;598
20260603 1355;1.34169;1.34179;1.34153;1.34157;428
20260603 1400;1.34157;1.34179;1.34156;1.34168;608
20260603 1405;1.34168;1.34168;1.34139;1.34139;738
20260603 1410;1.34139;1.3415;1.34127;1.34132;472
20260603 1415;1.34132;1.34157;1.34129;1.3414;491
20260603 1420;1.3414;1.34167;1.34116;1.34151;823
20260603 1425;1.34151;1.34163;1.34143;1.34157;499
20260603 1430;1.34157;1.34159;1.34136;1.34136;545
20260603 1435;1.34136;1.3415;1.34128;1.34149;765
20260603 1440;1.34149;1.34155;1.34139;1.34153;521
20260603 1445;1.34153;1.3418;1.34151;1.34167;479
20260603 1450;1.34167;1.34182;1.34166;1.34176;540
20260603 1455;1.34176;1.34177;1.34154;1.34157;274
20260603 1500;1.34165;1.34188;1.34156;1.34179;583
20260603 1505;1.34179;1.34187;1.34169;1.34169;498
20260603 1510;1.34169;1.3418;1.34168;1.34169;413
20260603 1515;1.34169;1.34209;1.34168;1.34189;850
20260603 1520;1.34189;1.34205;1.34187;1.34189;554
20260603 1525;1.34189;1.34196;1.34169;1.3418;460
20260603 1530;1.3418;1.3419;1.34178;1.34181;503
20260603 1535;1.34181;1.34209;1.34181;1.34201;558
20260603 1540;1.34201;1.34208;1.34189;1.34191;421
20260603 1545;1.34191;1.34201;1.34183;1.34198;412
20260603 1550;1.34198;1.34204;1.34182;1.34189;777
20260603 1555;1.34189;1.34198;1.34178;1.34195;362
20260603 1600;1.34195;1.34208;1.34195;1.34198;247
20260603 1605;1.34198;1.34202;1.34184;1.342;160
20260603 1610;1.342;1.34208;1.34198;1.342;202
20260603 1615;1.342;1.34203;1.34177;1.34178;381
20260603 1620;1.34178;1.34187;1.34172;1.34179;434
20260603 1625;1.34179;1.34194;1.34167;1.34169;441
20260603 1630;1.34169;1.34179;1.34166;1.34175;349
20260603 1635;1.34175;1.34177;1.34159;1.34161;207
20260603 1640;1.34161;1.34169;1.34161;1.34167;300
20260603 1645;1.34167;1.34179;1.34165;1.34174;349
20260603 1650;1.34174;1.34188;1.34173;1.34188;100
20260603 1655;1.34188;1.34196;1.34159;1.34159;302
20260603 1700;1.34159;1.3416;1.34115;1.34115;9
20260603 1705;1.34115;1.3415;1.34101;1.34146;143
20260603 1710;1.34146;1.3417;1.34111;1.34111;145
20260603 1715;1.34111;1.34131;1.34109;1.34116;96
20260603 1720;1.34116;1.34116;1.34094;1.34107;104
20260603 1725;1.34107;1.34124;1.34101;1.34116;140
20260603 1730;1.34116;1.34125;1.341;1.34117;234
20260603 1735;1.34117;1.34136;1.34106;1.34114;380
20260603 1740;1.34114;1.34138;1.34107;1.34119;568
20260603 1745;1.34119;1.34132;1.34118;1.3413;114
20260603 1750;1.3413;1.34156;1.34124;1.34139;312
20260603 1755;1.34139;1.34146;1.34088;1.34091;887
20260603 1800;1.34091;1.34184;1.34091;1.34123;188
20260603 1805;1.34123;1.34143;1.34121;1.34143;78
20260603 1810;1.34143;1.34145;1.34124;1.34129;117
20260603 1815;1.34129;1.34138;1.34116;1.34136;145
20260603 1820;1.34136;1.34147;1.34133;1.34146;42
20260603 1825;1.34146;1.34151;1.34138;1.34139;53
20260603 1830;1.34139;1.34154;1.34138;1.34145;113
20260603 1835;1.34145;1.34149;1.34142;1.34142;66
20260603 1840;1.34142;1.34143;1.34132;1.34135;52
20260603 1845;1.34135;1.34138;1.34133;1.34135;116
20260603 1850;1.34135;1.34144;1.3413;1.34142;84
20260603 1855;1.34142;1.34285;1.3414;1.34224;1115
20260603 1900;1.34224;1.34253;1.34223;1.34224;632
20260603 1905;1.34224;1.34225;1.34197;1.34201;340
20260603 1910;1.34201;1.34204;1.34171;1.34198;285
20260603 1915;1.34198;1.34205;1.34189;1.34204;212
20260603 1920;1.34204;1.34215;1.34202;1.34204;200
20260603 1925;1.34204;1.34215;1.34196;1.34207;257
20260603 1930;1.34207;1.34223;1.34203;1.34222;275
20260603 1935;1.34222;1.34225;1.34213;1.34222;271
20260603 1940;1.34222;1.34236;1.34218;1.34229;241
20260603 1945;1.34229;1.34263;1.34229;1.34263;397
20260603 1950;1.34263;1.34276;1.34255;1.34274;384
20260603 1955;1.34274;1.34279;1.34261;1.34262;334
20260603 2000;1.34262;1.34282;1.34233;1.34249;1666
20260603 2005;1.34249;1.34257;1.34235;1.34236;820
20260603 2010;1.34236;1.34265;1.34233;1.34264;844
20260603 2015;1.34264;1.34312;1.34252;1.34294;858
20260603 2020;1.34294;1.34299;1.34269;1.34274;576
20260603 2025;1.34274;1.34277;1.34264;1.34274;611
20260603 2030;1.34274;1.34308;1.34264;1.34308;594
20260603 2035;1.34308;1.34315;1.34284;1.34293;609
20260603 2040;1.34293;1.34316;1.3429;1.34314;487
20260603 2045;1.34314;1.34317;1.34288;1.34295;665
20260603 2050;1.34295;1.343;1.34261;1.34268;728
20260603 2055;1.34268;1.34268;1.34228;1.34255;965
20260603 2100;1.34255;1.34255;1.34226;1.34234;1145
20260603 2105;1.34234;1.34249;1.3423;1.34247;637
20260603 2110;1.34247;1.34262;1.34243;1.34247;944
20260603 2115;1.34247;1.34257;1.34235;1.34253;771
20260603 2120;1.34253;1.34272;1.34248;1.34248;711
20260603 2125;1.34248;1.34257;1.34237;1.34242;653
20260603 2130;1.34242;1.34256;1.34235;1.34253;820
20260603 2135;1.34253;1.34275;1.34246;1.34259;576
20260603 2140;1.34259;1.34263;1.34234;1.34241;678
20260603 2145;1.34241;1.34264;1.34239;1.34262;757
20260603 2150;1.34262;1.34263;1.34245;1.34251;713
20260603 2155;1.34251;1.34275;1.34248;1.34271;762
20260603 2200;1.34271;1.34274;1.3424;1.34243;796
20260603 2205;1.34243;1.34263;1.3424;1.34245;795
20260603 2210;1.34245;1.34248;1.34234;1.34235;742
20260603 2215;1.34235;1.34238;1.34221;1.34227;572
20260603 2220;1.34227;1.34239;1.34226;1.34231;569
20260603 2225;1.34231;1.34245;1.34231;1.34238;457
20260603 2230;1.34238;1.34244;1.34227;1.34236;532
20260603 2235;1.34236;1.34247;1.34231;1.34243;380
20260603 2240;1.34243;1.3425;1.34239;1.34248;404
20260603 2245;1.34248;1.34269;1.34247;1.34263;594
20260603 2250;1.34263;1.3427;1.34255;1.34264;511
20260603 2255;1.34264;1.34274;1.34258;1.34259;487
20260603 2300;1.34259;1.34261;1.34236;1.34244;598
20260603 2305;1.34244;1.34254;1.34225;1.34232;398
20260603 2310;1.34232;1.34237;1.34193;1.34197;353
20260603 2315;1.34197;1.3421;1.34196;1.34207;463
20260603 2320;1.34207;1.34208;1.34194;1.34194;265
20260603 2325;1.34194;1.34194;1.34171;1.34181;456
20260603 2330;1.34181;1.34198;1.34171;1.34195;388
20260603 2335;1.34195;1.34207;1.34182;1.34185;427
20260603 2340;1.34185;1.34186;1.34169;1.34184;392
20260603 2345;1.34184;1.34188;1.34175;1.34188;429
20260603 2350;1.34188;1.34215;1.34186;1.34205;305
20260603 2355;1.34205;1.34241;1.34205;1.34228;401
20260604 0000;1.34228;1.34239;1.34225;1.34235;349
20260604 0005;1.34235;1.34237;1.34226;1.34229;296
20260604 0010;1.34229;1.34238;1.34223;1.34227;298
20260604 0015;1.34227;1.34237;1.34226;1.34236;318
20260604 0020;1.34236;1.34237;1.34226;1.34233;359
20260604 0025;1.34233;1.34241;1.34232;1.34238;281
20260604 0030;1.34238;1.34314;1.34237;1.34269;1016
20260604 0035;1.34269;1.34283;1.34255;1.34273;631
20260604 0040;1.34273;1.34304;1.34272;1.343;399
20260604 0045;1.343;1.34309;1.34294;1.34298;292
20260604 0050;1.34298;1.34301;1.34284;1.34295;301
20260604 0055;1.34295;1.34309;1.34295;1.34307;331
20260604 0100;1.34307;1.34321;1.34295;1.34298;572
20260604 0105;1.34298;1.3431;1.34285;1.34285;529
20260604 0110;1.34285;1.34288;1.3427;1.34278;359
20260604 0115;1.34278;1.34285;1.34261;1.34261;349
20260604 0120;1.34261;1.34261;1.34234;1.34237;545
20260604 0125;1.34237;1.34237;1.34222;1.34225;438
20260604 0130;1.34225;1.34228;1.34204;1.34214;607
20260604 0135;1.34214;1.34246;1.34211;1.34243;420
20260604 0140;1.34243;1.34273;1.34236;1.34266;663
20260604 0145;1.34266;1.34268;1.34255;1.34259;468
20260604 0150;1.34259;1.34284;1.34259;1.34283;388
20260604 0155;1.34283;1.34283;1.34259;1.3428;537
20260604 0200;1.3428;1.34317;1.34266;1.34302;1208
20260604 0205;1.34302;1.34324;1.34296;1.34306;879
20260604 0210;1.34306;1.34325;1.34296;1.34321;637
20260604 0215;1.34321;1.34321;1.34284;1.34287;828
20260604 0220;1.34287;1.34288;1.34257;1.34273;884
20260604 0225;1.34273;1.34309;1.34268;1.34298;785
20260604 0230;1.34298;1.34318;1.34278;1.34306;1015
20260604 0235;1.34306;1.34348;1.34306;1.34337;1266
20260604 0240;1.34337;1.34338;1.34309;1.34328;1134
20260604 0245;1.34328;1.34328;1.34264;1.34271;958
20260604 0250;1.34271;1.34292;1.34255;1.3428;1096
20260604 0255;1.3428;1.34282;1.34245;1.34277;1285
20260604 0300;1.34277;1.34293;1.34256;1.34279;1671
20260604 0305;1.34279;1.3428;1.34255;1.34276;948
20260604 0310;1.34276;1.34279;1.34255;1.34262;931
20260604 0315;1.34262;1.34277;1.34253;1.34269;711
20260604 0320;1.34269;1.3427;1.34208;1.34221;1192
20260604 0325;1.34221;1.34229;1.34179;1.34215;1372
20260604 0330;1.34215;1.34219;1.34196;1.34199;1018
20260604 0335;1.34199;1.34201;1.34129;1.3413;1416
20260604 0340;1.3413;1.3416;1.34114;1.34156;1737
20260604 0345;1.34156;1.34179;1.34125;1.34178;940
20260604 0350;1.34178;1.342;1.34164;1.34188;1000
20260604 0355;1.34188;1.34231;1.34185;1.34217;1048
20260604 0400;1.34217;1.34286;1.34216;1.34283;1353
20260604 0405;1.34283;1.34286;1.34248;1.34269;1216
20260604 0410;1.34269;1.3428;1.34251;1.3428;971
20260604 0415;1.3428;1.34306;1.34275;1.34299;941
20260604 0420;1.34299;1.343;1.34263;1.34299;861
20260604 0425;1.34299;1.34337;1.34288;1.34328;765
20260604 0430;1.34328;1.34355;1.34292;1.34297;1147
20260604 0435;1.34297;1.34303;1.34275;1.34279;960
20260604 0440;1.34279;1.343;1.34276;1.34292;951
20260604 0445;1.34292;1.34328;1.34288;1.343;884
20260604 0450;1.343;1.34312;1.34287;1.34305;946
20260604 0455;1.34305;1.34335;1.34295;1.34299;514
20260604 0500;1.34299;1.34357;1.34297;1.34354;1344
20260604 0505;1.34354;1.34373;1.34343;1.34354;1257
20260604 0510;1.34354;1.34366;1.34338;1.34346;1033
20260604 0515;1.34346;1.34365;1.34336;1.34365;961
20260604 0520;1.34365;1.34368;1.34343;1.34358;741
20260604 0525;1.34358;1.34386;1.34345;1.34364;1001
20260604 0530;1.34364;1.34386;1.34353;1.34374;938
20260604 0535;1.34374;1.34423;1.34371;1.34417;1056
20260604 0540;1.34417;1.3442;1.34396;1.34397;761
20260604 0545;1.34397;1.34405;1.34364;1.34377;973
20260604 0550;1.34377;1.34403;1.34373;1.34395;1144
20260604 0555;1.34395;1.34399;1.34363;1.34371;1254
20260604 0600;1.34371;1.34382;1.34346;1.34381;1216
20260604 0605;1.34381;1.34391;1.34361;1.34374;1050
20260604 0610;1.34374;1.34401;1.34354;1.34379;1201
20260604 0615;1.34379;1.3438;1.34357;1.34371;933
20260604 0620;1.34371;1.34375;1.34339;1.34354;1041
20260604 0625;1.34354;1.34388;1.34351;1.34385;878
20260604 0630;1.34385;1.344;1.34374;1.34388;918
20260604 0635;1.34388;1.34417;1.34386;1.34402;946
20260604 0640;1.34402;1.34417;1.34378;1.34407;1077
20260604 0645;1.34407;1.34425;1.34397;1.34398;1127
20260604 0650;1.34398;1.34398;1.34375;1.34384;1179
20260604 0655;1.34384;1.34436;1.34377;1.3443;1781
20260604 0700;1.3443;1.34496;1.34427;1.34488;1867
20260604 0705;1.34488;1.34527;1.34482;1.34523;1092
20260604 0710;1.34523;1.34527;1.34503;1.34515;919
20260604 0715;1.34515;1.3458;1.34513;1.34573;1540
20260604 0720;1.34573;1.34597;1.34552;1.34596;1303
20260604 0725;1.34596;1.34618;1.34574;1.34589;1928
20260604 0730;1.34589;1.34597;1.34528;1.34555;1402
20260604 0735;1.34555;1.34584;1.34534;1.34582;1292
20260604 0740;1.34582;1.34611;1.34556;1.34609;1246
20260604 0745;1.34609;1.34623;1.34582;1.34607;1577
20260604 0750;1.34607;1.34617;1.34596;1.34604;1611
20260604 0755;1.34604;1.34607;1.34583;1.34589;1043
20260604 0800;1.34589;1.34623;1.34573;1.34577;1478
20260604 0805;1.34577;1.3462;1.34566;1.34579;1298
20260604 0810;1.34579;1.34598;1.34521;1.34558;1959
20260604 0815;1.34558;1.34575;1.34544;1.34552;1395
20260604 0820;1.34552;1.34577;1.34544;1.34566;1319
20260604 0825;1.34566;1.3458;1.34552;1.3457;627
20260604 0830;1.3457;1.34604;1.34567;1.34596;673
20260604 0835;1.34596;1.34596;1.34572;1.34584;943
20260604 0840;1.34584;1.34589;1.34554;1.3458;1080
20260604 0845;1.3458;1.34587;1.34563;1.34585;1391
20260604 0850;1.34585;1.34616;1.34581;1.34607;991
20260604 0855;1.34607;1.34612;1.34558;1.34559;1131
20260604 0900;1.34559;1.34573;1.34533;1.34556;1462
20260604 0905;1.34556;1.34564;1.34529;1.34545;909
20260604 0910;1.34545;1.34546;1.34501;1.34511;1006
20260604 0915;1.34511;1.34548;1.34508;1.34541;1154
20260604 0920;1.34541;1.34545;1.34513;1.34516;1164
20260604 0925;1.34516;1.34548;1.34502;1.34541;1445
20260604 0930;1.34541;1.34552;1.345;1.34504;1436
20260604 0935;1.34504;1.34511;1.34481;1.34511;1894
20260604 0940;1.34511;1.34547;1.34493;1.34546;1502
20260604 0945;1.34546;1.34547;1.3451;1.34542;1075
20260604 0950;1.34542;1.34544;1.34491;1.34507;1463
20260604 0955;1.34507;1.34531;1.34487;1.3451;1115
20260604 1000;1.3451;1.3454;1.3446;1.3446;1446
20260604 1005;1.3446;1.34479;1.34444;1.34474;983
20260604 1010;1.34474;1.345;1.34461;1.34473;768
20260604 1015;1.34473;1.3448;1.34456;1.34476;1320
20260604 1020;1.34476;1.34489;1.34448;1.34452;1096
20260604 1025;1.34452;1.34461;1.34415;1.34423;1050
20260604 1030;1.34423;1.34426;1.34397;1.34414;1096
20260604 1035;1.34414;1.34415;1.34376;1.344;1108
20260604 1040;1.344;1.34426;1.34393;1.34408;1107
20260604 1045;1.34408;1.34416;1.34367;1.34377;1151
20260604 1050;1.34377;1.34404;1.34352;1.34384;1665
20260604 1055;1.34384;1.34455;1.34384;1.34435;1940
20260604 1100;1.34435;1.3444;1.34387;1.34387;1563
20260604 1105;1.34387;1.34407;1.34357;1.34381;1637
20260604 1110;1.34381;1.34388;1.34352;1.34367;1517
20260604 1115;1.34367;1.34385;1.34363;1.34373;1313
20260604 1120;1.34373;1.34376;1.34351;1.34353;1126
20260604 1125;1.34353;1.34359;1.34332;1.34335;1302
20260604 1130;1.34335;1.34359;1.34321;1.34327;1457
20260604 1135;1.34327;1.34354;1.34322;1.34331;1397
20260604 1140;1.34331;1.34344;1.34307;1.34314;1046
20260604 1145;1.34314;1.34338;1.34299;1.34324;803
20260604 1150;1.34324;1.34386;1.34324;1.34347;900
20260604 1155;1.34347;1.34411;1.34337;1.34391;1780
20260604 1200;1.34391;1.34393;1.34352;1.34352;1685
20260604 1205;1.34352;1.34389;1.34344;1.34375;1489
20260604 1210;1.34375;1.34392;1.34371;1.34389;1381
20260604 1215;1.34389;1.34418;1.34375;1.34404;1049
20260604 1220;1.34404;1.3442;1.34394;1.34396;643
20260604 1225;1.34396;1.3441;1.34395;1.34398;578
20260604 1230;1.34398;1.34404;1.34355;1.34359;1270
20260604 1235;1.34359;1.34383;1.34349;1.34368;783
20260604 1240;1.34368;1.34374;1.34356;1.34364;629
20260604 1245;1.34364;1.34369;1.34343;1.34366;762
20260604 1250;1.34366;1.34368;1.34347;1.34357;545
20260604 1255;1.34357;1.34373;1.34348;1.34352;819
20260604 1300;1.34352;1.34363;1.34336;1.34354;1063
20260604 1305;1.34354;1.34362;1.34323;1.34326;832
20260604 1310;1.34326;1.34335;1.3432;1.34321;580
20260604 1315;1.34321;1.34327;1.34314;1.34318;745
20260604 1320;1.34318;1.34336;1.34302;1.34328;692
20260604 1325;1.34328;1.3433;1.34305;1.34308;788
20260604 1330;1.34308;1.34324;1.34303;1.34317;702
20260604 1335;1.34317;1.34321;1.34284;1.34286;732
20260604 1340;1.34286;1.34308;1.34286;1.34295;488
20260604 1345;1.34295;1.34298;1.34281;1.34282;413
20260604 1350;1.34282;1.34294;1.34281;1.34283;854
20260604 1355;1.34283;1.34284;1.34261;1.34268;682
20260604 1400;1.34268;1.34293;1.34261;1.34272;972
20260604 1405;1.34272;1.34277;1.34264;1.34264;585
20260604 1410;1.34264;1.34284;1.34264;1.34273;565
20260604 1415;1.34273;1.34274;1.34262;1.34268;340
20260604 1420;1.34268;1.34283;1.34267;1.34275;459
20260604 1425;1.34275;1.34281;1.34251;1.34251;558
20260604 1430;1.34251;1.34258;1.34241;1.34255;625
20260604 1435;1.34255;1.34272;1.34245;1.34269;559
20260604 1440;1.34269;1.34277;1.34257;1.34265;540
20260604 1445;1.34265;1.34278;1.34264;1.34266;456
20260604 1450;1.34266;1.34271;1.34237;1.34245;492
20260604 1455;1.34245;1.34251;1.34234;1.34247;717
20260604 1500;1.34247;1.34259;1.34238;1.34241;588
20260604 1505;1.34241;1.34242;1.34214;1.34227;430
20260604 1510;1.34227;1.34231;1.34215;1.34221;253
20260604 1515;1.34221;1.34234;1.34221;1.34231;211
20260604 1520;1.34231;1.34234;1.34225;1.34231;326
20260604 1525;1.34231;1.34241;1.3423;1.34237;335
20260604 1530;1.34237;1.34246;1.34227;1.34244;481
20260604 1535;1.34244;1.34244;1.34231;1.34235;294
20260604 1540;1.34235;1.34239;1.34224;1.34228;346
20260604 1545;1.34228;1.34238;1.34217;1.34226;485
20260604 1550;1.34226;1.34249;1.34224;1.34245;640
20260604 1555;1.34245;1.34245;1.34231;1.34237;764
20260604 1600;1.34237;1.34245;1.34226;1.34239;449
20260604 1605;1.34239;1.34239;1.3423;1.34235;478
20260604 1610;1.34235;1.34236;1.34224;1.34225;216
20260604 1615;1.34225;1.34228;1.34214;1.34225;252
20260604 1620;1.34225;1.3423;1.34213;1.34215;226
20260604 1625;1.34215;1.3422;1.34203;1.34215;253
20260604 1630;1.34215;1.34218;1.34207;1.34216;254
20260604 1635;1.34216;1.34225;1.34211;1.34225;197
20260604 1640;1.34225;1.34238;1.34224;1.34236;316
20260604 1645;1.34236;1.34238;1.34234;1.34237;88
20260604 1650;1.34237;1.34243;1.34233;1.34236;133
20260604 1655;1.34236;1.34243;1.34228;1.34231;195
20260604 1700;1.34231;1.34238;1.34145;1.34236;49
20260604 1705;1.34236;1.3424;1.34179;1.3419;1935
20260604 1710;1.3419;1.34222;1.34174;1.34182;430
20260604 1715;1.34182;1.34213;1.34182;1.34195;149
20260604 1720;1.34195;1.34204;1.34177;1.34187;81
20260604 1725;1.34187;1.34209;1.34179;1.34194;187
20260604 1730;1.34194;1.34288;1.34186;1.34204;327
20260604 1735;1.34204;1.34227;1.34178;1.34217;335
20260604 1740;1.34217;1.34235;1.34193;1.34212;1173
20260604 1745;1.34212;1.34247;1.34197;1.34233;1491
20260604 1750;1.34233;1.34252;1.3421;1.34225;3141
20260604 1755;1.34225;1.34226;1.34168;1.34174;370
20260604 1800;1.34174;1.34236;1.34174;1.34233;205
20260604 1805;1.34233;1.34255;1.34233;1.34251;73
20260604 1810;1.34251;1.34253;1.34249;1.34251;49
20260604 1815;1.34251;1.34254;1.34238;1.34243;99
20260604 1820;1.34243;1.34243;1.34233;1.34235;59
20260604 1825;1.34235;1.34242;1.34235;1.34238;93
20260604 1830;1.34238;1.34247;1.34234;1.34234;61
20260604 1835;1.34234;1.3424;1.34232;1.34236;99
20260604 1840;1.34236;1.34237;1.34224;1.34224;67
20260604 1845;1.34224;1.34226;1.34221;1.34225;40
20260604 1850;1.34225;1.34236;1.34225;1.34232;86
20260604 1855;1.34232;1.34235;1.34229;1.34235;46
20260604 1900;1.34235;1.34243;1.34232;1.34241;107
20260604 1905;1.34241;1.34242;1.34232;1.34233;109
20260604 1910;1.34233;1.34243;1.34233;1.34242;110
20260604 1915;1.34242;1.34244;1.34236;1.34244;83
20260604 1920;1.34244;1.34244;1.34237;1.34243;89
20260604 1925;1.34243;1.34243;1.34232;1.34237;109
20260604 1930;1.34237;1.34238;1.34229;1.34234;66
20260604 1935;1.34234;1.3424;1.34231;1.34234;75
20260604 1940;1.34234;1.34241;1.34231;1.34235;77
20260604 1945;1.34235;1.34235;1.34215;1.34227;173
20260604 1950;1.34227;1.34237;1.34222;1.34232;316
20260604 1955;1.34232;1.34233;1.34217;1.34226;229
20260604 2000;1.34226;1.3423;1.34194;1.34218;839
20260604 2005;1.34218;1.34236;1.34206;1.34215;702
20260604 2010;1.34215;1.34227;1.34183;1.34195;828
20260604 2015;1.34195;1.34216;1.34184;1.34195;665
20260604 2020;1.34195;1.34212;1.34185;1.34199;672
20260604 2025;1.34199;1.34216;1.34193;1.34209;626
20260604 2030;1.34209;1.3423;1.34207;1.34224;595
20260604 2035;1.34224;1.34227;1.34211;1.34217;451
20260604 2040;1.34217;1.34233;1.34205;1.34208;551
20260604 2045;1.34208;1.34223;1.34201;1.34212;552
20260604 2050;1.34212;1.34222;1.34206;1.34221;458
20260604 2055;1.34221;1.34237;1.3421;1.34232;704
20260604 2100;1.34232;1.34235;1.34202;1.34212;1188
20260604 2105;1.34212;1.3424;1.34211;1.3422;761
20260604 2110;1.3422;1.34227;1.342;1.34203;628
20260604 2115;1.34203;1.34224;1.34195;1.34215;927
20260604 2120;1.34215;1.34215;1.34176;1.34178;762
20260604 2125;1.34178;1.34196;1.34158;1.34188;770
20260604 2130;1.34188;1.34236;1.34185;1.34216;703
20260604 2135;1.34216;1.34226;1.34205;1.34207;668
20260604 2140;1.34207;1.34224;1.34203;1.34223;648
20260604 2145;1.34223;1.3423;1.34217;1.34224;500
20260604 2150;1.34224;1.34243;1.34223;1.34234;520
20260604 2155;1.34234;1.34248;1.34233;1.34239;493
20260604 2200;1.34239;1.34263;1.34227;1.34256;596
20260604 2205;1.34256;1.34261;1.34245;1.34255;431
20260604 2210;1.34255;1.34266;1.34249;1.34261;375
20260604 2215;1.34261;1.34278;1.34246;1.34256;496
20260604 2220;1.34256;1.34277;1.34256;1.34276;566
20260604 2225;1.34276;1.34284;1.34273;1.34276;372
20260604 2230;1.34276;1.34276;1.3426;1.34264;397
20260604 2235;1.34264;1.34266;1.34253;1.34262;415
20260604 2240;1.34262;1.34262;1.34235;1.34239;603
20260604 2245;1.34239;1.34245;1.34233;1.34237;490
20260604 2250;1.34237;1.34255;1.34237;1.34242;440
20260604 2255;1.34242;1.34254;1.34241;1.34241;411
20260604 2300;1.34241;1.34248;1.34237;1.34243;632
20260604 2305;1.34243;1.34245;1.3423;1.34243;569
20260604 2310;1.34243;1.34246;1.34233;1.34238;482
20260604 2315;1.34238;1.34262;1.34238;1.34245;496
20260604 2320;1.34245;1.34265;1.34243;1.34262;587
20260604 2325;1.34262;1.34277;1.34255;1.34258;442
20260604 2330;1.34258;1.34266;1.34248;1.34251;446
20260604 2335;1.34251;1.34262;1.34247;1.34258;389
20260604 2340;1.34258;1.34262;1.34252;1.34252;380
20260604 2345;1.34252;1.34269;1.34252;1.34264;223
20260604 2350;1.34264;1.34266;1.34249;1.34255;308
20260604 2355;1.34255;1.34267;1.34254;1.34264;395
20260605 0000;1.34264;1.34272;1.34257;1.34263;423
20260605 0005;1.34263;1.34276;1.34263;1.34274;207
20260605 0010;1.34274;1.34277;1.34265;1.34273;260
20260605 0015;1.34273;1.34301;1.34268;1.34284;427
20260605 0020;1.34284;1.3429;1.34281;1.34283;266
20260605 0025;1.34283;1.34289;1.34256;1.34259;456
20260605 0030;1.34259;1.34276;1.34259;1.34275;407
20260605 0035;1.34275;1.34287;1.34272;1.34283;530
20260605 0040;1.34283;1.34294;1.34283;1.34292;537
20260605 0045;1.34292;1.34293;1.34282;1.3429;379
20260605 0050;1.3429;1.34303;1.34285;1.34303;432
20260605 0055;1.34303;1.34313;1.34289;1.34289;360
20260605 0100;1.34289;1.34296;1.34277;1.34283;620
20260605 0105;1.34283;1.34289;1.3428;1.34282;330
20260605 0110;1.34282;1.34293;1.34275;1.3428;375
20260605 0115;1.3428;1.34287;1.34279;1.34286;276
20260605 0120;1.34286;1.34295;1.34282;1.34289;390
20260605 0125;1.34289;1.34296;1.34285;1.34286;410
20260605 0130;1.34286;1.3431;1.34284;1.34302;425
20260605 0135;1.34302;1.34315;1.34295;1.34297;315
20260605 0140;1.34297;1.34304;1.34292;1.34292;364
20260605 0145;1.34292;1.34296;1.34284;1.34291;351
20260605 0150;1.34291;1.34303;1.34282;1.34284;308
20260605 0155;1.34284;1.34291;1.34247;1.34254;410
20260605 0200;1.34254;1.34267;1.34238;1.34256;1184
20260605 0205;1.34256;1.34268;1.34251;1.34255;757
20260605 0210;1.34255;1.3427;1.34244;1.34264;748
20260605 0215;1.34264;1.34276;1.34243;1.34264;960
20260605 0220;1.34264;1.34265;1.34243;1.34256;827
20260605 0225;1.34256;1.34287;1.34243;1.34284;1317
20260605 0230;1.34284;1.34326;1.34284;1.34313;1223
20260605 0235;1.34313;1.34325;1.34306;1.34318;1089
20260605 0240;1.34318;1.34357;1.34318;1.34354;781
20260605 0245;1.34354;1.34359;1.34347;1.34349;828
20260605 0250;1.34349;1.34354;1.34329;1.34348;1015
20260605 0255;1.34348;1.34357;1.34339;1.34352;931
20260605 0300;1.34352;1.34361;1.34339;1.34355;1014
20260605 0305;1.34355;1.34395;1.34353;1.34378;1002
20260605 0310;1.34378;1.34411;1.34375;1.34387;834
20260605 0315;1.34387;1.34406;1.34376;1.34383;836
20260605 0320;1.34383;1.34421;1.34377;1.34407;811
20260605 0325;1.34407;1.34427;1.34397;1.34425;631
20260605 0330;1.34425;1.34458;1.34417;1.34441;919
20260605 0335;1.34441;1.34485;1.34441;1.34473;1287
20260605 0340;1.34473;1.34475;1.34433;1.34436;1010
20260605 0345;1.34436;1.34471;1.34433;1.34465;579
20260605 0350;1.34465;1.34481;1.34447;1.34449;848
20260605 0355;1.34449;1.34479;1.34443;1.34454;1066
20260605 0400;1.34454;1.34483;1.34445;1.34452;1247
20260605 0405;1.34452;1.34482;1.3445;1.3447;1149
20260605 0410;1.3447;1.34536;1.34467;1.34535;821
20260605 0415;1.34535;1.34562;1.34516;1.34556;1255
20260605 0420;1.34556;1.34558;1.34534;1.34556;994
20260605 0425;1.34556;1.3456;1.34535;1.34555;915
20260605 0430;1.34555;1.34566;1.34543;1.34544;751
20260605 0435;1.34544;1.3458;1.34543;1.34574;676
20260605 0440;1.34574;1.34576;1.34536;1.34537;642
20260605 0445;1.34537;1.3457;1.34537;1.34555;764
20260605 0450;1.34555;1.34561;1.34545;1.34552;555
20260605 0455;1.34552;1.3456;1.34543;1.34551;502
20260605 0500;1.34551;1.34556;1.34529;1.34532;1054
20260605 0505;1.34532;1.34596;1.34531;1.34594;897
20260605 0510;1.34594;1.34696;1.3459;1.34651;2569
20260605 0515;1.34651;1.34658;1.34612;1.34612;1699
20260605 0520;1.34612;1.3465;1.34603;1.34628;1054
20260605 0525;1.34628;1.34636;1.34615;1.34632;745
20260605 0530;1.34632;1.34648;1.34608;1.34613;939
20260605 0535;1.34613;1.34625;1.34608;1.34617;712
20260605 0540;1.34617;1.34621;1.34597;1.34612;623
20260605 0545;1.34612;1.34634;1.34612;1.34624;519
20260605 0550;1.34624;1.34646;1.34615;1.34643;603
20260605 0555;1.34643;1.34657;1.34637;1.34645;867
20260605 0600;1.34645;1.34662;1.34636;1.34652;698
20260605 0605;1.34652;1.34671;1.34648;1.34666;573
20260605 0610;1.34666;1.34694;1.34664;1.34686;471
20260605 0615;1.34686;1.34727;1.34683;1.34725;491
20260605 0620;1.34725;1.34758;1.34725;1.34754;758
20260605 0625;1.34754;1.34792;1.3475;1.34789;705
20260605 0630;1.34789;1.34832;1.34788;1.34807;943
20260605 0635;1.34807;1.34814;1.34759;1.34774;750
20260605 0640;1.34774;1.34775;1.34735;1.34765;920
20260605 0645;1.34765;1.34774;1.34751;1.34753;590
20260605 0650;1.34753;1.34755;1.3472;1.34733;878
20260605 0655;1.34733;1.34757;1.3473;1.34742;930
20260605 0700;1.34742;1.3475;1.34709;1.34712;632
20260605 0705;1.34712;1.34717;1.34677;1.34717;673
20260605 0710;1.34717;1.34722;1.34677;1.34677;497
20260605 0715;1.34677;1.34697;1.34662;1.34694;675
20260605 0720;1.34694;1.34715;1.34683;1.34706;865
20260605 0725;1.34706;1.3473;1.34686;1.34713;939
20260605 0730;1.34713;1.34733;1.34703;1.34722;533
20260605 0735;1.34722;1.34728;1.34674;1.34678;822
20260605 0740;1.34678;1.34695;1.34664;1.34677;1107
20260605 0745;1.34677;1.34707;1.34676;1.34685;865
20260605 0750;1.34685;1.34713;1.34681;1.34702;931
20260605 0755;1.34702;1.34708;1.34673;1.34682;957
20260605 0800;1.34682;1.3469;1.3465;1.3466;1115
20260605 0805;1.3466;1.34685;1.34654;1.34673;821
20260605 0810;1.34673;1.34685;1.34663;1.34667;713
20260605 0815;1.34667;1.34669;1.34642;1.34658;850
20260605 0820;1.34658;1.34668;1.34642;1.34645;932
20260605 0825;1.34645;1.34646;1.34612;1.34624;668
20260605 0830;1.34624;1.34635;1.34351;1.34397;3244
20260605 0835;1.34397;1.34439;1.34301;1.34387;2545
20260605 0840;1.34387;1.34409;1.3431;1.34311;1668
20260605 0845;1.34311;1.34321;1.34275;1.34285;2635
20260605 0850;1.34285;1.34287;1.34148;1.34148;2533
20260605 0855;1.34148;1.34154;1.34039;1.34044;3736
20260605 0900;1.34044;1.34178;1.34008;1.34095;6632
20260605 0905;1.34095;1.34111;1.34039;1.34099;3392
20260605 0910;1.34099;1.34156;1.34092;1.34108;4109
20260605 0915;1.34108;1.34186;1.34094;1.34171;2471
20260605 0920;1.34171;1.34219;1.34103;1.34106;1572
20260605 0925;1.34106;1.34139;1.34051;1.34064;1282
20260605 0930;1.34064;1.34076;1.34022;1.34048;3342
20260605 0935;1.34048;1.34054;1.33972;1.33987;2424
20260605 0940;1.33987;1.34007;1.33943;1.33997;2746
20260605 0945;1.33997;1.34087;1.33997;1.34076;4002
20260605 0950;1.34076;1.34104;1.34042;1.34098;2986
20260605 0955;1.34098;1.34105;1.33984;1.33984;1521
20260605 1000;1.33984;1.34083;1.33953;1.34006;4406
20260605 1005;1.34006;1.34047;1.33941;1.33968;3200
20260605 1010;1.33968;1.33977;1.33887;1.33898;2415
20260605 1015;1.33898;1.33908;1.33848;1.33864;1835
20260605 1020;1.33864;1.33886;1.33826;1.33837;2116
20260605 1025;1.33837;1.33848;1.33802;1.33824;1762
20260605 1030;1.33824;1.33916;1.33824;1.33889;2107
20260605 1035;1.33889;1.33899;1.33851;1.33882;1674
20260605 1040;1.33882;1.33895;1.33802;1.33823;1577
20260605 1045;1.33823;1.3387;1.33821;1.33853;1476
20260605 1050;1.33853;1.3387;1.33804;1.33819;1633
20260605 1055;1.33819;1.33874;1.33797;1.33863;1774
20260605 1100;1.33863;1.33879;1.33825;1.33831;2184
20260605 1105;1.33831;1.33842;1.3379;1.33802;1378
20260605 1110;1.33802;1.33802;1.33742;1.33743;1529
20260605 1115;1.33743;1.33762;1.3373;1.3375;1665
20260605 1120;1.3375;1.33784;1.33709;1.33743;1991
20260605 1125;1.33743;1.3376;1.33736;1.33756;1447
20260605 1130;1.33756;1.33763;1.33695;1.337;1226
20260605 1135;1.337;1.33719;1.3364;1.33646;1476
20260605 1140;1.33646;1.3365;1.33614;1.33629;1171
20260605 1145;1.33629;1.33636;1.33586;1.33588;1012
20260605 1150;1.33588;1.3361;1.33588;1.3359;941
20260605 1155;1.3359;1.33599;1.33569;1.33583;1098
20260605 1200;1.33583;1.33592;1.33524;1.33526;1686
20260605 1205;1.33526;1.33528;1.33453;1.33462;1629
20260605 1210;1.33462;1.33482;1.33449;1.33454;1400
20260605 1215;1.33454;1.33457;1.33423;1.33443;1323
20260605 1220;1.33443;1.33448;1.33416;1.33427;1185
20260605 1225;1.33427;1.33509;1.33427;1.33478;1455
20260605 1230;1.33478;1.33491;1.33442;1.33462;1233
20260605 1235;1.33462;1.33463;1.33429;1.33448;955
20260605 1240;1.33448;1.33449;1.33408;1.33427;931
20260605 1245;1.33427;1.33467;1.33419;1.33465;1377
20260605 1250;1.33465;1.33522;1.33456;1.33519;1311
20260605 1255;1.33519;1.33562;1.33497;1.33557;1292
20260605 1300;1.33557;1.33568;1.33517;1.33547;1410
20260605 1305;1.33547;1.3356;1.33518;1.33527;948
20260605 1310;1.33527;1.33546;1.33505;1.3353;913
20260605 1315;1.3353;1.33537;1.33504;1.33514;908
20260605 1320;1.33514;1.3354;1.33509;1.33527;804
20260605 1325;1.33527;1.33535;1.3349;1.33499;913
20260605 1330;1.33499;1.335;1.33456;1.33469;883
20260605 1335;1.33469;1.33482;1.33456;1.33476;956
20260605 1340;1.33476;1.33491;1.33413;1.33419;1279
20260605 1345;1.33419;1.3343;1.33372;1.33387;1140
20260605 1350;1.33387;1.334;1.33371;1.33392;1155
20260605 1355;1.33392;1.33425;1.33392;1.33416;1302
20260605 1400;1.33416;1.33426;1.33351;1.33356;1137
20260605 1405;1.33356;1.33368;1.33339;1.3336;1002
20260605 1410;1.3336;1.33372;1.33345;1.33359;922
20260605 1415;1.33359;1.33405;1.33349;1.33399;1080
20260605 1420;1.33399;1.3343;1.33397;1.33404;1296
20260605 1425;1.33404;1.33407;1.33379;1.3338;1057
20260605 1430;1.3338;1.33409;1.33372;1.33409;946
20260605 1435;1.33409;1.33436;1.33397;1.334;1028
20260605 1440;1.334;1.33405;1.33356;1.33376;884
20260605 1445;1.33376;1.33394;1.33338;1.33392;1226
20260605 1450;1.33392;1.33397;1.3337;1.33385;1048
20260605 1455;1.33385;1.33437;1.33364;1.33367;1535
20260605 1500;1.33367;1.33383;1.33356;1.33359;835
20260605 1505;1.33359;1.33366;1.33335;1.33356;907
20260605 1510;1.33356;1.33357;1.33336;1.33343;875
20260605 1515;1.33343;1.33344;1.33307;1.33315;935
20260605 1520;1.33315;1.33334;1.33303;1.33331;891
20260605 1525;1.33331;1.33351;1.3333;1.33351;664
20260605 1530;1.33351;1.33353;1.33318;1.33327;877
20260605 1535;1.33327;1.33354;1.33323;1.33351;709
20260605 1540;1.33351;1.33372;1.33326;1.33362;959
20260605 1545;1.33362;1.33384;1.33356;1.33384;1020
20260605 1550;1.33384;1.33406;1.33378;1.3339;999
20260605 1555;1.3339;1.33404;1.33375;1.33378;1015
20260605 1600;1.33378;1.33379;1.33352;1.33357;717
20260605 1605;1.33357;1.33357;1.33318;1.33325;533
20260605 1610;1.33325;1.33337;1.33305;1.33306;407
20260605 1615;1.33306;1.33337;1.33306;1.33336;365
20260605 1620;1.33336;1.33368;1.33335;1.33367;545
20260605 1625;1.33367;1.33383;1.33367;1.33374;328
20260605 1630;1.33374;1.33384;1.33365;1.33369;403
20260605 1635;1.33369;1.33384;1.33348;1.3335;897
20260605 1640;1.3335;1.3337;1.33344;1.33369;1034
20260605 1645;1.33369;1.33397;1.33359;1.33397;1059
20260605 1650;1.33397;1.33403;1.33364;1.33372;1154
20260605 1655;1.33372;1.33372;1.33296;1.33296;299
20260607 1705;1.33172;1.33201;1.33172;1.33199;17
20260607 1710;1.33199;1.3321;1.33186;1.33186;29
20260607 1715;1.33186;1.33206;1.33184;1.33191;55
20260607 1720;1.33191;1.33215;1.33191;1.33197;3
20260607 1725;1.33197;1.33205;1.33197;1.33204;27
20260607 1730;1.33204;1.33212;1.33204;1.33212;16
20260607 1735;1.33212;1.33213;1.3321;1.3321;85
20260607 1740;1.3321;1.33213;1.3321;1.33211;85
20260607 1745;1.33211;1.33213;1.33211;1.33211;78
20260607 1750;1.33211;1.33213;1.33211;1.33212;125
20260607 1755;1.33212;1.33212;1.33122;1.33122;238
20260607 1800;1.33122;1.33224;1.33122;1.33213;402
20260607 1805;1.33213;1.33213;1.33165;1.33177;209
20260607 1810;1.33177;1.33286;1.33176;1.33285;829
20260607 1815;1.33285;1.33295;1.33277;1.33278;656
20260607 1820;1.33278;1.33299;1.33277;1.33287;631
20260607 1825;1.33287;1.3329;1.33233;1.33237;601
20260607 1830;1.33237;1.33247;1.33226;1.33236;488
20260607 1835;1.33236;1.33276;1.33236;1.33268;319
20260607 1840;1.33268;1.3327;1.33247;1.33255;212
20260607 1845;1.33255;1.33263;1.33237;1.33246;468
20260607 1850;1.33246;1.33262;1.33244;1.33253;245
20260607 1855;1.33253;1.33253;1.33207;1.33238;479
20260607 1900;1.33238;1.33258;1.33237;1.33256;472
20260607 1905;1.33256;1.33276;1.33243;1.33274;376
20260607 1910;1.33274;1.33287;1.33265;1.33285;231
20260607 1915;1.33285;1.33316;1.33282;1.33315;308
20260607 1920;1.33315;1.33322;1.33284;1.33304;370
20260607 1925;1.33304;1.33304;1.33286;1.33294;218
20260607 1930;1.33294;1.33325;1.33294;1.33308;320
20260607 1935;1.33308;1.33309;1.333;1.33304;128
20260607 1940;1.33304;1.33325;1.33302;1.33324;231
20260607 1945;1.33324;1.33348;1.33312;1.33336;271
20260607 1950;1.33336;1.33345;1.33331;1.33343;327
20260607 1955;1.33343;1.3336;1.3334;1.33348;592
20260607 2000;1.33348;1.33377;1.33344;1.3337;780
20260607 2005;1.3337;1.33377;1.33364;1.33373;464
20260607 2010;1.33373;1.33374;1.33353;1.33366;513
20260607 2015;1.33366;1.33369;1.33352;1.33365;593
20260607 2020;1.33365;1.33393;1.33365;1.33375;595
20260607 2025;1.33375;1.33387;1.33366;1.33371;554
20260607 2030;1.33371;1.33396;1.33371;1.33394;665
20260607 2035;1.33394;1.33417;1.33385;1.3341;585
20260607 2040;1.3341;1.33435;1.33403;1.33431;851
20260607 2045;1.33431;1.33457;1.33415;1.33447;771
20260607 2050;1.33447;1.33463;1.33443;1.33448;901
20260607 2055;1.33448;1.33489;1.33443;1.33488;940
20260607 2100;1.33488;1.335;1.33472;1.33494;785
20260607 2105;1.33494;1.33502;1.33474;1.33489;693
20260607 2110;1.33489;1.33499;1.33434;1.33435;1177
20260607 2115;1.33435;1.33444;1.33389;1.33391;1755
20260607 2120;1.33391;1.33399;1.33359;1.33369;1400
20260607 2125;1.33369;1.33369;1.33271;1.33287;1725
20260607 2130;1.33287;1.33294;1.33184;1.33294;3012
20260607 2135;1.33294;1.33306;1.33255;1.33277;1384
20260607 2140;1.33277;1.33343;1.33277;1.33337;1285
20260607 2145;1.33337;1.33378;1.33337;1.3335;1136
20260607 2150;1.3335;1.33367;1.33316;1.33327;1186
20260607 2155;1.33327;1.33367;1.33321;1.33365;1108
20260607 2200;1.33365;1.33385;1.33336;1.3334;1192
20260607 2205;1.3334;1.33347;1.33307;1.33312;1107
20260607 2210;1.33312;1.3333;1.33275;1.33327;922
20260607 2215;1.33327;1.3334;1.33314;1.33318;807
20260607 2220;1.33318;1.33366;1.33314;1.33363;762
20260607 2225;1.33363;1.33387;1.33353;1.33374;832
20260607 2230;1.33374;1.33377;1.33332;1.33359;1119
20260607 2235;1.33359;1.33377;1.33353;1.33364;924
20260607 2240;1.33364;1.33378;1.33357;1.33376;762
20260607 2245;1.33376;1.33406;1.33365;1.33402;697
20260607 2250;1.33402;1.3342;1.33388;1.33404;1132
20260607 2255;1.33404;1.33429;1.3339;1.33395;915
20260607 2300;1.33395;1.33402;1.33366;1.33367;886
20260607 2305;1.33367;1.33389;1.33357;1.33386;744
20260607 2310;1.33386;1.33386;1.33355;1.33365;545
20260607 2315;1.33365;1.33367;1.33345;1.33348;373
20260607 2320;1.33348;1.33377;1.33346;1.33367;650
20260607 2325;1.33367;1.33369;1.33357;1.33368;500
20260607 2330;1.33368;1.33384;1.33357;1.33376;630
20260607 2335;1.33376;1.33387;1.33374;1.33377;360
20260607 2340;1.33377;1.33389;1.33373;1.33385;358
20260607 2345;1.33385;1.33397;1.33382;1.33392;400
20260607 2350;1.33392;1.3342;1.33384;1.33406;503
20260607 2355;1.33406;1.33416;1.33402;1.33409;409
20260608 0000;1.33409;1.33422;1.33386;1.33396;736
20260608 0005;1.33396;1.33412;1.33385;1.33405;546
20260608 0010;1.33405;1.33426;1.33404;1.33424;508
20260608 0015;1.33424;1.33455;1.33423;1.33428;481
20260608 0020;1.33428;1.33435;1.33413;1.33435;303
20260608 0025;1.33435;1.33447;1.33434;1.33446;334
20260608 0030;1.33446;1.33447;1.33397;1.33417;711
20260608 0035;1.33417;1.33428;1.33404;1.33424;480
20260608 0040;1.33424;1.33427;1.33379;1.33385;538
20260608 0045;1.33385;1.33403;1.33385;1.33397;573
20260608 0050;1.33397;1.33409;1.33395;1.33406;460
20260608 0055;1.33406;1.33406;1.33382;1.33397;569
20260608 0100;1.33397;1.33448;1.33397;1.33447;825
20260608 0105;1.33447;1.33447;1.33424;1.33432;562
20260608 0110;1.33432;1.33438;1.33395;1.33397;829
20260608 0115;1.33397;1.33479;1.33395;1.33466;814
20260608 0120;1.33466;1.33489;1.33458;1.3347;824
20260608 0125;1.3347;1.33471;1.33427;1.33438;740
20260608 0130;1.33438;1.33441;1.33369;1.3338;1316
20260608 0135;1.3338;1.33383;1.33341;1.33371;1360
20260608 0140;1.33371;1.33373;1.3333;1.33359;1367
20260608 0145;1.33359;1.3337;1.33338;1.33345;942
20260608 0150;1.33345;1.33369;1.33315;1.33319;1096
20260608 0155;1.33319;1.33319;1.33255;1.33281;1488
20260608 0200;1.33281;1.33301;1.33228;1.3324;1763
20260608 0205;1.3324;1.33289;1.33225;1.33286;1485
20260608 0210;1.33286;1.3329;1.33235;1.33235;1049
20260608 0215;1.33235;1.33271;1.33225;1.33251;1641
20260608 0220;1.33251;1.3331;1.33248;1.33289;1468
20260608 0225;1.33289;1.33309;1.33257;1.33297;1690
20260608 0230;1.33297;1.33297;1.33237;1.33238;1844
20260608 0235;1.33238;1.33251;1.332;1.33241;1920
20260608 0240;1.33241;1.33259;1.33222;1.33248;1959
20260608 0245;1.33248;1.33259;1.33237;1.33259;1307
20260608 0250;1.33259;1.33288;1.33226;1.33229;1200
20260608 0255;1.33229;1.33251;1.332;1.33227;1348
20260608 0300;1.33227;1.33311;1.33207;1.33287;2559
20260608 0305;1.33287;1.333;1.33236;1.33299;1670
20260608 0310;1.33299;1.33384;1.3328;1.33366;1755
20260608 0315;1.33366;1.3342;1.33329;1.33405;1389
20260608 0320;1.33405;1.33438;1.33396;1.33437;1428
20260608 0325;1.33437;1.33468;1.33408;1.33408;1055
20260608 0330;1.33408;1.33442;1.33405;1.33421;1038
20260608 0335;1.33421;1.3343;1.33356;1.33386;1428
20260608 0340;1.33386;1.334;1.33368;1.3338;996
20260608 0345;1.3338;1.33398;1.33355;1.33396;1000
20260608 0350;1.33396;1.33397;1.33329;1.33359;1141
20260608 0355;1.33359;1.33371;1.33275;1.33276;1641
20260608 0400;1.33276;1.3332;1.33265;1.33302;1796
20260608 0405;1.33302;1.33357;1.33293;1.33351;1962
20260608 0410;1.33351;1.33352;1.33284;1.333;1540
20260608 0415;1.333;1.33308;1.33258;1.33298;1429
20260608 0420;1.33298;1.33298;1.33253;1.33267;1493
20260608 0425;1.33267;1.33356;1.33263;1.33356;1749
20260608 0430;1.33356;1.33357;1.33296;1.33297;1494
20260608 0435;1.33297;1.33328;1.33279;1.33288;1053
20260608 0440;1.33288;1.33307;1.33234;1.3328;1436
20260608 0445;1.3328;1.33296;1.33217;1.33231;1537
20260608 0450;1.33231;1.33258;1.33218;1.33227;1745
20260608 0455;1.33227;1.33244;1.33198;1.33214;2574
20260608 0500;1.33214;1.3326;1.33214;1.33247;2115
20260608 0505;1.33247;1.3325;1.33184;1.33187;1330
20260608 0510;1.33187;1.33202;1.33173;1.33179;1343
20260608 0515;1.33179;1.33196;1.33166;1.33177;1109
20260608 0520;1.33177;1.3319;1.33156;1.3318;1136
20260608 0525;1.3318;1.3318;1.33103;1.33106;1186
20260608 0530;1.33106;1.33106;1.33062;1.33066;2011
20260608 0535;1.33066;1.33189;1.33059;1.33178;3487
20260608 0540;1.33178;1.3319;1.33142;1.33167;1927
20260608 0545;1.33167;1.332;1.33154;1.33188;1312
20260608 0550;1.33188;1.332;1.33155;1.33196;1561
20260608 0555;1.33196;1.33274;1.33194;1.33268;1511
20260608 0600;1.33268;1.33284;1.33233;1.33256;1754
20260608 0605;1.33256;1.33327;1.33245;1.33285;1198
20260608 0610;1.33285;1.33319;1.33285;1.33318;836
20260608 0615;1.33318;1.33319;1.33266;1.33279;870
20260608 0620;1.33279;1.33317;1.33274;1.33306;796
20260608 0625;1.33306;1.3334;1.33289;1.33307;1019
20260608 0630;1.33307;1.33485;1.33287;1.33394;2463
20260608 0635;1.33394;1.33428;1.33354;1.33358;1936
20260608 0640;1.33358;1.33409;1.33347;1.334;1083
20260608 0645;1.334;1.33436;1.33379;1.33429;995
20260608 0650;1.33429;1.33442;1.33419;1.3344;1078
20260608 0655;1.3344;1.33441;1.33385;1.33414;1405
20260608 0700;1.33414;1.33431;1.33407;1.33418;1238
20260608 0705;1.33418;1.33463;1.33417;1.33462;824
20260608 0710;1.33462;1.33614;1.33459;1.33609;2979
20260608 0715;1.33609;1.33627;1.33566;1.33621;2788
20260608 0720;1.33621;1.33675;1.33599;1.33599;2216
20260608 0725;1.33599;1.33644;1.33583;1.33642;1473
20260608 0730;1.33642;1.33696;1.33632;1.33668;1622
20260608 0735;1.33668;1.3368;1.33618;1.33619;1124
20260608 0740;1.33619;1.33624;1.33604;1.33611;1043
20260608 0745;1.33611;1.33619;1.33568;1.33609;1406
20260608 0750;1.33609;1.33638;1.33599;1.33619;1378
20260608 0755;1.33619;1.33639;1.33594;1.33598;1332
20260608 0800;1.33598;1.33677;1.33595;1.33647;2040
20260608 0805;1.33647;1.33671;1.33627;1.33628;2024
20260608 0810;1.33628;1.33642;1.33584;1.33584;1617
20260608 0815;1.33584;1.33594;1.33547;1.33585;1673
20260608 0820;1.33585;1.33616;1.33553;1.33577;2018
20260608 0825;1.33577;1.33579;1.33535;1.33565;1020
20260608 0830;1.33565;1.33569;1.33532;1.33536;897
20260608 0835;1.33536;1.33548;1.33506;1.33507;999
20260608 0840;1.33507;1.33581;1.33502;1.33544;1600
20260608 0845;1.33544;1.33548;1.33515;1.3352;960
20260608 0850;1.3352;1.33523;1.33455;1.33496;1449
20260608 0855;1.33496;1.33515;1.33454;1.33504;1540
20260608 0900;1.33504;1.33566;1.33483;1.3356;3152
20260608 0905;1.3356;1.33569;1.33517;1.33548;1768
20260608 0910;1.33548;1.33575;1.33528;1.33561;1315
20260608 0915;1.33561;1.33571;1.33531;1.3357;1654
20260608 0920;1.3357;1.33652;1.33564;1.33615;1941
20260608 0925;1.33615;1.33628;1.33597;1.33606;1590
20260608 0930;1.33606;1.33638;1.33589;1.3359;2411
20260608 0935;1.3359;1.33629;1.33558;1.33593;2732
20260608 0940;1.33593;1.33606;1.33545;1.33564;2531
20260608 0945;1.33564;1.33585;1.33549;1.33561;2269
20260608 0950;1.33561;1.3357;1.33532;1.33534;2630
20260608 0955;1.33534;1.3356;1.33514;1.33514;1819
20260608 1000;1.33514;1.33579;1.33509;1.33514;1949
20260608 1005;1.33514;1.3353;1.33468;1.33469;2286
20260608 1010;1.33469;1.33506;1.33459;1.33475;2677
20260608 1015;1.33475;1.33492;1.33451;1.33457;2603
20260608 1020;1.33457;1.33461;1.33384;1.33397;2060
20260608 1025;1.33397;1.33463;1.33387;1.33438;1900
20260608 1030;1.33438;1.33452;1.33414;1.33437;1718
20260608 1035;1.33437;1.33452;1.33394;1.33416;1753
20260608 1040;1.33416;1.33442;1.33388;1.33437;1706
20260608 1045;1.33437;1.3345;1.33386;1.33387;1825
20260608 1050;1.33387;1.33439;1.33368;1.33421;2380
20260608 1055;1.33421;1.33448;1.33403;1.33432;1827
20260608 1100;1.33432;1.33509;1.33424;1.33494;1701
20260608 1105;1.33494;1.33497;1.33449;1.33454;1554
20260608 1110;1.33454;1.33495;1.33433;1.33472;1502
20260608 1115;1.33472;1.33502;1.33439;1.33474;1981
20260608 1120;1.33474;1.33505;1.33455;1.33497;1427
20260608 1125;1.33497;1.33497;1.33416;1.33419;1814
20260608 1130;1.33419;1.33427;1.33362;1.33368;1666
20260608 1135;1.33368;1.33405;1.33353;1.33397;1206
20260608 1140;1.33397;1.33426;1.33394;1.33425;1174
20260608 1145;1.33425;1.3344;1.33408;1.33414;1294
20260608 1150;1.33414;1.33485;1.33414;1.33479;1546
20260608 1155;1.33479;1.33495;1.33458;1.33467;1393
20260608 1200;1.33467;1.33478;1.3344;1.33466;1461
20260608 1205;1.33466;1.33479;1.33443;1.33445;1511
20260608 1210;1.33445;1.33459;1.33425;1.33455;1305
20260608 1215;1.33455;1.33482;1.33449;1.33459;1028
20260608 1220;1.33459;1.33472;1.33439;1.33461;1138
20260608 1225;1.33461;1.33472;1.33434;1.33436;1114
20260608 1230;1.33436;1.3348;1.33436;1.33454;1646
20260608 1235;1.33454;1.33476;1.3345;1.33454;1398
20260608 1240;1.33454;1.33462;1.33442;1.33453;807
20260608 1245;1.33453;1.33459;1.33427;1.33459;1004
20260608 1250;1.33459;1.33466;1.33441;1.33444;878
20260608 1255;1.33444;1.33459;1.33424;1.33433;783
20260608 1300;1.33433;1.33449;1.3341;1.33417;1137
20260608 1305;1.33417;1.33447;1.33415;1.33424;923
20260608 1310;1.33424;1.33446;1.33415;1.33446;1017
20260608 1315;1.33446;1.33457;1.33433;1.33441;1025
20260608 1320;1.33441;1.33448;1.33426;1.33441;892
20260608 1325;1.33441;1.33464;1.33417;1.33453;1083
20260608 1330;1.33453;1.33455;1.33413;1.33425;1325
20260608 1335;1.33425;1.33444;1.334;1.3344;1113
20260608 1340;1.3344;1.33458;1.33438;1.33447;750
20260608 1345;1.33447;1.33468;1.33438;1.33445;813
20260608 1350;1.33445;1.33468;1.33445;1.33465;831
20260608 1355;1.33465;1.33465;1.3344;1.3345;794
20260608 1400;1.3345;1.33498;1.3345;1.33492;997
20260608 1405;1.33492;1.33504;1.33484;1.33496;842
20260608 1410;1.33496;1.33504;1.33463;1.33476;987
20260608 1415;1.33476;1.33497;1.33474;1.33492;852
20260608 1420;1.33492;1.33501;1.33478;1.33486;895
20260608 1425;1.33486;1.3351;1.33485;1.33509;904
20260608 1430;1.33509;1.33524;1.33497;1.33515;796
20260608 1435;1.33515;1.33525;1.33476;1.3348;1038
20260608 1440;1.3348;1.335;1.33469;1.33474;688
20260608 1445;1.33474;1.33476;1.3345;1.33452;875
20260608 1450;1.33452;1.33456;1.33434;1.33436;802
20260608 1455;1.33436;1.33439;1.33378;1.3339;1509
20260608 1500;1.3339;1.33437;1.33386;1.33427;946
20260608 1505;1.33427;1.33429;1.33406;1.33406;564
20260608 1510;1.33406;1.33426;1.33393;1.33402;1095
20260608 1515;1.33402;1.33418;1.33398;1.33416;769
20260608 1520;1.33416;1.33425;1.33393;1.33395;784
20260608 1525;1.33395;1.33412;1.33388;1.33411;710
20260608 1530;1.33411;1.3343;1.33409;1.33417;1009
20260608 1535;1.33417;1.33438;1.33417;1.33427;913
20260608 1540;1.33427;1.33432;1.33399;1.33405;1078
20260608 1545;1.33405;1.33415;1.33398;1.33409;900
20260608 1550;1.33409;1.33427;1.33394;1.33401;1105
20260608 1555;1.33401;1.33417;1.33386;1.3341;1227
20260608 1600;1.3341;1.33428;1.33408;1.33425;529
20260608 1605;1.33425;1.33429;1.33406;1.33412;267
20260608 1610;1.33412;1.33424;1.33411;1.3342;370
20260608 1615;1.3342;1.3342;1.33393;1.33398;272
20260608 1620;1.33398;1.33425;1.33398;1.33423;300
20260608 1625;1.33423;1.33429;1.33407;1.33426;366
20260608 1630;1.33426;1.33432;1.33414;1.3342;298
20260608 1635;1.3342;1.33421;1.3341;1.33411;190
20260608 1640;1.33411;1.33416;1.33409;1.33413;155
20260608 1645;1.33413;1.33414;1.33405;1.33408;1021
20260608 1650;1.33408;1.33411;1.33381;1.33388;375
20260608 1655;1.33388;1.33402;1.33372;1.33394;740
20260608 1700;1.33394;1.33407;1.33345;1.33361;17
20260608 1705;1.33361;1.33375;1.33347;1.33362;196
20260608 1710;1.33362;1.33377;1.33335;1.33362;102
20260608 1715;1.33362;1.334;1.33323;1.33341;168
20260608 1720;1.33341;1.33398;1.33341;1.33365;261
20260608 1725;1.33365;1.3337;1.33353;1.33362;144
20260608 1730;1.33362;1.33363;1.33327;1.33362;134
20260608 1735;1.33362;1.33386;1.33361;1.33375;504
20260608 1740;1.33375;1.33419;1.33355;1.33385;1308
20260608 1745;1.33385;1.33411;1.3335;1.33381;682
20260608 1750;1.33381;1.33398;1.33359;1.33368;166
20260608 1755;1.33368;1.33381;1.33357;1.33376;288
20260608 1800;1.33376;1.334;1.3337;1.33384;199
20260608 1805;1.33384;1.33402;1.33384;1.33394;189
20260608 1810;1.33394;1.33408;1.33394;1.33397;173
20260608 1815;1.33397;1.33402;1.33386;1.33394;186
20260608 1820;1.33394;1.33397;1.33387;1.33396;137
20260608 1825;1.33396;1.33396;1.33386;1.33388;161
20260608 1830;1.33388;1.33392;1.33386;1.33392;130
20260608 1835;1.33392;1.33399;1.33391;1.33398;140
20260608 1840;1.33398;1.33399;1.33383;1.33383;76
20260608 1845;1.33383;1.33392;1.33381;1.33388;159
20260608 1850;1.33388;1.33393;1.33383;1.33391;75
20260608 1855;1.33391;1.33404;1.33391;1.33403;70
20260608 1900;1.33403;1.33404;1.33401;1.33403;77
20260608 1905;1.33403;1.33405;1.33401;1.33403;50
20260608 1910;1.33403;1.3341;1.334;1.33403;150
20260608 1915;1.33403;1.33404;1.33386;1.33404;159
20260608 1920;1.33404;1.33404;1.33396;1.33398;104
20260608 1925;1.33398;1.334;1.33373;1.33376;194
20260608 1930;1.33376;1.33376;1.33352;1.33363;245
20260608 1935;1.33363;1.33371;1.33362;1.3337;145
20260608 1940;1.3337;1.33379;1.33356;1.33371;201
20260608 1945;1.33371;1.33374;1.33343;1.33354;329
20260608 1950;1.33354;1.33357;1.33346;1.33351;239
20260608 1955;1.33351;1.33352;1.3333;1.33335;386
20260608 2000;1.33335;1.33341;1.33307;1.33314;1191
20260608 2005;1.33314;1.33345;1.33311;1.33325;1186
20260608 2010;1.33325;1.33356;1.33317;1.33332;733
20260608 2015;1.33332;1.33348;1.33318;1.33335;646
20260608 2020;1.33335;1.33348;1.33326;1.33337;580
20260608 2025;1.33337;1.33345;1.33332;1.33335;535
20260608 2030;1.33335;1.3335;1.33319;1.33348;616
20260608 2035;1.33348;1.33362;1.33345;1.33351;632
20260608 2040;1.33351;1.33355;1.33339;1.3335;535
20260608 2045;1.3335;1.33356;1.33341;1.33355;569
20260608 2050;1.33355;1.33355;1.33323;1.33329;783
20260608 2055;1.33329;1.33366;1.33314;1.33363;766
20260608 2100;1.33363;1.33385;1.33353;1.33364;1113
20260608 2105;1.33364;1.33389;1.33359;1.33371;716
20260608 2110;1.33371;1.33404;1.33366;1.33398;495
20260608 2115;1.33398;1.33415;1.33387;1.33404;786
20260608 2120;1.33404;1.33447;1.33399;1.33425;894
20260608 2125;1.33425;1.33449;1.33425;1.33437;688
20260608 2130;1.33437;1.33467;1.33435;1.33461;711
20260608 2135;1.33461;1.33466;1.33447;1.3346;597
20260608 2140;1.3346;1.33478;1.33454;1.33469;793
20260608 2145;1.33469;1.33502;1.33468;1.33483;735
20260608 2150;1.33483;1.33489;1.33475;1.33486;534
20260608 2155;1.33486;1.33514;1.33482;1.33512;485
20260608 2200;1.33512;1.33525;1.33503;1.33522;481
20260608 2205;1.33522;1.33528;1.33505;1.33528;618
20260608 2210;1.33528;1.33529;1.33511;1.33516;300
20260608 2215;1.33516;1.33517;1.33482;1.33486;413
20260608 2220;1.33486;1.33504;1.33475;1.33496;338
20260608 2225;1.33496;1.33509;1.33487;1.33504;420
20260608 2230;1.33504;1.33514;1.33496;1.33498;571
20260608 2235;1.33498;1.33498;1.33479;1.33489;414
20260608 2240;1.33489;1.33497;1.33487;1.33496;342
20260608 2245;1.33496;1.33508;1.33495;1.33503;285
20260608 2250;1.33503;1.33507;1.33483;1.33497;394
20260608 2255;1.33497;1.335;1.33486;1.33489;355
20260608 2300;1.33489;1.3349;1.33475;1.33477;403
20260608 2305;1.33477;1.33509;1.33471;1.33496;541
20260608 2310;1.33496;1.33514;1.33494;1.33505;431
20260608 2315;1.33505;1.33523;1.33493;1.33493;481
20260608 2320;1.33493;1.33496;1.33453;1.33458;624
20260608 2325;1.33458;1.33478;1.33458;1.33475;379
20260608 2330;1.33475;1.33497;1.33475;1.33477;587
20260608 2335;1.33477;1.3349;1.33474;1.33486;402
20260608 2340;1.33486;1.33496;1.33481;1.33495;444
20260608 2345;1.33495;1.33507;1.33486;1.33486;405
20260608 2350;1.33486;1.33503;1.33474;1.33475;329
20260608 2355;1.33475;1.33491;1.33468;1.33491;468
20260609 0000;1.33491;1.33494;1.33472;1.33484;355
20260609 0005;1.33484;1.33504;1.33482;1.33493;417
20260609 0010;1.33493;1.3351;1.3349;1.33502;330
20260609 0015;1.33502;1.33515;1.33496;1.33514;384
20260609 0020;1.33514;1.33525;1.33505;1.33523;356
20260609 0025;1.33523;1.33534;1.33514;1.33534;356
20260609 0030;1.33534;1.33534;1.33515;1.33531;388
20260609 0035;1.33531;1.33581;1.33526;1.33576;496
20260609 0040;1.33576;1.33586;1.33568;1.33578;378
20260609 0045;1.33578;1.33617;1.33568;1.33616;413
20260609 0050;1.33616;1.33628;1.33601;1.33604;385
20260609 0055;1.33604;1.33614;1.33589;1.33601;490
20260609 0100;1.33601;1.33614;1.33594;1.33598;575
20260609 0105;1.33598;1.33615;1.33578;1.3358;559
20260609 0110;1.3358;1.33594;1.33558;1.3356;593
20260609 0115;1.3356;1.33581;1.33559;1.33576;441
20260609 0120;1.33576;1.33589;1.33565;1.33584;526
20260609 0125;1.33584;1.33588;1.33574;1.33583;694
20260609 0130;1.33583;1.33637;1.33583;1.33637;1192
20260609 0135;1.33637;1.33645;1.33623;1.33632;627
20260609 0140;1.33632;1.33637;1.33621;1.33621;542
20260609 0145;1.33621;1.33648;1.33612;1.33643;534
20260609 0150;1.33643;1.33647;1.3362;1.3364;482
20260609 0155;1.3364;1.3364;1.33604;1.33615;668
20260609 0200;1.33615;1.33645;1.33585;1.33637;772
20260609 0205;1.33637;1.33655;1.33632;1.33636;636
20260609 0210;1.33636;1.33713;1.33633;1.33712;906
20260609 0215;1.33712;1.33742;1.33693;1.33732;1335
20260609 0220;1.33732;1.33746;1.33723;1.33731;977
20260609 0225;1.33731;1.33736;1.33691;1.33696;1054
20260609 0230;1.33696;1.33696;1.33654;1.33665;1315
20260609 0235;1.33665;1.33677;1.33644;1.33664;1072
20260609 0240;1.33664;1.3367;1.33639;1.33657;995
20260609 0245;1.33657;1.33657;1.33632;1.33643;821
20260609 0250;1.33643;1.33658;1.33632;1.33638;892
20260609 0255;1.33638;1.33656;1.33615;1.33631;1096
20260609 0300;1.33631;1.33645;1.33615;1.33625;1419
20260609 0305;1.33625;1.33625;1.33582;1.33607;1302
20260609 0310;1.33607;1.3363;1.33597;1.33604;1369
20260609 0315;1.33604;1.33625;1.33593;1.33613;1365
20260609 0320;1.33613;1.33679;1.33613;1.3367;1423
20260609 0325;1.3367;1.33678;1.33644;1.33658;1224
20260609 0330;1.33658;1.33659;1.33624;1.33646;1160
20260609 0335;1.33646;1.33659;1.33641;1.33646;971
20260609 0340;1.33646;1.33686;1.33643;1.33686;1195
20260609 0345;1.33686;1.33715;1.33677;1.33707;1245
20260609 0350;1.33707;1.33744;1.33701;1.33717;1083
20260609 0355;1.33717;1.33721;1.33656;1.33674;1083
20260609 0400;1.33674;1.33701;1.33646;1.33685;1691
20260609 0405;1.33685;1.33699;1.33663;1.33694;1375
20260609 0410;1.33694;1.33786;1.33693;1.33714;1799
20260609 0415;1.33714;1.33746;1.33704;1.33745;885
20260609 0420;1.33745;1.33778;1.33742;1.33773;968
20260609 0425;1.33773;1.33782;1.33748;1.33756;730
20260609 0430;1.33756;1.33785;1.33751;1.33782;548
20260609 0435;1.33782;1.33813;1.33775;1.33785;736
20260609 0440;1.33785;1.33787;1.33765;1.33772;655
20260609 0445;1.33772;1.33773;1.33746;1.33749;499
20260609 0450;1.33749;1.33799;1.33732;1.33795;703
20260609 0455;1.33795;1.33827;1.3378;1.33798;844
20260609 0500;1.33798;1.33832;1.33789;1.33827;872
20260609 0505;1.33827;1.33865;1.33823;1.33862;888
20260609 0510;1.33862;1.33877;1.33848;1.33857;640
20260609 0515;1.33857;1.33895;1.33857;1.33881;564
20260609 0520;1.33881;1.33913;1.33881;1.33905;492
20260609 0525;1.33905;1.33915;1.33848;1.33864;728
20260609 0530;1.33864;1.33878;1.33825;1.33842;718
20260609 0535;1.33842;1.33878;1.33842;1.33871;657
20260609 0540;1.33871;1.33878;1.33858;1.33866;438
20260609 0545;1.33866;1.33883;1.33855;1.33876;618
20260609 0550;1.33876;1.33896;1.33873;1.33884;550
20260609 0555;1.33884;1.33895;1.3387;1.33875;510
20260609 0600;1.33875;1.33911;1.33874;1.33896;747
20260609 0605;1.33896;1.33915;1.33849;1.33851;1364
20260609 0610;1.33851;1.339;1.33851;1.33899;869
20260609 0615;1.33899;1.33928;1.33893;1.33927;710
20260609 0620;1.33927;1.33944;1.33914;1.33924;622
20260609 0625;1.33924;1.33967;1.33924;1.33958;912
20260609 0630;1.33958;1.33963;1.33938;1.33956;623
20260609 0635;1.33956;1.33957;1.33943;1.3395;507
20260609 0640;1.3395;1.33979;1.33941;1.33974;641
20260609 0645;1.33974;1.33974;1.33951;1.33959;607
20260609 0650;1.33959;1.33969;1.33934;1.33939;685
20260609 0655;1.33939;1.33968;1.33933;1.33954;473
20260609 0700;1.33954;1.33979;1.33954;1.33968;568
20260609 0705;1.33968;1.34005;1.33968;1.33979;537
20260609 0710;1.33979;1.33998;1.33964;1.33969;629
20260609 0715;1.33969;1.33994;1.33953;1.33994;655
20260609 0720;1.33994;1.34007;1.33986;1.33988;688
20260609 0725;1.33988;1.34017;1.33986;1.34007;660
20260609 0730;1.34007;1.34016;1.33997;1.34005;557
20260609 0735;1.34005;1.34007;1.33982;1.33993;643
20260609 0740;1.33993;1.33993;1.33946;1.33977;646
20260609 0745;1.33977;1.34004;1.33967;1.34003;629
20260609 0750;1.34003;1.34048;1.34003;1.34047;643
20260609 0755;1.34047;1.34061;1.34018;1.34025;746
20260609 0800;1.34025;1.34077;1.3402;1.34042;1234
20260609 0805;1.34042;1.34053;1.34032;1.34036;812
20260609 0810;1.34036;1.34053;1.34021;1.34022;814
20260609 0815;1.34022;1.34033;1.34002;1.34015;778
20260609 0820;1.34015;1.34026;1.34003;1.34013;802
20260609 0825;1.34013;1.34015;1.33981;1.33995;545
20260609 0830;1.33995;1.34046;1.33994;1.34034;498
20260609 0835;1.34034;1.3404;1.34003;1.34004;638
20260609 0840;1.34004;1.34038;1.33993;1.34027;645
20260609 0845;1.34027;1.34036;1.34013;1.34033;744
20260609 0850;1.34033;1.34044;1.34023;1.34042;642
20260609 0855;1.34042;1.34044;1.34013;1.34037;971
20260609 0900;1.34037;1.34075;1.34019;1.3402;1868
20260609 0905;1.3402;1.34065;1.34014;1.34054;1278
20260609 0910;1.34054;1.34086;1.34054;1.34069;1196
20260609 0915;1.34069;1.34074;1.34041;1.34043;826
20260609 0920;1.34043;1.34058;1.34014;1.34036;784
20260609 0925;1.34036;1.3404;1.34013;1.34034;599
20260609 0930;1.34034;1.34043;1.33972;1.33983;1639
20260609 0935;1.33983;1.33989;1.33952;1.33968;1757
20260609 0940;1.33968;1.33977;1.33947;1.33963;1471
20260609 0945;1.33963;1.34107;1.33955;1.34054;2810
20260609 0950;1.34054;1.34069;1.33978;1.33981;2148
20260609 0955;1.33981;1.33998;1.33966;1.33976;1275
20260609 1000;1.33976;1.34046;1.33972;1.34041;1405
20260609 1005;1.34041;1.34072;1.34003;1.3407;1921
20260609 1010;1.3407;1.3407;1.33968;1.3397;2048
20260609 1015;1.3397;1.33977;1.33884;1.33945;2768
20260609 1020;1.33945;1.34019;1.33934;1.34017;1759
20260609 1025;1.34017;1.34024;1.33978;1.33979;2007
20260609 1030;1.33979;1.34028;1.33963;1.34016;2171
20260609 1035;1.34016;1.34027;1.33962;1.33964;2066
20260609 1040;1.33964;1.34056;1.33963;1.33993;1986
20260609 1045;1.33993;1.34018;1.33942;1.33947;2165
20260609 1045;1.33993;1.34018;1.33942;1.33956;2225
