20260608 1324;1.33437;1.33441;1.33417;1.33427;586
20260608 1327;1.33427;1.33464;1.33427;1.33453;628
20260608 1330;1.33453;1.33455;1.33413;1.33428;728
20260608 1333;1.33428;1.33435;1.33405;1.33408;926
20260608 1336;1.33408;1.33444;1.334;1.33444;665
20260608 1339;1.33444;1.33454;1.33435;1.33447;422
20260608 1342;1.33447;1.33458;1.33445;1.33447;447
20260608 1345;1.33447;1.33468;1.33446;1.33446;536
20260608 1348;1.33446;1.33463;1.33438;1.3346;449
20260608 1351;1.3346;1.33466;1.33453;1.33458;527
20260608 1354;1.33458;1.33468;1.33453;1.33457;452
20260608 1357;1.33457;1.33458;1.3344;1.3345;474
20260608 1400;1.3345;1.33492;1.3345;1.33489;589
20260608 1403;1.33489;1.33498;1.33484;1.33494;543
20260608 1406;1.33494;1.33504;1.33484;1.33489;564
20260608 1409;1.33489;1.33504;1.33475;1.33477;481
20260608 1412;1.33477;1.33488;1.33463;1.33476;649
20260608 1415;1.33476;1.33496;1.33474;1.33494;486
20260608 1418;1.33494;1.33497;1.33481;1.33485;542
20260608 1421;1.33485;1.33501;1.33478;1.33495;537
20260608 1424;1.33495;1.33506;1.33485;1.3349;576
20260608 1427;1.3349;1.3351;1.33487;1.33509;510
20260608 1430;1.33509;1.3352;1.33497;1.33504;495
20260608 1433;1.33504;1.33525;1.33504;1.33519;505
20260608 1436;1.33519;1.33521;1.33478;1.33483;657
20260608 1439;1.33483;1.335;1.33476;1.33483;473
20260608 1442;1.33483;1.3349;1.33469;1.33474;392
20260608 1445;1.33474;1.33476;1.33459;1.3346;522
20260608 1448;1.3346;1.33468;1.3344;1.33443;510
20260608 1451;1.33443;1.33455;1.33438;1.33444;448
20260608 1454;1.33444;1.33447;1.33413;1.33413;727
20260608 1457;1.33413;1.33417;1.33378;1.3339;979
20260608 1500;1.3339;1.33429;1.33386;1.33428;686
20260608 1503;1.33428;1.33437;1.33422;1.33424;381
20260608 1506;1.33424;1.33429;1.33417;1.33417;317
20260608 1509;1.33417;1.33417;1.33393;1.33408;661
20260608 1512;1.33408;1.33426;1.33399;1.33402;560
20260608 1515;1.33402;1.33418;1.33398;1.33415;492
20260608 1518;1.33415;1.33419;1.33406;1.33416;433
20260608 1521;1.33416;1.33425;1.33397;1.33402;450
20260608 1524;1.33402;1.33404;1.33388;1.33397;516
20260608 1527;1.33397;1.33412;1.33395;1.33411;372
20260608 1530;1.33411;1.3343;1.33409;1.33426;690
20260608 1533;1.33426;1.33427;1.33413;1.33422;573
20260608 1536;1.33422;1.33438;1.33418;1.33436;420
20260608 1539;1.33436;1.33438;1.33413;1.33426;686
20260608 1542;1.33426;1.33432;1.33399;1.33405;631
20260608 1545;1.33405;1.33415;1.33398;1.33414;594
20260608 1548;1.33414;1.33427;1.33405;1.33416;558
20260608 1551;1.33416;1.33417;1.33396;1.33401;637
20260608 1554;1.33401;1.33405;1.33388;1.33396;629
20260608 1557;1.33396;1.33417;1.33386;1.3341;814
20260608 1600;1.3341;1.33423;1.33408;1.33416;403
20260608 1603;1.33416;1.33429;1.33416;1.33427;189
20260608 1606;1.33427;1.33429;1.33424;1.33424;130
20260608 1609;1.33424;1.33428;1.33406;1.33417;187
20260608 1612;1.33417;1.33424;1.33416;1.3342;257
20260608 1615;1.3342;1.3342;1.33393;1.33394;166
20260608 1618;1.33394;1.33407;1.33394;1.33405;162
20260608 1621;1.33405;1.33425;1.33404;1.33425;141
20260608 1624;1.33425;1.33429;1.33407;1.33425;285
20260608 1627;1.33425;1.33429;1.33413;1.33426;184
20260608 1630;1.33426;1.33432;1.33414;1.33417;141
20260608 1633;1.33417;1.33425;1.33416;1.33417;227
20260608 1636;1.33417;1.3342;1.3341;1.33414;82
20260608 1639;1.33414;1.33416;1.33409;1.33415;143
20260608 1642;1.33415;1.33416;1.33412;1.33413;50
20260608 1645;1.33413;1.33413;1.33405;1.3341;837
20260608 1648;1.3341;1.33414;1.334;1.33404;260
20260608 1651;1.33404;1.33411;1.33391;1.33392;178
20260608 1654;1.33392;1.33396;1.33381;1.33383;333
20260608 1657;1.33383;1.33402;1.33372;1.33394;528
20260608 1700;1.33394;1.33394;1.3337;1.3337;4
20260608 1703;1.3337;1.33407;1.33345;1.33361;20
20260608 1706;1.33361;1.33362;1.33356;1.33356;163
20260608 1709;1.33356;1.33375;1.33335;1.33363;70
20260608 1712;1.33363;1.33377;1.33344;1.33362;58
20260608 1715;1.33362;1.334;1.33323;1.33351;111
20260608 1718;1.33351;1.33378;1.33341;1.33378;78
20260608 1721;1.33378;1.33398;1.33343;1.33347;232
20260608 1724;1.33347;1.33379;1.33347;1.33366;102
20260608 1727;1.33366;1.33366;1.33362;1.33362;50
20260608 1730;1.33362;1.33363;1.33327;1.33362;94
20260608 1733;1.33362;1.33374;1.33362;1.33369;80
20260608 1736;1.33369;1.33386;1.33363;1.33377;329
20260608 1739;1.33377;1.33411;1.33355;1.33407;772
20260608 1742;1.33407;1.33419;1.33363;1.33385;671
20260608 1745;1.33385;1.33411;1.33352;1.33394;426
20260608 1748;1.33394;1.33398;1.3335;1.33375;296
20260608 1751;1.33375;1.33391;1.3336;1.33376;95
20260608 1754;1.33376;1.33376;1.33357;1.33365;188
20260608 1757;1.33365;1.33381;1.33362;1.33376;131
20260608 1800;1.33376;1.334;1.3337;1.33383;137
20260608 1803;1.33383;1.33401;1.33372;1.33394;105
20260608 1806;1.33394;1.33402;1.33385;1.33395;108
20260608 1809;1.33395;1.33408;1.33394;1.33396;93
20260608 1812;1.33396;1.33404;1.33394;1.33397;118
20260608 1815;1.33397;1.33402;1.33386;1.33395;175
20260608 1818;1.33395;1.33397;1.33389;1.33395;43
20260608 1821;1.33395;1.33396;1.33387;1.33395;97
20260608 1824;1.33395;1.33397;1.33387;1.3339;79
20260608 1827;1.3339;1.33392;1.33386;1.33388;90
20260608 1830;1.33388;1.3339;1.33386;1.33388;76
20260608 1833;1.33388;1.33397;1.33388;1.33392;116
20260608 1836;1.33392;1.33394;1.33391;1.33393;48
20260608 1839;1.33393;1.33399;1.33393;1.33397;52
20260608 1842;1.33397;1.33398;1.33383;1.33383;54
20260608 1845;1.33383;1.33391;1.33381;1.33389;70
20260608 1848;1.33389;1.33392;1.33384;1.33384;101
20260608 1851;1.33384;1.33392;1.33383;1.33391;52
20260608 1854;1.33391;1.33404;1.3339;1.334;61
20260608 1857;1.334;1.33404;1.334;1.33403;20
20260608 1900;1.33403;1.33404;1.33401;1.33401;62
20260608 1903;1.33401;1.33403;1.33401;1.33401;30
20260608 1906;1.33401;1.33405;1.33401;1.33404;24
20260608 1909;1.33404;1.33405;1.334;1.334;48
20260608 1912;1.334;1.3341;1.334;1.33403;113
20260608 1915;1.33403;1.33404;1.33399;1.334;67
20260608 1918;1.334;1.33404;1.33386;1.33403;107
20260608 1921;1.33403;1.33404;1.33398;1.33399;68
20260608 1924;1.33399;1.334;1.33392;1.33392;78
20260608 1927;1.33392;1.33392;1.33373;1.33376;137
20260608 1930;1.33376;1.33376;1.33352;1.33354;180
20260608 1933;1.33354;1.33365;1.33352;1.33362;83
20260608 1936;1.33362;1.33371;1.33362;1.33371;103
20260608 1939;1.33371;1.33379;1.3336;1.33361;110
20260608 1942;1.33361;1.33376;1.33356;1.33371;115
20260608 1945;1.33371;1.33374;1.33343;1.33355;216
20260608 1948;1.33355;1.33361;1.33352;1.33356;145
20260608 1951;1.33356;1.33356;1.33346;1.33354;160
20260608 1954;1.33354;1.33357;1.33335;1.33335;212
20260608 1957;1.33335;1.33345;1.3333;1.33335;221
20260608 2000;1.33335;1.33336;1.33312;1.33331;738
20260608 2003;1.33331;1.33341;1.33307;1.33321;749
20260608 2006;1.33321;1.33345;1.33317;1.33328;745
20260608 2009;1.33328;1.33347;1.33317;1.33346;421
20260608 2012;1.33346;1.33356;1.33327;1.33332;457
20260608 2015;1.33332;1.33348;1.33318;1.33338;465
20260608 2018;1.33338;1.33346;1.33329;1.33346;288
20260608 2021;1.33346;1.33348;1.33326;1.3333;375
20260608 2024;1.3333;1.33342;1.33326;1.33338;325
20260608 2027;1.33338;1.33345;1.33333;1.33335;308
20260608 2030;1.33335;1.33348;1.33319;1.33339;370
20260608 2033;1.33339;1.33355;1.33327;1.33347;384
20260608 2036;1.33347;1.33362;1.33345;1.33348;381
20260608 2039;1.33348;1.33356;1.33339;1.33344;301
20260608 2042;1.33344;1.33355;1.33343;1.3335;347
20260608 2045;1.3335;1.33354;1.33343;1.33353;361
20260608 2048;1.33353;1.33356;1.33341;1.33346;352
20260608 2051;1.33346;1.33352;1.33324;1.33326;471
20260608 2054;1.33326;1.33334;1.33314;1.33328;468
20260608 2057;1.33328;1.33366;1.33328;1.33363;466
20260608 2100;1.33363;1.33385;1.33353;1.33368;749
20260608 2103;1.33368;1.33376;1.33359;1.33365;478
20260608 2106;1.33365;1.33389;1.33365;1.33376;458
20260608 2109;1.33376;1.33387;1.33366;1.33386;354
20260608 2112;1.33386;1.33404;1.33381;1.33398;285
20260608 2115;1.33398;1.33415;1.33387;1.33414;514
20260608 2118;1.33414;1.33415;1.33399;1.33407;398
20260608 2121;1.33407;1.33447;1.33406;1.33426;660
20260608 2124;1.33426;1.33437;1.33425;1.33435;366
20260608 2127;1.33435;1.33449;1.33428;1.33437;430
20260608 2130;1.33437;1.33458;1.33435;1.33456;442
20260608 2133;1.33456;1.33467;1.33456;1.33465;416
20260608 2136;1.33465;1.33466;1.33447;1.33452;374
20260608 2139;1.33452;1.33473;1.33451;1.33465;393
20260608 2142;1.33465;1.33478;1.33454;1.33469;476
20260608 2145;1.33469;1.33489;1.33468;1.33488;453
20260608 2148;1.33488;1.33502;1.33476;1.33479;426
20260608 2151;1.33479;1.33487;1.33475;1.33477;320
20260608 2154;1.33477;1.33494;1.33475;1.33492;230
20260608 2157;1.33492;1.33514;1.33487;1.33512;325
20260608 2200;1.33512;1.33523;1.33503;1.33518;324
20260608 2203;1.33518;1.33525;1.33506;1.33512;308
20260608 2206;1.33512;1.33528;1.33505;1.33527;412
20260608 2209;1.33527;1.33529;1.33511;1.33514;227
20260608 2212;1.33514;1.33526;1.33512;1.33516;128
20260608 2215;1.33516;1.33517;1.33496;1.33497;181
20260608 2218;1.33497;1.33497;1.33475;1.33477;319
20260608 2221;1.33477;1.33504;1.33477;1.33502;163
20260608 2224;1.33502;1.33502;1.33487;1.3349;283
20260608 2227;1.3349;1.33509;1.3349;1.33504;225
20260608 2230;1.33504;1.33514;1.33498;1.33508;391
20260608 2233;1.33508;1.33509;1.33489;1.33493;261
20260608 2236;1.33493;1.33496;1.33479;1.33492;246
20260608 2239;1.33492;1.33496;1.33486;1.33488;277
20260608 2242;1.33488;1.33497;1.33488;1.33496;152
20260608 2245;1.33496;1.33508;1.33495;1.33508;144
20260608 2248;1.33508;1.33508;1.33496;1.335;225
20260608 2251;1.335;1.335;1.33483;1.33495;210
20260608 2254;1.33495;1.33502;1.33493;1.33496;208
20260608 2257;1.33496;1.33497;1.33486;1.33489;247
20260608 2300;1.33489;1.3349;1.33477;1.33489;305
20260608 2303;1.33489;1.33498;1.33471;1.33498;234
20260608 2306;1.33498;1.33509;1.33494;1.33497;332
20260608 2309;1.33497;1.33504;1.33494;1.33499;257
20260608 2312;1.33499;1.33514;1.33495;1.33505;247
20260608 2315;1.33505;1.33523;1.33505;1.33512;302
20260608 2318;1.33512;1.33512;1.33489;1.33496;304
20260608 2321;1.33496;1.33496;1.33453;1.33461;380
20260608 2324;1.33461;1.33473;1.33454;1.3347;283
20260608 2327;1.3347;1.33478;1.33469;1.33475;215
20260608 2330;1.33475;1.33497;1.33475;1.33492;345
20260608 2333;1.33492;1.33492;1.33475;1.33483;318
20260608 2336;1.33483;1.3349;1.33474;1.3349;271
20260608 2339;1.3349;1.33494;1.33481;1.33493;204
20260608 2342;1.33493;1.33496;1.33486;1.33495;295
20260608 2345;1.33495;1.33507;1.33493;1.33497;248
20260608 2348;1.33497;1.33503;1.33486;1.33494;230
20260608 2351;1.33494;1.33494;1.33482;1.33483;184
20260608 2354;1.33483;1.33484;1.33468;1.33477;225
20260608 2357;1.33477;1.33491;1.33473;1.33491;315
20260609 0000;1.33491;1.33494;1.33472;1.3348;237
20260609 0003;1.3348;1.33491;1.33478;1.33491;199
20260609 0006;1.33491;1.33504;1.33486;1.33489;260
20260609 0009;1.33489;1.33501;1.33487;1.33498;229
20260609 0012;1.33498;1.3351;1.33493;1.33502;177
20260609 0015;1.33502;1.33511;1.33496;1.33509;231
20260609 0018;1.33509;1.33515;1.33505;1.33514;229
20260609 0021;1.33514;1.33525;1.33505;1.33524;229
20260609 0024;1.33524;1.33525;1.33521;1.33521;136
20260609 0027;1.33521;1.33534;1.33514;1.33534;271
20260609 0030;1.33534;1.33534;1.33515;1.33523;253
20260609 0033;1.33523;1.33539;1.33521;1.33537;210
20260609 0036;1.33537;1.33564;1.33536;1.33563;268
20260609 0039;1.33563;1.33583;1.3356;1.33574;322
20260609 0042;1.33574;1.33586;1.3357;1.33578;209
20260609 0045;1.33578;1.33586;1.33568;1.33585;216
20260609 0048;1.33585;1.33628;1.33584;1.33626;310
20260609 0051;1.33626;1.33628;1.33604;1.33606;205
20260609 0054;1.33606;1.33614;1.33595;1.33598;291
20260609 0057;1.33598;1.33603;1.33589;1.33601;266
20260609 0100;1.33601;1.33614;1.33596;1.33604;426
20260609 0103;1.33604;1.33605;1.33594;1.33602;261
20260609 0106;1.33602;1.33615;1.33578;1.33585;392
20260609 0109;1.33585;1.33594;1.33576;1.33578;259
20260609 0112;1.33578;1.33581;1.33558;1.3356;389
20260609 0115;1.3356;1.33577;1.33559;1.33571;288
20260609 0118;1.33571;1.33589;1.33569;1.33589;263
20260609 0121;1.33589;1.33589;1.33565;1.33578;310
20260609 0124;1.33578;1.33588;1.33572;1.33585;380
20260609 0127;1.33585;1.33588;1.33574;1.33583;420
20260609 0130;1.33583;1.33627;1.33583;1.33626;822
20260609 0133;1.33626;1.33638;1.33623;1.3363;509
20260609 0136;1.3363;1.33645;1.33628;1.33633;385
20260609 0139;1.33633;1.33637;1.33622;1.33628;337
20260609 0142;1.33628;1.33631;1.33621;1.33621;308
20260609 0145;1.33621;1.33648;1.33612;1.33645;365
20260609 0148;1.33645;1.33645;1.3362;1.33629;315
20260609 0151;1.33629;1.33647;1.33625;1.33643;293
20260609 0154;1.33643;1.33643;1.33613;1.33613;314
20260609 0157;1.33613;1.33622;1.33604;1.33615;397
20260609 0200;1.33615;1.33625;1.33585;1.33622;467
20260609 0203;1.33622;1.33645;1.33618;1.33634;403
20260609 0206;1.33634;1.33655;1.33632;1.33645;410
20260609 0209;1.33645;1.33672;1.33633;1.33672;508
20260609 0212;1.33672;1.33713;1.33672;1.33712;526
20260609 0215;1.33712;1.33733;1.33693;1.33725;730
20260609 0218;1.33725;1.33742;1.33719;1.33726;793
20260609 0221;1.33726;1.33746;1.33726;1.33733;659
20260609 0224;1.33733;1.33738;1.33701;1.33714;543
20260609 0227;1.33714;1.33717;1.33691;1.33696;641
20260609 0230;1.33696;1.33696;1.33664;1.33667;652
20260609 0233;1.33667;1.33677;1.33652;1.33666;936
20260609 0236;1.33666;1.33677;1.33646;1.33656;521
20260609 0239;1.33656;1.3367;1.33644;1.33655;646
20260609 0242;1.33655;1.33666;1.33639;1.33657;627
20260609 0245;1.33657;1.33657;1.33634;1.33644;560
20260609 0248;1.33644;1.33658;1.33632;1.33645;480
20260609 0251;1.33645;1.33658;1.33632;1.33644;555
20260609 0254;1.33644;1.33647;1.33633;1.33636;422
20260609 0257;1.33636;1.33656;1.33615;1.33631;792
20260609 0300;1.33631;1.33645;1.33615;1.33621;993
20260609 0303;1.33621;1.33638;1.33604;1.33612;714
20260609 0306;1.33612;1.33614;1.33582;1.33606;775
20260609 0309;1.33606;1.33618;1.33596;1.33607;749
20260609 0312;1.33607;1.3363;1.33597;1.33604;859
20260609 0315;1.33604;1.33625;1.33593;1.33616;822
20260609 0318;1.33616;1.33636;1.33603;1.33634;814
20260609 0321;1.33634;1.33679;1.33631;1.33653;758
20260609 0324;1.33653;1.33678;1.33646;1.33653;838
20260609 0327;1.33653;1.3367;1.33644;1.33658;780
20260609 0330;1.33658;1.33659;1.33624;1.33636;748
20260609 0333;1.33636;1.33656;1.33633;1.33652;655
20260609 0336;1.33652;1.33659;1.33645;1.33647;586
20260609 0339;1.33647;1.33666;1.33643;1.33651;582
20260609 0342;1.33651;1.33686;1.33643;1.33686;755
20260609 0345;1.33686;1.33706;1.33677;1.33696;739
20260609 0348;1.33696;1.33728;1.33696;1.33726;719
20260609 0351;1.33726;1.33744;1.33714;1.33727;704
20260609 0354;1.33727;1.33729;1.33705;1.33707;499
20260609 0357;1.33707;1.33707;1.33656;1.33674;750
20260609 0400;1.33674;1.3368;1.33646;1.33671;938
20260609 0403;1.33671;1.33701;1.33663;1.33664;1098
20260609 0406;1.33664;1.33696;1.33663;1.33687;851
20260609 0409;1.33687;1.33713;1.33687;1.33693;509
20260609 0412;1.33693;1.33786;1.33693;1.33714;1469
20260609 0415;1.33714;1.33744;1.33704;1.33728;518
20260609 0418;1.33728;1.33754;1.33725;1.33749;527
20260609 0421;1.33749;1.33778;1.33744;1.33759;612
20260609 0424;1.33759;1.33782;1.33752;1.33753;554
20260609 0427;1.33753;1.33768;1.33748;1.33756;372
20260609 0430;1.33756;1.3377;1.33751;1.33768;310
20260609 0433;1.33768;1.33813;1.33754;1.33805;470
20260609 0436;1.33805;1.33807;1.33791;1.33793;352
20260609 0439;1.33793;1.33804;1.33767;1.33769;434
20260609 0442;1.33769;1.33787;1.33765;1.33772;373
20260609 0445;1.33772;1.33773;1.33751;1.33756;342
20260609 0448;1.33756;1.33759;1.33732;1.3374;299
20260609 0451;1.3374;1.3378;1.3374;1.3378;389
20260609 0454;1.3378;1.33815;1.33778;1.33814;502
20260609 0457;1.33814;1.33827;1.33793;1.33798;514
20260609 0500;1.33798;1.33817;1.33789;1.33805;545
20260609 0503;1.33805;1.33836;1.33804;1.33834;581
20260609 0506;1.33834;1.33843;1.33823;1.33842;427
20260609 0509;1.33842;1.33875;1.33838;1.33875;490
20260609 0512;1.33875;1.33877;1.33848;1.33857;357
20260609 0515;1.33857;1.33895;1.33857;1.33877;393
20260609 0518;1.33877;1.33894;1.33875;1.33883;230
20260609 0521;1.33883;1.33913;1.33883;1.33895;352
20260609 0524;1.33895;1.33915;1.33879;1.33881;299
20260609 0527;1.33881;1.33883;1.33848;1.33864;510
20260609 0530;1.33864;1.33878;1.33863;1.33864;425
20260609 0533;1.33864;1.33868;1.33825;1.33859;380
20260609 0536;1.33859;1.33878;1.33849;1.33877;415
20260609 0539;1.33877;1.33878;1.33863;1.33871;353
20260609 0542;1.33871;1.33872;1.33858;1.33866;240
20260609 0545;1.33866;1.33883;1.33855;1.33877;449
20260609 0548;1.33877;1.33878;1.33872;1.33874;263
20260609 0551;1.33874;1.33888;1.33874;1.33884;310
20260609 0554;1.33884;1.33896;1.3388;1.33884;316
20260609 0557;1.33884;1.33895;1.3387;1.33875;340
20260609 0600;1.33875;1.33911;1.33874;1.33904;497
20260609 0603;1.33904;1.33906;1.33894;1.33904;369
20260609 0606;1.33904;1.33915;1.33862;1.33862;1031
20260609 0609;1.33862;1.33882;1.33849;1.33867;622
20260609 0612;1.33867;1.339;1.33867;1.33899;461
20260609 0615;1.33899;1.33926;1.33893;1.33925;476
20260609 0618;1.33925;1.33928;1.33916;1.33917;391
20260609 0621;1.33917;1.33944;1.33914;1.33932;350
20260609 0624;1.33932;1.3396;1.33924;1.33958;506
20260609 0627;1.33958;1.33967;1.33954;1.33958;521
20260609 0630;1.33958;1.33963;1.33941;1.33943;381
20260609 0633;1.33943;1.33962;1.33938;1.33953;304
20260609 0636;1.33953;1.33955;1.33943;1.33954;327
20260609 0639;1.33954;1.33956;1.33941;1.33945;325
20260609 0642;1.33945;1.33979;1.33943;1.33974;434
20260609 0645;1.33974;1.33974;1.33951;1.33956;359
20260609 0648;1.33956;1.33973;1.33953;1.33969;367
20260609 0651;1.33969;1.33969;1.33934;1.33936;368
20260609 0654;1.33936;1.33961;1.33933;1.33947;393
20260609 0657;1.33947;1.33968;1.33945;1.33954;278
20260609 0700;1.33954;1.33977;1.33954;1.33969;423
20260609 0703;1.33969;1.33982;1.33967;1.33977;244
20260609 0706;1.33977;1.34005;1.33973;1.33996;329
20260609 0709;1.33996;1.33996;1.33979;1.33995;354
20260609 0712;1.33995;1.33998;1.33964;1.33969;384
20260609 0715;1.33969;1.33969;1.33953;1.33966;342
20260609 0718;1.33966;1.33997;1.33963;1.33996;442
20260609 0721;1.33996;1.34006;1.33986;1.33996;435
20260609 0724;1.33996;1.34007;1.33986;1.33994;405
20260609 0727;1.33994;1.34017;1.33993;1.34007;379
20260609 0730;1.34007;1.34016;1.34004;1.34008;308
20260609 0733;1.34008;1.34015;1.33994;1.33998;379
20260609 0736;1.33998;1.33999;1.33982;1.33988;402
20260609 0739;1.33988;1.33996;1.33975;1.33975;229
20260609 0742;1.33975;1.33979;1.33946;1.33977;528
20260609 0745;1.33977;1.33985;1.33967;1.33978;387
20260609 0748;1.33978;1.34017;1.33977;1.34006;397
20260609 0751;1.34006;1.34033;1.34003;1.34025;349
20260609 0754;1.34025;1.34048;1.34021;1.3404;409
20260609 0757;1.3404;1.34061;1.34018;1.34025;476
20260609 0800;1.34025;1.34072;1.3402;1.34065;850
20260609 0803;1.34065;1.34077;1.34033;1.34034;546
20260609 0806;1.34034;1.34053;1.34032;1.34038;501
20260609 0809;1.34038;1.34053;1.34032;1.34045;521
20260609 0812;1.34045;1.34053;1.34021;1.34022;442
20260609 0815;1.34022;1.34033;1.34002;1.34012;435
20260609 0818;1.34012;1.34025;1.34005;1.34011;525
20260609 0821;1.34011;1.34017;1.34003;1.34017;493
20260609 0824;1.34017;1.34026;1.34001;1.34003;392
20260609 0827;1.34003;1.34003;1.33981;1.33995;280
20260609 0830;1.33995;1.34046;1.33994;1.34044;296
20260609 0833;1.34044;1.34045;1.34014;1.34015;390
20260609 0836;1.34015;1.3404;1.34014;1.34016;388
20260609 0839;1.34016;1.34018;1.33993;1.34014;325
20260609 0842;1.34014;1.34038;1.34014;1.34027;382
20260609 0845;1.34027;1.34036;1.34017;1.34029;387
20260609 0848;1.34029;1.34042;1.34013;1.34035;532
20260609 0851;1.34035;1.34043;1.34023;1.34037;391
20260609 0854;1.34037;1.34044;1.3402;1.34024;389
20260609 0857;1.34024;1.34044;1.34013;1.34037;658
20260609 0900;1.34037;1.34075;1.34031;1.34054;1315
20260609 0903;1.34054;1.34072;1.34019;1.34047;915
20260609 0906;1.34047;1.34054;1.34014;1.34054;732
20260609 0909;1.34054;1.34074;1.34051;1.34071;693
20260609 0912;1.34071;1.34086;1.34065;1.34069;687
20260609 0915;1.34069;1.34074;1.34043;1.34046;577
20260609 0918;1.34046;1.34058;1.34041;1.34052;464
20260609 0921;1.34052;1.34053;1.34014;1.34025;479
20260609 0924;1.34025;1.34038;1.34023;1.34024;263
20260609 0927;1.34024;1.3404;1.34013;1.34034;426
20260609 0930;1.34034;1.34043;1.33995;1.34004;1005
20260609 0933;1.34004;1.34005;1.33957;1.33958;935
20260609 0936;1.33958;1.33984;1.33954;1.33959;1155
20260609 0939;1.33959;1.33977;1.33952;1.3397;820
20260609 0942;1.3397;1.33976;1.33947;1.33963;952
20260609 0945;1.33963;1.34036;1.33955;1.34034;1272
20260609 0948;1.34034;1.34107;1.34021;1.34023;2090
20260609 0951;1.34023;1.3404;1.33983;1.34002;1270
20260609 0954;1.34002;1.34018;1.33966;1.33993;920
20260609 0957;1.33993;1.33995;1.33972;1.33976;681
20260609 1000;1.33976;1.34038;1.33972;1.34038;777
20260609 1003;1.34038;1.34046;1.34022;1.34024;1003
20260609 1006;1.34024;1.34069;1.34003;1.34068;1193
20260609 1009;1.34068;1.34072;1.34004;1.34027;1301
20260609 1012;1.34027;1.34031;1.33968;1.3397;1100
20260609 1015;1.3397;1.33977;1.33884;1.33885;1708
20260609 1018;1.33885;1.33951;1.33885;1.33951;1574
20260609 1021;1.33951;1.34006;1.33935;1.34005;846
20260609 1024;1.34005;1.34024;1.33981;1.33984;1322
20260609 1027;1.33984;1.33998;1.33978;1.33979;1084
20260609 1030;1.33979;1.33998;1.33963;1.33987;1317
20260609 1033;1.33987;1.34028;1.33975;1.34026;1345
20260609 1036;1.34026;1.34027;1.3398;1.33983;1107
20260609 1039;1.33983;1.34015;1.33962;1.34008;1193
20260609 1042;1.34008;1.34056;1.33993;1.33993;1261
20260609 1045;1.33993;1.34018;1.33974;1.33984;1427
20260609 1048;1.33984;1.3399;1.33958;1.33958;377
20260609 1048;1.33984;1.3399;1.33958;1.33965;432
20260609 1048;1.33984;1.3399;1.33958;1.33965;444
20260609 1051;1.33981;1.34047;1.33981;1.33995;1988
20260609 1054;1.33995;1.34009;1.33927;1.33943;1901
20260609 1057;1.33943;1.33973;1.33928;1.33967;1448
20260609 1100;1.33967;1.33994;1.33958;1.33974;1136
20260609 1103;1.33974;1.34007;1.33968;1.33998;988
20260609 1106;1.33998;1.34028;1.33995;1.34024;1035
20260609 1109;1.34024;1.34044;1.3401;1.34013;1038
20260609 1112;1.34013;1.34022;1.33991;1.34;866
20260609 1115;1.34;1.34004;1.33963;1.33963;765
20260609 1118;1.33963;1.33973;1.3394;1.33953;835
20260609 1121;1.33953;1.33953;1.33916;1.33926;749
20260609 1124;1.33926;1.33936;1.33905;1.33905;812
20260609 1127;1.33905;1.33921;1.33856;1.33864;1129
20260609 1130;1.33864;1.33879;1.33802;1.33814;1324
20260609 1133;1.33814;1.33817;1.33764;1.33765;1403
20260609 1136;1.33765;1.33768;1.33725;1.33736;1328
20260609 1139;1.33736;1.33836;1.33734;1.33835;1573
20260609 1142;1.33835;1.33857;1.33825;1.33848;929
20260609 1145;1.33848;1.33855;1.33817;1.33829;1066
20260609 1148;1.33829;1.33846;1.33816;1.33822;1165
20260609 1151;1.33822;1.33872;1.33809;1.33859;1172
20260609 1154;1.33859;1.339;1.33849;1.33867;1183
20260609 1157;1.33867;1.33889;1.33849;1.33869;1306
20260609 1200;1.33869;1.33885;1.33839;1.33859;1280
20260609 1203;1.33859;1.33887;1.33839;1.33848;1087
20260609 1206;1.33848;1.33869;1.33813;1.33813;1264
20260609 1209;1.33813;1.3383;1.33785;1.33797;1149
20260609 1212;1.33797;1.33824;1.33786;1.33796;1075
20260609 1215;1.33796;1.33803;1.33775;1.33779;1087
20260609 1218;1.33779;1.33799;1.33743;1.33753;988
20260609 1221;1.33753;1.3376;1.33713;1.33716;932
20260609 1224;1.33716;1.33765;1.33716;1.33754;973
20260609 1227;1.33754;1.3378;1.33742;1.33768;953
20260609 1230;1.33768;1.33785;1.33745;1.33773;976
20260609 1233;1.33773;1.33787;1.33766;1.33783;924
20260609 1236;1.33783;1.33808;1.33654;1.33668;1976
20260609 1239;1.33668;1.33674;1.33587;1.33587;2511
20260609 1242;1.33587;1.33673;1.33583;1.33665;1633
20260609 1245;1.33665;1.337;1.33662;1.33685;1280
20260609 1248;1.33685;1.33693;1.33604;1.33649;1618
20260609 1251;1.33649;1.33686;1.33643;1.33671;1365
20260609 1254;1.33671;1.33681;1.33643;1.33667;1433
20260609 1257;1.33667;1.33718;1.33657;1.33716;1001
20260609 1300;1.33716;1.33764;1.33707;1.33754;1250
20260609 1303;1.33754;1.33798;1.33751;1.33776;1440
20260609 1306;1.33776;1.33785;1.33763;1.33768;1166
20260609 1309;1.33768;1.33782;1.33737;1.33769;1015
20260609 1312;1.33769;1.33769;1.3372;1.33739;1248
20260609 1315;1.33739;1.33776;1.33733;1.3377;1155
20260609 1318;1.3377;1.33842;1.33761;1.33828;1341
20260609 1321;1.33828;1.3389;1.33828;1.33862;1493
20260609 1324;1.33862;1.33877;1.33851;1.3387;1280
20260609 1327;1.3387;1.33884;1.33854;1.33865;1029
20260609 1330;1.33865;1.33869;1.33836;1.33861;972
20260609 1333;1.33861;1.33861;1.33827;1.33835;961
20260609 1336;1.33835;1.33858;1.33834;1.33856;819
20260609 1339;1.33856;1.33873;1.33842;1.3387;913
20260609 1342;1.3387;1.33883;1.33842;1.33842;709
20260609 1345;1.33842;1.33853;1.3381;1.33833;959
20260609 1348;1.33833;1.33847;1.33821;1.33829;1051
20260609 1351;1.33829;1.33866;1.33823;1.33838;858
20260609 1354;1.33838;1.33845;1.33815;1.33819;602
20260609 1357;1.33819;1.33836;1.33817;1.3383;538
20260609 1400;1.3383;1.33848;1.33828;1.33836;632
20260609 1403;1.33836;1.33837;1.33808;1.33836;724
20260609 1406;1.33836;1.33847;1.33825;1.33842;797
20260609 1409;1.33842;1.33846;1.33816;1.33836;793
20260609 1412;1.33836;1.33852;1.33827;1.33847;580
20260609 1415;1.33847;1.33855;1.33815;1.33842;853
20260609 1418;1.33842;1.33887;1.33839;1.33857;949
20260609 1421;1.33857;1.33874;1.3385;1.33872;806
20260609 1424;1.33872;1.3388;1.33847;1.33853;831
20260609 1427;1.33853;1.33875;1.33852;1.33867;662
20260609 1430;1.33867;1.3389;1.33852;1.33853;684
20260609 1433;1.33853;1.33879;1.33853;1.33856;628
20260609 1436;1.33856;1.33887;1.33855;1.33887;687
20260609 1439;1.33887;1.33906;1.33885;1.33901;436
20260609 1442;1.33901;1.33905;1.33875;1.33877;332
20260609 1445;1.33877;1.33884;1.33866;1.33869;336
20260609 1448;1.33869;1.33877;1.33855;1.33856;388
20260609 1451;1.33856;1.33884;1.33855;1.33876;476
20260609 1454;1.33876;1.33885;1.33864;1.33876;495
20260609 1457;1.33876;1.33892;1.33875;1.33878;567
20260609 1500;1.33878;1.33888;1.33849;1.33865;868
20260609 1503;1.33865;1.33874;1.33852;1.33854;754
20260609 1506;1.33854;1.33875;1.33851;1.33863;659
20260609 1509;1.33863;1.33868;1.33841;1.33846;462
20260609 1512;1.33846;1.33858;1.33846;1.33855;422
20260609 1515;1.33855;1.33856;1.33831;1.33837;758
20260609 1518;1.33837;1.3384;1.33814;1.33814;708
20260609 1521;1.33814;1.33828;1.33807;1.33814;672
20260609 1524;1.33814;1.33823;1.33805;1.3381;544
20260609 1527;1.3381;1.33826;1.33806;1.33818;510
20260609 1530;1.33818;1.33828;1.33816;1.33819;692
20260609 1533;1.33819;1.33826;1.33815;1.33819;607
20260609 1536;1.33819;1.3382;1.33808;1.33816;581
20260609 1539;1.33816;1.33817;1.33792;1.33798;595
20260609 1542;1.33798;1.33814;1.33797;1.33805;516
20260609 1545;1.33805;1.33809;1.33789;1.33795;418
20260609 1548;1.33795;1.33841;1.33785;1.3382;1106
20260609 1551;1.3382;1.33833;1.33817;1.33825;794
20260609 1554;1.33825;1.33831;1.3381;1.3381;688
20260609 1557;1.3381;1.33821;1.33793;1.33796;769
20260609 1600;1.33796;1.33797;1.33783;1.33794;439
20260609 1603;1.33794;1.33824;1.33785;1.33822;474
20260609 1606;1.33822;1.33824;1.33785;1.33787;405
20260609 1609;1.33787;1.33792;1.33779;1.33786;265
20260609 1612;1.33786;1.33789;1.33775;1.33787;156
20260609 1615;1.33787;1.33806;1.33786;1.33805;222
20260609 1618;1.33805;1.33818;1.33805;1.33808;185
20260609 1621;1.33808;1.33817;1.33808;1.33812;165
20260609 1624;1.33812;1.33826;1.33812;1.33826;135
20260609 1627;1.33826;1.33828;1.33814;1.33814;108
20260609 1630;1.33814;1.33818;1.33805;1.33807;176
20260609 1633;1.33807;1.33812;1.33796;1.33805;152
20260609 1636;1.33805;1.33807;1.33799;1.338;145
20260609 1639;1.338;1.33806;1.338;1.33804;98
20260609 1642;1.33804;1.33805;1.33793;1.33794;132
20260609 1645;1.33794;1.33802;1.33794;1.33799;285
20260609 1648;1.33799;1.3381;1.33795;1.33795;200
20260609 1651;1.33795;1.33801;1.33793;1.33801;149
20260609 1654;1.33801;1.33801;1.33774;1.33778;315
20260609 1657;1.33778;1.33793;1.33776;1.33785;551
20260609 1700;1.33785;1.33785;1.33671;1.33671;3
20260609 1703;1.33671;1.33727;1.33627;1.33714;468
20260609 1706;1.33714;1.33714;1.33683;1.337;413
20260609 1709;1.337;1.33707;1.33662;1.33686;304
20260609 1712;1.33686;1.33758;1.33686;1.33757;23
20260609 1715;1.33757;1.33768;1.33687;1.33729;128
20260609 1718;1.33729;1.33731;1.33699;1.33699;59
20260609 1721;1.33699;1.337;1.33699;1.33699;62
20260609 1724;1.33699;1.337;1.33659;1.33699;69
20260609 1727;1.33699;1.337;1.33685;1.33689;82
20260609 1730;1.33689;1.33727;1.33671;1.33671;446
20260609 1733;1.33671;1.33688;1.33652;1.33664;443
20260609 1736;1.33664;1.33672;1.33652;1.33669;631
20260609 1739;1.33669;1.33672;1.33656;1.33665;892
20260609 1742;1.33665;1.33678;1.33624;1.33632;476
20260609 1745;1.33632;1.33658;1.33627;1.33648;596
20260609 1748;1.33648;1.33691;1.33648;1.3368;255
20260609 1751;1.3368;1.33693;1.33676;1.33693;87
20260609 1754;1.33693;1.33699;1.33674;1.33674;82
20260609 1757;1.33674;1.33678;1.33673;1.33676;28
20260609 1800;1.33676;1.33722;1.33673;1.33698;158
20260609 1803;1.33698;1.33722;1.33698;1.33716;74
20260609 1806;1.33716;1.33728;1.33711;1.33721;57
20260609 1809;1.33721;1.33764;1.33721;1.33755;165
20260609 1812;1.33755;1.33757;1.33742;1.3375;153
20260609 1815;1.3375;1.33761;1.33748;1.33748;88
20260609 1818;1.33748;1.33756;1.33748;1.33755;47
20260609 1821;1.33755;1.33759;1.33751;1.33752;61
20260609 1824;1.33752;1.33753;1.33746;1.33747;69
20260609 1827;1.33747;1.33748;1.33743;1.33748;61
20260609 1830;1.33748;1.33751;1.33731;1.33739;108
20260609 1833;1.33739;1.33741;1.33734;1.33736;95
20260609 1836;1.33736;1.33739;1.33729;1.3373;84
20260609 1839;1.3373;1.33741;1.3373;1.33735;106
20260609 1842;1.33735;1.33746;1.3373;1.3373;142
20260609 1845;1.3373;1.3373;1.33713;1.33716;118
20260609 1848;1.33716;1.33717;1.33709;1.3371;77
20260609 1851;1.3371;1.33719;1.33708;1.33715;59
20260609 1854;1.33715;1.3372;1.33708;1.3372;140
20260609 1857;1.3372;1.33725;1.33716;1.33716;102
20260609 1900;1.33716;1.33725;1.33712;1.33725;100
20260609 1903;1.33725;1.33736;1.33725;1.33735;102
20260609 1906;1.33735;1.33748;1.33734;1.33745;145
20260609 1909;1.33745;1.33745;1.3374;1.33742;68
20260609 1912;1.33742;1.33743;1.33731;1.33731;140
20260609 1915;1.33731;1.33733;1.33722;1.33722;90
20260609 1918;1.33722;1.33723;1.33717;1.3372;139
20260609 1921;1.3372;1.33721;1.33694;1.33696;198
20260609 1924;1.33696;1.337;1.33693;1.33699;144
20260609 1927;1.33699;1.33699;1.33683;1.33687;126
20260609 1930;1.33687;1.33696;1.33683;1.33696;105
20260609 1933;1.33696;1.33702;1.33691;1.33691;159
20260609 1936;1.33691;1.33695;1.33685;1.3369;121
20260609 1939;1.3369;1.33697;1.33688;1.33695;131
20260609 1942;1.33695;1.33706;1.33694;1.33703;107
20260609 1945;1.33703;1.33713;1.33693;1.33705;236
20260609 1948;1.33705;1.33707;1.33693;1.33695;188
20260609 1951;1.33695;1.33708;1.3369;1.33705;272
20260609 1954;1.33705;1.33723;1.33701;1.33716;283
20260609 1957;1.33716;1.3372;1.33694;1.33716;385
20260609 2000;1.33716;1.3374;1.33702;1.33733;899
20260609 2003;1.33733;1.33763;1.33733;1.33762;792
20260609 2006;1.33762;1.33764;1.33741;1.33748;728
20260609 2009;1.33748;1.33763;1.33737;1.33754;600
20260609 2012;1.33754;1.33774;1.33743;1.33774;487
20260609 2015;1.33774;1.33774;1.33748;1.33757;496
20260609 2018;1.33757;1.33772;1.33749;1.33763;388
20260609 2021;1.33763;1.33784;1.33759;1.33773;507
20260609 2024;1.33773;1.33783;1.33759;1.3376;533
20260609 2027;1.3376;1.33785;1.3376;1.33778;349
20260609 2030;1.33778;1.33783;1.33763;1.33763;411
20260609 2033;1.33763;1.33765;1.33722;1.33722;651
20260609 2036;1.33722;1.33737;1.33713;1.33731;557
20260609 2039;1.33731;1.33733;1.3371;1.33718;358
20260609 2042;1.33718;1.3372;1.33682;1.33694;499
20260609 2045;1.33694;1.33708;1.33683;1.33687;697
20260609 2048;1.33687;1.3371;1.33685;1.33692;653
20260609 2051;1.33692;1.33723;1.33685;1.33722;632
20260609 2054;1.33722;1.33742;1.33712;1.33738;589
20260609 2057;1.33738;1.33803;1.33737;1.33785;1038
20260609 2100;1.33785;1.33792;1.33747;1.33778;1024
20260609 2103;1.33778;1.33787;1.33743;1.33743;757
20260609 2106;1.33743;1.33774;1.33738;1.33756;640
20260609 2109;1.33756;1.33766;1.33735;1.33761;630
20260609 2112;1.33761;1.33774;1.33752;1.33757;503
20260609 2115;1.33757;1.33794;1.33744;1.33782;630
20260609 2118;1.33782;1.33798;1.33765;1.33766;575
20260609 2121;1.33766;1.33789;1.33764;1.33773;478
20260609 2124;1.33773;1.3378;1.33763;1.33765;421
20260609 2127;1.33765;1.33776;1.33754;1.33765;388
20260609 2130;1.33765;1.33776;1.33736;1.3376;537
20260609 2133;1.3376;1.33786;1.33753;1.33781;673
20260609 2136;1.33781;1.33781;1.33756;1.33771;596
20260609 2139;1.33771;1.33779;1.33754;1.33761;564
20260609 2142;1.33761;1.33764;1.33744;1.33754;463
20260609 2145;1.33754;1.33767;1.33751;1.33751;436
20260609 2148;1.33751;1.33785;1.33751;1.33765;562
20260609 2151;1.33765;1.33765;1.33725;1.33739;623
20260609 2154;1.33739;1.33763;1.33734;1.33755;596
20260609 2157;1.33755;1.33758;1.33742;1.33746;411
20260609 2200;1.33746;1.33758;1.33738;1.33742;504
20260609 2203;1.33742;1.33745;1.33732;1.3374;493
20260609 2206;1.3374;1.33747;1.33727;1.33743;433
20260609 2209;1.33743;1.33759;1.33736;1.33756;477
20260609 2212;1.33756;1.33769;1.33754;1.33763;417
20260609 2215;1.33763;1.3378;1.3376;1.3378;321
20260609 2218;1.3378;1.33782;1.33762;1.33774;339
20260609 2221;1.33774;1.33778;1.33756;1.33768;318
20260609 2224;1.33768;1.33782;1.33768;1.33776;376
20260609 2227;1.33776;1.33814;1.33773;1.33811;411
20260609 2230;1.33811;1.33826;1.33798;1.33802;583
20260609 2233;1.33802;1.33806;1.33796;1.33804;411
20260609 2236;1.33804;1.33824;1.33804;1.33822;386
20260609 2239;1.33822;1.33823;1.33799;1.33819;441
20260609 2242;1.33819;1.33827;1.33805;1.33827;301
20260609 2245;1.33827;1.33836;1.33822;1.33822;264
20260609 2248;1.33822;1.33826;1.33812;1.33822;275
20260609 2251;1.33822;1.33822;1.33799;1.33802;262
20260609 2254;1.33802;1.33803;1.33793;1.33795;330
20260609 2257;1.33795;1.33808;1.33782;1.33793;397
20260609 2300;1.33793;1.33822;1.33789;1.33817;411
20260609 2303;1.33817;1.33845;1.3381;1.33843;314
20260609 2306;1.33843;1.33853;1.33829;1.33844;474
20260609 2309;1.33844;1.33852;1.33833;1.33849;257
20260609 2312;1.33849;1.33856;1.33847;1.33853;247
20260609 2315;1.33853;1.33882;1.33851;1.33869;412
20260609 2318;1.33869;1.3387;1.33845;1.33853;411
20260609 2321;1.33853;1.33855;1.33845;1.33847;304
20260609 2324;1.33847;1.33854;1.33838;1.33849;345
20260609 2327;1.33849;1.33854;1.33842;1.33842;286
20260609 2330;1.33842;1.33854;1.33836;1.33839;403
20260609 2333;1.33839;1.33851;1.33835;1.3384;408
20260609 2336;1.3384;1.33841;1.33829;1.33834;195
20260609 2339;1.33834;1.33837;1.33829;1.33834;175
20260609 2342;1.33834;1.33836;1.33821;1.33825;193
20260609 2345;1.33825;1.33848;1.33823;1.33842;236
20260609 2348;1.33842;1.33882;1.33842;1.33876;397
20260609 2351;1.33876;1.33892;1.33876;1.33891;346
20260609 2354;1.33891;1.33904;1.33877;1.3388;390
20260609 2357;1.3388;1.33891;1.33879;1.33884;228
20260610 0000;1.33884;1.3389;1.33872;1.33876;388
20260610 0003;1.33876;1.33877;1.33864;1.33873;245
20260610 0006;1.33873;1.33873;1.33864;1.33865;256
20260610 0009;1.33865;1.33872;1.33853;1.33853;282
20260610 0012;1.33853;1.33854;1.33837;1.33838;176
20260610 0015;1.33838;1.33843;1.33828;1.33835;301
20260610 0018;1.33835;1.33855;1.33831;1.33844;294
20260610 0021;1.33844;1.3385;1.33843;1.33846;269
20260610 0024;1.33846;1.33861;1.33846;1.33859;404
20260610 0027;1.33859;1.33861;1.33852;1.33855;303
20260610 0030;1.33855;1.33856;1.33843;1.33846;312
20260610 0033;1.33846;1.33852;1.33842;1.33844;424
20260610 0036;1.33844;1.33855;1.33838;1.33849;252
20260610 0039;1.33849;1.33852;1.33805;1.33807;456
20260610 0042;1.33807;1.33818;1.33797;1.33803;402
20260610 0045;1.33803;1.33815;1.33799;1.33802;300
20260610 0048;1.33802;1.33813;1.33798;1.33811;380
20260610 0051;1.33811;1.33814;1.33802;1.33805;283
20260610 0054;1.33805;1.33816;1.33803;1.3381;343
20260610 0057;1.3381;1.33823;1.3381;1.33821;281
20260610 0100;1.33821;1.33834;1.33805;1.33834;490
20260610 0103;1.33834;1.33842;1.33825;1.33842;477
20260610 0106;1.33842;1.33856;1.33837;1.33843;480
20260610 0109;1.33843;1.33852;1.33836;1.33852;330
20260610 0112;1.33852;1.33854;1.33812;1.33825;340
20260610 0115;1.33825;1.33825;1.33799;1.33815;425
20260610 0118;1.33815;1.33817;1.33802;1.33816;308
20260610 0121;1.33816;1.3384;1.33814;1.33838;384
20260610 0124;1.33838;1.33841;1.33815;1.33825;410
20260610 0127;1.33825;1.3386;1.33824;1.33857;590
20260610 0130;1.33857;1.33883;1.33854;1.33878;563
20260610 0133;1.33878;1.33903;1.33875;1.33903;510
20260610 0136;1.33903;1.33909;1.3389;1.33896;564
20260610 0139;1.33896;1.33923;1.33895;1.33914;446
20260610 0142;1.33914;1.33938;1.33913;1.33914;554
20260610 0145;1.33914;1.33914;1.33891;1.33896;340
20260610 0148;1.33896;1.33924;1.33891;1.33921;350
20260610 0151;1.33921;1.33923;1.33909;1.33913;329
20260610 0154;1.33913;1.33923;1.33901;1.33913;470
20260610 0157;1.33913;1.33921;1.33901;1.33911;443
20260610 0200;1.33911;1.33926;1.33909;1.33926;703
20260610 0203;1.33926;1.33953;1.33922;1.33941;536
20260610 0206;1.33941;1.33964;1.3394;1.33949;708
20260610 0209;1.33949;1.33955;1.33923;1.33942;615
20260610 0212;1.33942;1.33971;1.33935;1.33944;519
20260610 0215;1.33944;1.33947;1.33912;1.33922;761
20260610 0218;1.33922;1.33954;1.3391;1.33943;759
20260610 0221;1.33943;1.33963;1.33933;1.33934;479
20260610 0224;1.33934;1.33953;1.33915;1.33947;643
20260610 0227;1.33947;1.33964;1.33925;1.33952;590
20260610 0230;1.33952;1.33963;1.33941;1.33951;475
20260610 0233;1.33951;1.33964;1.33944;1.33946;555
20260610 0236;1.33946;1.33966;1.33936;1.33959;555
20260610 0239;1.33959;1.33966;1.33946;1.3396;495
20260610 0242;1.3396;1.33966;1.33934;1.33945;604
20260610 0245;1.33945;1.33968;1.33933;1.33957;421
20260610 0248;1.33957;1.33957;1.33907;1.33914;605
20260610 0251;1.33914;1.33918;1.33887;1.33889;687
20260610 0254;1.33889;1.3391;1.33885;1.33904;642
20260610 0257;1.33904;1.33904;1.33826;1.33833;775
20260610 0300;1.33833;1.33837;1.338;1.33834;1242
20260610 0303;1.33834;1.33848;1.33818;1.3384;667
20260610 0306;1.3384;1.33867;1.33838;1.33855;499
20260610 0309;1.33855;1.33869;1.33852;1.33866;430
20260610 0312;1.33866;1.33908;1.33853;1.33907;573
20260610 0315;1.33907;1.33925;1.33905;1.33923;582
20260610 0318;1.33923;1.33936;1.33904;1.33905;579
20260610 0321;1.33905;1.33922;1.33894;1.33908;457
20260610 0324;1.33908;1.33909;1.33867;1.33873;673
20260610 0327;1.33873;1.33886;1.33873;1.33879;516
20260610 0330;1.33879;1.33909;1.33872;1.33902;570
20260610 0333;1.33902;1.33915;1.33883;1.33883;595
20260610 0336;1.33883;1.33893;1.33872;1.33879;561
20260610 0339;1.33879;1.33896;1.33871;1.33881;460
20260610 0342;1.33881;1.33897;1.3388;1.3389;395
20260610 0345;1.3389;1.33916;1.33882;1.33907;469
20260610 0348;1.33907;1.33907;1.33874;1.3389;561
20260610 0351;1.3389;1.33898;1.33874;1.33877;549
20260610 0354;1.33877;1.33907;1.33868;1.33901;485
20260610 0357;1.33901;1.33912;1.33893;1.33905;524
20260610 0400;1.33905;1.33907;1.33841;1.33842;994
20260610 0403;1.33842;1.33855;1.33823;1.3384;1101
20260610 0406;1.3384;1.33858;1.33838;1.33845;753
20260610 0409;1.33845;1.33885;1.33842;1.33882;627
20260610 0412;1.33882;1.33882;1.33837;1.33845;638
20260610 0415;1.33845;1.33877;1.33844;1.33877;540
20260610 0418;1.33877;1.33895;1.33855;1.33858;575
20260610 0421;1.33858;1.33887;1.33845;1.33885;659
20260610 0424;1.33885;1.33895;1.33865;1.33879;821
20260610 0427;1.33879;1.33915;1.33874;1.33906;647
20260610 0430;1.33906;1.33913;1.33886;1.33907;524
20260610 0433;1.33907;1.33919;1.33903;1.33911;324
20260610 0436;1.33911;1.33924;1.33894;1.33905;629
20260610 0439;1.33905;1.33916;1.339;1.33913;319
20260610 0442;1.33913;1.33917;1.33891;1.33897;494
20260610 0445;1.33897;1.33897;1.33856;1.33886;572
20260610 0448;1.33886;1.33891;1.33873;1.33876;599
20260610 0451;1.33876;1.33883;1.33852;1.33876;657
20260610 0454;1.33876;1.33879;1.33862;1.33876;644
20260610 0457;1.33876;1.33876;1.33843;1.33861;593
20260610 0500;1.33861;1.33865;1.33824;1.33835;524
20260610 0503;1.33835;1.33876;1.33831;1.33873;766
20260610 0506;1.33873;1.33883;1.33866;1.3387;558
20260610 0509;1.3387;1.33888;1.33857;1.33859;590
20260610 0512;1.33859;1.33859;1.33809;1.33811;410
20260610 0515;1.33811;1.33837;1.3381;1.33834;500
20260610 0518;1.33834;1.33844;1.33814;1.33825;657
20260610 0521;1.33825;1.33848;1.33815;1.33835;411
20260610 0524;1.33835;1.33869;1.33835;1.33862;509
20260610 0527;1.33862;1.33875;1.33862;1.33867;404
20260610 0530;1.33867;1.33914;1.33866;1.33906;713
20260610 0533;1.33906;1.33923;1.33888;1.33922;604
20260610 0536;1.33922;1.33929;1.33893;1.33926;792
20260610 0539;1.33926;1.33929;1.33901;1.33906;576
20260610 0542;1.33906;1.3395;1.33906;1.33947;638
20260610 0545;1.33947;1.33995;1.33947;1.33986;472
20260610 0548;1.33986;1.33997;1.33979;1.33986;250
20260610 0551;1.33986;1.33987;1.33961;1.33968;440
20260610 0554;1.33968;1.33988;1.33961;1.33973;347
20260610 0557;1.33973;1.3398;1.33966;1.33974;425
20260610 0600;1.33974;1.33976;1.33956;1.33973;573
20260610 0603;1.33973;1.33986;1.33965;1.33968;288
20260610 0606;1.33968;1.33988;1.33954;1.33988;339
20260610 0609;1.33988;1.33992;1.33977;1.33987;294
20260610 0612;1.33987;1.33987;1.33966;1.33974;345
20260610 0615;1.33974;1.3398;1.33949;1.33949;497
20260610 0618;1.33949;1.33975;1.33948;1.33975;447
20260610 0621;1.33975;1.33979;1.33968;1.33975;449
20260610 0624;1.33975;1.33979;1.33966;1.33967;282
20260610 0627;1.33967;1.3399;1.33965;1.33974;503
20260610 0630;1.33974;1.33989;1.33969;1.33983;785
20260610 0633;1.33983;1.33987;1.33966;1.33972;505
20260610 0636;1.33972;1.33986;1.33955;1.33955;447
20260610 0639;1.33955;1.33962;1.33932;1.33956;434
20260610 0642;1.33956;1.33957;1.33935;1.33945;377
20260610 0645;1.33945;1.33954;1.33915;1.33921;406
20260610 0648;1.33921;1.33928;1.33898;1.33925;485
20260610 0651;1.33925;1.33934;1.33916;1.33924;401
20260610 0654;1.33924;1.33973;1.3392;1.33965;757
20260610 0657;1.33965;1.33965;1.339;1.33903;834
20260610 0700;1.33903;1.33938;1.33901;1.33935;463
20260610 0703;1.33935;1.33935;1.33774;1.33834;2414
20260610 0706;1.33834;1.33867;1.33823;1.33856;1614
20260610 0709;1.33856;1.33887;1.33818;1.33885;1389
20260610 0712;1.33885;1.33908;1.33869;1.33894;1240
20260610 0715;1.33894;1.33914;1.33882;1.33899;1062
20260610 0718;1.33899;1.33912;1.33877;1.33889;1013
20260610 0721;1.33889;1.33918;1.33883;1.33907;908
20260610 0724;1.33907;1.3392;1.33816;1.33842;2136
20260610 0727;1.33842;1.33863;1.33833;1.33848;1220
20260610 0730;1.33848;1.33859;1.33811;1.33811;995
20260610 0733;1.33811;1.33837;1.33806;1.33806;802
20260610 0736;1.33806;1.33814;1.33765;1.33785;778
20260610 0739;1.33785;1.33785;1.33761;1.33773;715
20260610 0742;1.33773;1.33792;1.33772;1.33778;607
20260610 0745;1.33778;1.33798;1.33768;1.33797;642
20260610 0748;1.33797;1.33806;1.33777;1.33795;746
20260610 0751;1.33795;1.33837;1.33794;1.33835;623
20260610 0754;1.33835;1.33838;1.33784;1.33795;707
20260610 0757;1.33795;1.33804;1.33779;1.33784;541
20260610 0800;1.33784;1.33796;1.33771;1.33795;773
20260610 0803;1.33795;1.33822;1.33787;1.33821;707
20260610 0806;1.33821;1.33826;1.33808;1.33825;781
20260610 0809;1.33825;1.33836;1.33809;1.33824;594
20260610 0812;1.33824;1.33873;1.3382;1.33836;1174
20260610 0815;1.33836;1.33859;1.33824;1.33853;969
20260610 0818;1.33853;1.33856;1.33818;1.33852;1028
20260610 0821;1.33852;1.33862;1.33842;1.33858;644
20260610 0824;1.33858;1.33905;1.33858;1.33903;499
20260610 0827;1.33903;1.33903;1.3388;1.3388;363
20260610 0830;1.3388;1.33994;1.33855;1.33908;1237
20260610 0833;1.33908;1.3396;1.33906;1.33934;887
20260610 0836;1.33934;1.33993;1.3393;1.33973;1258
20260610 0839;1.33973;1.34045;1.33959;1.34045;1148
20260610 0842;1.34045;1.34064;1.34001;1.34023;988
20260610 0845;1.34023;1.34086;1.34022;1.34025;1568
20260610 0848;1.34025;1.34055;1.34023;1.34045;1049
20260610 0851;1.34045;1.34045;1.33993;1.33994;1060
20260610 0854;1.33994;1.3401;1.33941;1.33946;1104
20260610 0857;1.33946;1.33959;1.3388;1.33891;960
20260610 0900;1.33891;1.3395;1.33891;1.33938;1670
20260610 0903;1.33938;1.33959;1.33919;1.33924;1289
20260610 0906;1.33924;1.33938;1.33921;1.33925;1039
20260610 0909;1.33925;1.33951;1.33911;1.33925;1063
20260610 0912;1.33925;1.33974;1.33925;1.33968;1038
20260610 0915;1.33968;1.33988;1.3394;1.33976;958
20260610 0918;1.33976;1.33983;1.33963;1.33973;826
20260610 0921;1.33973;1.34015;1.33973;1.34012;865
20260610 0924;1.34012;1.34036;1.34007;1.34024;865
20260610 0927;1.34024;1.34036;1.34001;1.34016;770
20260610 0930;1.34016;1.34069;1.34005;1.34052;1690
20260610 0933;1.34052;1.34136;1.34043;1.34117;1699
20260610 0936;1.34117;1.34146;1.34084;1.34142;2282
20260610 0939;1.34142;1.34173;1.34139;1.34167;1641
20260610 0942;1.34167;1.34212;1.34154;1.34211;805
20260610 0945;1.34211;1.34216;1.34177;1.34194;787
20260610 0948;1.34194;1.34235;1.3417;1.34178;1201
20260610 0951;1.34178;1.34194;1.34141;1.34144;1379
20260610 0954;1.34144;1.34161;1.34113;1.34132;1261
20260610 0957;1.34132;1.34141;1.3409;1.34096;1259
20260610 1000;1.34096;1.34101;1.34061;1.3408;1575
20260610 1003;1.3408;1.34123;1.34073;1.34116;1235
20260610 1006;1.34116;1.34135;1.34104;1.34124;1382
20260610 1009;1.34124;1.34145;1.34096;1.34145;1433
20260610 1012;1.34145;1.34169;1.34107;1.34118;1358
20260610 1015;1.34118;1.34124;1.34046;1.34046;1629
20260610 1018;1.34046;1.34063;1.34016;1.34019;1344
20260610 1021;1.34019;1.34043;1.33994;1.34039;1357
20260610 1024;1.34039;1.34076;1.34029;1.34048;1484
20260610 1027;1.34048;1.34051;1.34013;1.34042;1463
20260610 1030;1.34042;1.34053;1.34014;1.34053;1415
20260610 1033;1.34053;1.34084;1.34036;1.34068;1363
20260610 1036;1.34068;1.34068;1.34037;1.34048;1310
20260610 1039;1.34048;1.34089;1.34047;1.34077;1177
20260610 1042;1.34077;1.34086;1.34048;1.34052;1252
20260610 1045;1.34052;1.34079;1.34047;1.34049;1215
20260610 1048;1.34049;1.34058;1.34029;1.34045;1318
20260610 1051;1.34045;1.34051;1.34015;1.34016;1856
20260610 1054;1.34016;1.34025;1.33955;1.3396;1713
20260610 1057;1.3396;1.34018;1.33959;1.34014;1250
20260610 1100;1.34014;1.34051;1.3399;1.34022;1458
20260610 1103;1.34022;1.34046;1.34012;1.34014;1292
20260610 1106;1.34014;1.34021;1.33966;1.33972;1242
20260610 1109;1.33972;1.33984;1.3392;1.33943;1017
20260610 1112;1.33943;1.33964;1.33932;1.33956;736
20260610 1115;1.33956;1.3396;1.33918;1.33924;1145
20260610 1118;1.33924;1.33933;1.33893;1.33926;1125
20260610 1121;1.33926;1.33968;1.3392;1.33965;1087
20260610 1124;1.33965;1.33989;1.33951;1.33963;1167
20260610 1127;1.33963;1.33987;1.33963;1.33967;1289
20260610 1130;1.33967;1.33972;1.33935;1.3395;920
20260610 1133;1.3395;1.33955;1.33924;1.33924;1089
20260610 1136;1.33924;1.33954;1.339;1.339;928
20260610 1139;1.339;1.33919;1.33895;1.33903;781
20260610 1142;1.33903;1.33918;1.33874;1.33907;750
20260610 1145;1.33907;1.3392;1.33831;1.33834;1647
20260610 1148;1.33834;1.33868;1.33714;1.33807;3249
20260610 1151;1.33807;1.33878;1.33795;1.33878;1848
20260610 1154;1.33878;1.33915;1.33835;1.3385;1365
20260610 1157;1.3385;1.33898;1.33849;1.33896;1101
20260610 1200;1.33896;1.33923;1.33879;1.3388;1063
20260610 1203;1.3388;1.3392;1.33878;1.33891;1057
20260610 1206;1.33891;1.33924;1.33874;1.33884;1289
20260610 1209;1.33884;1.33908;1.33866;1.33883;1079
20260610 1212;1.33883;1.33963;1.33877;1.33929;1143
20260610 1215;1.33929;1.33934;1.33905;1.33907;1191
20260610 1218;1.33907;1.33942;1.33907;1.33923;1007
20260610 1221;1.33923;1.33946;1.33915;1.33944;924
20260610 1224;1.33944;1.33944;1.33913;1.33943;768
20260610 1227;1.33943;1.33946;1.33915;1.33936;750
20260610 1230;1.33936;1.33936;1.33911;1.33922;853
20260610 1233;1.33922;1.33956;1.33922;1.33941;885
20260610 1236;1.33941;1.33976;1.33937;1.33956;840
20260610 1239;1.33956;1.33956;1.33925;1.33928;691
20260610 1242;1.33928;1.33933;1.33914;1.33915;724
20260610 1245;1.33915;1.33924;1.33889;1.33891;730
20260610 1248;1.33891;1.33911;1.33889;1.33901;603
20260610 1251;1.33901;1.33908;1.33884;1.33885;669
20260610 1254;1.33885;1.33907;1.33873;1.33895;657
20260610 1257;1.33895;1.33895;1.33879;1.33894;553
20260610 1300;1.33894;1.33938;1.33894;1.33935;977
20260610 1303;1.33935;1.33947;1.33898;1.33904;855
20260610 1306;1.33904;1.33915;1.33873;1.33873;885
20260610 1309;1.33873;1.33883;1.33842;1.33851;895
20260610 1312;1.33851;1.33867;1.33848;1.33862;890
20260610 1315;1.33862;1.3387;1.33846;1.33851;887
20260610 1318;1.33851;1.33859;1.3384;1.33851;838
20260610 1321;1.33851;1.33856;1.33834;1.33855;765
20260610 1324;1.33855;1.3387;1.33842;1.33854;768
20260610 1327;1.33854;1.33857;1.33843;1.33845;692
20260610 1330;1.33845;1.33845;1.33823;1.33836;684
20260610 1333;1.33836;1.33846;1.33829;1.33836;631
20260610 1336;1.33836;1.33846;1.33822;1.33827;624
20260610 1339;1.33827;1.33829;1.33807;1.33813;580
20260610 1342;1.33813;1.33819;1.33794;1.33801;544
20260610 1345;1.33801;1.33849;1.33794;1.33838;1074
20260610 1348;1.33838;1.33878;1.33816;1.3387;1332
20260610 1351;1.3387;1.33873;1.33841;1.33872;1089
20260610 1354;1.33872;1.33898;1.3387;1.33895;1055
20260610 1357;1.33895;1.33919;1.3389;1.33914;548
20260610 1400;1.33914;1.33941;1.33914;1.33937;754
20260610 1403;1.33937;1.33965;1.33928;1.33956;1305
20260610 1406;1.33956;1.33964;1.33934;1.33956;932
20260610 1409;1.33956;1.33956;1.33925;1.33927;891
20260610 1412;1.33927;1.33938;1.33905;1.33905;754
20260610 1415;1.33905;1.33913;1.33878;1.33878;863
20260610 1418;1.33878;1.33886;1.33868;1.33875;909
20260610 1421;1.33875;1.33887;1.33843;1.33866;786
20260610 1424;1.33866;1.33869;1.33845;1.33852;711
20260610 1427;1.33852;1.33878;1.33845;1.33857;944
20260610 1430;1.33857;1.33864;1.33845;1.3385;977
20260610 1433;1.3385;1.33858;1.33827;1.33842;1075
20260610 1436;1.33842;1.33854;1.33817;1.33826;1025
20260610 1439;1.33826;1.33839;1.33813;1.33825;592
20260610 1442;1.33825;1.33831;1.33811;1.33815;541
20260610 1445;1.33815;1.33828;1.33813;1.33825;750
20260610 1448;1.33825;1.33841;1.33789;1.33798;843
20260610 1451;1.33798;1.33828;1.33798;1.33825;841
20260610 1454;1.33825;1.33831;1.33809;1.33815;579
20260610 1457;1.33815;1.33828;1.33794;1.33795;537
20260610 1500;1.33795;1.338;1.33769;1.33787;712
20260610 1503;1.33787;1.33793;1.33752;1.33756;791
20260610 1506;1.33756;1.33775;1.33748;1.33754;840
20260610 1509;1.33754;1.33758;1.33741;1.33745;689
20260610 1512;1.33745;1.33747;1.33725;1.33727;434
20260610 1515;1.33727;1.33747;1.33723;1.33737;594
20260610 1518;1.33737;1.33738;1.33724;1.33726;424
20260610 1521;1.33726;1.33741;1.33719;1.33723;454
20260610 1524;1.33723;1.3373;1.33716;1.33718;439
20260610 1527;1.33718;1.33734;1.33716;1.33727;425
20260610 1530;1.33727;1.33758;1.33719;1.33752;633
20260610 1533;1.33752;1.33758;1.33738;1.33746;755
20260610 1536;1.33746;1.33759;1.33744;1.33757;640
20260610 1539;1.33757;1.3377;1.33755;1.33765;639
20260610 1542;1.33765;1.33788;1.33758;1.33786;589
20260610 1545;1.33786;1.33788;1.33769;1.33778;535
20260610 1548;1.33778;1.33786;1.33746;1.33767;766
20260610 1551;1.33767;1.33768;1.33747;1.33748;477
20260610 1554;1.33748;1.33753;1.33735;1.33745;463
20260610 1557;1.33745;1.33746;1.33721;1.33721;575
20260610 1600;1.33721;1.33726;1.33708;1.33709;470
20260610 1603;1.33709;1.33715;1.33693;1.33708;459
20260610 1606;1.33708;1.3371;1.3369;1.33699;310
20260610 1609;1.33699;1.33708;1.3369;1.33691;345
20260610 1612;1.33691;1.33696;1.33679;1.33687;420
20260610 1615;1.33687;1.33698;1.3368;1.33688;231
20260610 1618;1.33688;1.33694;1.33686;1.33687;172
20260610 1621;1.33687;1.337;1.33684;1.33697;158
20260610 1624;1.33697;1.3371;1.33688;1.3371;134
20260610 1627;1.3371;1.33717;1.33704;1.33704;108
20260610 1630;1.33704;1.33708;1.33696;1.33706;170
20260610 1633;1.33706;1.33716;1.33705;1.33707;124
20260610 1636;1.33707;1.33715;1.33702;1.33708;144
20260610 1639;1.33708;1.33708;1.33687;1.33688;113
20260610 1642;1.33688;1.33695;1.33673;1.33681;253
20260610 1645;1.33681;1.33687;1.33673;1.33676;247
20260610 1648;1.33676;1.33679;1.33672;1.33674;205
20260610 1651;1.33674;1.33678;1.33673;1.33677;81
20260610 1654;1.33677;1.33678;1.33674;1.33676;93
20260610 1657;1.33676;1.33685;1.33667;1.33679;341
20260610 1700;1.33679;1.33679;1.33636;1.33636;7
20260610 1703;1.33636;1.33668;1.33636;1.3366;10
20260610 1706;1.3366;1.33663;1.33651;1.33651;31
20260610 1709;1.33651;1.33661;1.3365;1.33655;33
20260610 1712;1.33655;1.33665;1.33654;1.33664;32
20260610 1715;1.33664;1.33666;1.3366;1.33661;34
20260610 1718;1.33661;1.33665;1.33637;1.33658;2702
20260610 1721;1.33658;1.33688;1.33645;1.33685;4156
20260610 1724;1.33685;1.33696;1.33672;1.33676;3358
20260610 1727;1.33676;1.33687;1.33653;1.33667;256
20260610 1730;1.33667;1.33672;1.33667;1.33671;86
20260610 1733;1.33671;1.33675;1.33671;1.33674;6
20260610 1736;1.33674;1.33677;1.33673;1.33675;6
20260610 1739;1.33675;1.33679;1.33657;1.33663;380
20260610 1742;1.33663;1.33676;1.33656;1.33669;1297
20260610 1745;1.33669;1.33675;1.33645;1.33658;837
20260610 1748;1.33658;1.33667;1.33622;1.33644;451
20260610 1751;1.33644;1.33649;1.33617;1.3363;396
20260610 1754;1.3363;1.33679;1.33616;1.33634;3371
20260610 1757;1.33634;1.33659;1.33634;1.33639;804
20260610 1800;1.33639;1.33654;1.33562;1.33573;422
20260610 1803;1.33573;1.33595;1.33558;1.3356;217
20260610 1806;1.3356;1.33574;1.33557;1.33574;122
20260610 1809;1.33574;1.33576;1.33564;1.33565;209
20260610 1812;1.33565;1.33575;1.33551;1.33574;260
20260610 1815;1.33574;1.33574;1.33554;1.33555;248
20260610 1818;1.33555;1.33574;1.33554;1.33563;187
20260610 1821;1.33563;1.33573;1.33559;1.33571;181
20260610 1824;1.33571;1.33581;1.33562;1.3358;227
20260610 1827;1.3358;1.3359;1.33572;1.33576;187
20260610 1830;1.33576;1.33591;1.33573;1.33591;119
20260610 1833;1.33591;1.33602;1.33589;1.33601;197
20260610 1836;1.33601;1.33613;1.336;1.3361;128
20260610 1839;1.3361;1.33618;1.3361;1.3361;109
20260610 1842;1.3361;1.33632;1.33585;1.33616;399
20260610 1845;1.33616;1.33633;1.33609;1.3361;273
20260610 1848;1.3361;1.33618;1.33607;1.3361;192
20260610 1851;1.3361;1.33614;1.33589;1.33589;158
20260610 1854;1.33589;1.33599;1.33582;1.33582;261
20260610 1857;1.33582;1.33585;1.33553;1.33555;272
20260610 1900;1.33555;1.33562;1.33541;1.33561;459
20260610 1903;1.33561;1.33561;1.33521;1.33522;292
20260610 1906;1.33522;1.33523;1.33511;1.33522;147
20260610 1909;1.33522;1.33529;1.33518;1.33523;157
20260610 1912;1.33523;1.33524;1.33499;1.33504;204
20260610 1915;1.33504;1.33517;1.33496;1.33512;108
20260610 1918;1.33512;1.33612;1.33506;1.33559;922
20260610 1921;1.33559;1.33572;1.3355;1.33563;318
20260610 1924;1.33563;1.33622;1.3355;1.33615;430
20260610 1927;1.33615;1.33632;1.33604;1.33619;307
20260610 1930;1.33619;1.33624;1.33594;1.33611;313
20260610 1933;1.33611;1.33612;1.33585;1.33605;293
20260610 1936;1.33605;1.33632;1.33605;1.33625;310
20260610 1939;1.33625;1.33642;1.33614;1.33639;228
20260610 1942;1.33639;1.33644;1.33629;1.33629;151
20260610 1945;1.33629;1.33633;1.33615;1.33627;291
20260610 1948;1.33627;1.33628;1.33606;1.3362;336
20260610 1951;1.3362;1.33628;1.33615;1.33627;168
20260610 1954;1.33627;1.33643;1.33623;1.33628;281
20260610 1957;1.33628;1.33628;1.33595;1.33613;424
20260610 2000;1.33613;1.33676;1.33613;1.33657;1275
20260610 2003;1.33657;1.33664;1.33643;1.33654;702
20260610 2006;1.33654;1.33674;1.33642;1.33659;635
20260610 2009;1.33659;1.33659;1.33623;1.33646;578
20260610 2012;1.33646;1.33677;1.33636;1.33658;421
20260610 2015;1.33658;1.33707;1.33653;1.33701;1193
20260610 2018;1.33701;1.33703;1.33671;1.33677;548
20260610 2021;1.33677;1.33699;1.3367;1.33695;358
20260610 2024;1.33695;1.33697;1.33668;1.33674;454
20260610 2027;1.33674;1.33684;1.33664;1.33684;382
20260610 2030;1.33684;1.33687;1.33668;1.3368;319
20260610 2033;1.3368;1.33693;1.33663;1.33673;426
20260610 2036;1.33673;1.33674;1.3365;1.33659;288
20260610 2039;1.33659;1.33686;1.33653;1.33686;323
20260610 2042;1.33686;1.33692;1.33661;1.33662;290
20260610 2045;1.33662;1.33704;1.33662;1.3368;439
20260610 2048;1.3368;1.33683;1.3367;1.3368;281
20260610 2051;1.3368;1.33683;1.33666;1.33677;330
20260610 2054;1.33677;1.33698;1.33673;1.33693;437
20260610 2057;1.33693;1.33707;1.33687;1.33703;389
20260610 2100;1.33703;1.33723;1.33695;1.33705;494
20260610 2103;1.33705;1.33764;1.33704;1.3376;621
20260610 2106;1.3376;1.33765;1.3374;1.33763;468
20260610 2109;1.33763;1.33842;1.33763;1.33837;771
20260610 2112;1.33837;1.3385;1.33833;1.33849;381
20260610 2115;1.33849;1.33865;1.3384;1.33844;474
20260610 2118;1.33844;1.33862;1.33831;1.3385;296
20260610 2121;1.3385;1.33855;1.33842;1.3385;311
20260610 2124;1.3385;1.33892;1.3385;1.33889;254
20260610 2127;1.33889;1.33914;1.33889;1.33899;461
20260610 2130;1.33899;1.33899;1.33875;1.33885;370
20260610 2133;1.33885;1.33896;1.33878;1.33896;211
20260610 2136;1.33896;1.33905;1.33885;1.33904;239
20260610 2139;1.33904;1.33914;1.33886;1.33907;255
20260610 2142;1.33907;1.33909;1.33881;1.33889;266
20260610 2145;1.33889;1.33904;1.33879;1.33896;268
20260610 2148;1.33896;1.33898;1.33876;1.33876;196
20260610 2151;1.33876;1.33878;1.33862;1.33865;84
20260610 2154;1.33865;1.33874;1.33845;1.33858;400
20260610 2157;1.33858;1.33866;1.33843;1.33855;379
20260610 2200;1.33855;1.33859;1.33846;1.33856;354
20260610 2203;1.33856;1.3386;1.33844;1.33845;344
20260610 2206;1.33845;1.33845;1.33832;1.33835;246
20260610 2209;1.33835;1.33846;1.33832;1.33843;305
20260610 2212;1.33843;1.3385;1.33822;1.33824;247
20260610 2215;1.33824;1.33828;1.33811;1.33811;263
20260610 2218;1.33811;1.33832;1.3381;1.33814;344
20260610 2221;1.33814;1.33815;1.33795;1.33801;293
20260610 2224;1.33801;1.33802;1.33786;1.33799;319
20260610 2227;1.33799;1.33802;1.33777;1.33782;384
20260610 2230;1.33782;1.33791;1.33775;1.33784;382
20260610 2233;1.33784;1.3379;1.33764;1.33773;390
20260610 2236;1.33773;1.33785;1.33768;1.33783;216
20260610 2239;1.33783;1.3379;1.33766;1.33773;324
20260610 2242;1.33773;1.33785;1.3377;1.33781;274
20260610 2245;1.33781;1.33793;1.33774;1.33791;278
20260610 2248;1.33791;1.33798;1.33783;1.33793;322
20260610 2251;1.33793;1.33794;1.33777;1.33781;334
20260610 2254;1.33781;1.33811;1.33778;1.33807;352
20260610 2257;1.33807;1.33808;1.33784;1.3379;363
20260610 2300;1.3379;1.33803;1.33783;1.33798;566
20260610 2303;1.33798;1.33805;1.33783;1.33785;366
20260610 2306;1.33785;1.33785;1.33764;1.33782;514
20260610 2309;1.33782;1.33791;1.33753;1.33759;282
20260610 2312;1.33759;1.33761;1.33749;1.33751;284
20260610 2315;1.33751;1.33772;1.33751;1.33763;290
20260610 2318;1.33763;1.33771;1.33755;1.33762;372
20260610 2321;1.33762;1.33774;1.33761;1.33773;162
20260610 2324;1.33773;1.33783;1.33769;1.33776;254
20260610 2327;1.33776;1.33787;1.33772;1.33784;216
20260610 2330;1.33784;1.3379;1.33773;1.33776;357
20260610 2333;1.33776;1.33793;1.33775;1.33787;253
20260610 2336;1.33787;1.3379;1.33779;1.33782;222
20260610 2339;1.33782;1.33794;1.3378;1.33792;182
20260610 2342;1.33792;1.33792;1.33783;1.33789;338
20260610 2345;1.33789;1.33794;1.3378;1.33783;310
20260610 2348;1.33783;1.33791;1.33778;1.33783;299
20260610 2351;1.33783;1.33794;1.3378;1.33789;238
20260610 2354;1.33789;1.33793;1.33783;1.33792;213
20260610 2357;1.33792;1.33793;1.33776;1.33782;278
20260611 0000;1.33782;1.33788;1.3377;1.33771;385
20260611 0003;1.33771;1.33773;1.33762;1.33764;306
20260611 0006;1.33764;1.33783;1.33763;1.33774;222
20260611 0009;1.33774;1.33784;1.33773;1.33783;238
20260611 0012;1.33783;1.33791;1.33777;1.33784;214
20260611 0015;1.33784;1.33797;1.33783;1.33794;150
20260611 0018;1.33794;1.33808;1.3378;1.33807;193
20260611 0021;1.33807;1.3381;1.33796;1.33803;258
20260611 0024;1.33803;1.33803;1.33793;1.33793;199
20260611 0027;1.33793;1.33801;1.33791;1.33793;143
20260611 0030;1.33793;1.33817;1.33793;1.33813;170
20260611 0033;1.33813;1.33813;1.33794;1.33795;176
20260611 0036;1.33795;1.33823;1.33795;1.33822;141
20260611 0039;1.33822;1.33837;1.33819;1.33833;157
20260611 0042;1.33833;1.33851;1.33833;1.33841;177
20260611 0045;1.33841;1.33863;1.33841;1.33862;129
20260611 0048;1.33862;1.33862;1.33833;1.33833;189
20260611 0051;1.33833;1.33842;1.33822;1.33841;165
20260611 0054;1.33841;1.33847;1.33837;1.33844;149
20260611 0057;1.33844;1.33845;1.33831;1.33833;180
20260611 0100;1.33833;1.33844;1.3382;1.33834;386
20260611 0103;1.33834;1.33841;1.33826;1.33832;180
20260611 0106;1.33832;1.33855;1.33826;1.33854;314
20260611 0109;1.33854;1.3386;1.33849;1.33851;256
20260611 0112;1.33851;1.33864;1.33844;1.33857;247
20260611 0115;1.33857;1.33866;1.33843;1.33854;236
20260611 0118;1.33854;1.33856;1.33845;1.33854;127
20260611 0121;1.33854;1.33867;1.33853;1.33854;186
20260611 0124;1.33854;1.33859;1.33843;1.3385;214
20260611 0127;1.3385;1.33854;1.33842;1.33844;174
20260611 0130;1.33844;1.33857;1.33834;1.33845;376
20260611 0133;1.33845;1.33854;1.33834;1.33839;254
20260611 0136;1.33839;1.33844;1.33834;1.3384;229
20260611 0139;1.3384;1.33844;1.33824;1.33839;310
20260611 0142;1.33839;1.33842;1.33833;1.33841;168
20260611 0145;1.33841;1.33843;1.33826;1.33834;138
20260611 0148;1.33834;1.33836;1.3382;1.33822;164
20260611 0151;1.33822;1.33822;1.33807;1.3381;301
20260611 0154;1.3381;1.33828;1.33798;1.33821;446
20260611 0157;1.33821;1.33831;1.33807;1.33808;365
20260611 0200;1.33808;1.33817;1.33783;1.33785;358
20260611 0203;1.33785;1.33787;1.33751;1.33772;490
20260611 0206;1.33772;1.33775;1.33757;1.33757;327
20260611 0209;1.33757;1.33774;1.33754;1.33772;291
20260611 0212;1.33772;1.33812;1.33772;1.33806;276
20260611 0215;1.33806;1.33813;1.33795;1.33812;169
20260611 0218;1.33812;1.33813;1.33796;1.33799;177
20260611 0221;1.33799;1.338;1.3377;1.33771;217
20260611 0224;1.33771;1.33785;1.3377;1.3377;274
20260611 0227;1.3377;1.33778;1.33757;1.33766;446
20260611 0230;1.33766;1.33775;1.33761;1.33766;311
20260611 0233;1.33766;1.33774;1.3376;1.33771;289
20260611 0236;1.33771;1.33812;1.33771;1.33799;351
20260611 0239;1.33799;1.338;1.33781;1.33797;217
20260611 0242;1.33797;1.33807;1.3378;1.33797;211
20260611 0245;1.33797;1.3381;1.33771;1.33772;236
20260611 0248;1.33772;1.33782;1.33766;1.33773;322
20260611 0251;1.33773;1.33784;1.33764;1.33783;225
20260611 0254;1.33783;1.33796;1.33759;1.3377;294
20260611 0257;1.3377;1.33784;1.33768;1.33771;301
20260611 0300;1.33771;1.33792;1.33765;1.33784;586
20260611 0303;1.33784;1.33817;1.33778;1.338;578
20260611 0306;1.338;1.33828;1.33799;1.33825;356
20260611 0309;1.33825;1.33847;1.33824;1.33837;307
20260611 0312;1.33837;1.33837;1.33808;1.33835;315
20260611 0315;1.33835;1.33864;1.33827;1.33855;415
20260611 0318;1.33855;1.33878;1.33844;1.33876;362
20260611 0321;1.33876;1.33888;1.33855;1.33884;427
20260611 0324;1.33884;1.33913;1.33867;1.33909;397
20260611 0327;1.33909;1.33915;1.33879;1.33893;369
20260611 0330;1.33893;1.33907;1.33886;1.33901;319
20260611 0333;1.33901;1.33901;1.33868;1.33876;317
20260611 0336;1.33876;1.33886;1.33858;1.33862;263
20260611 0339;1.33862;1.33863;1.33831;1.33842;336
20260611 0342;1.33842;1.33854;1.33829;1.33831;222
20260611 0345;1.33831;1.33846;1.33822;1.3383;354
20260611 0348;1.3383;1.33832;1.33792;1.33797;294
20260611 0351;1.33797;1.33839;1.33792;1.33832;252
20260611 0354;1.33832;1.33841;1.33815;1.33815;249
20260611 0357;1.33815;1.33837;1.33811;1.33821;292
20260611 0400;1.33821;1.33827;1.33792;1.33804;620
20260611 0403;1.33804;1.33812;1.33784;1.338;376
20260611 0406;1.338;1.33833;1.338;1.33823;359
20260611 0409;1.33823;1.33833;1.33807;1.33808;318
20260611 0412;1.33808;1.33813;1.33783;1.33785;308
20260611 0415;1.33785;1.33785;1.33749;1.33752;341
20260611 0418;1.33752;1.33769;1.33743;1.33754;423
20260611 0421;1.33754;1.33759;1.33745;1.33753;254
20260611 0424;1.33753;1.33756;1.33736;1.33736;208
20260611 0427;1.33736;1.33737;1.33713;1.33723;430
20260611 0430;1.33723;1.33724;1.33705;1.33709;387
20260611 0433;1.33709;1.33727;1.33707;1.33725;223
20260611 0436;1.33725;1.33725;1.33711;1.33719;142
20260611 0439;1.33719;1.33727;1.33699;1.33709;276
20260611 0442;1.33709;1.33712;1.33681;1.33688;325
20260611 0445;1.33688;1.33693;1.33654;1.33655;258
20260611 0448;1.33655;1.33683;1.33651;1.33663;310
20260611 0451;1.33663;1.33669;1.33617;1.33624;330
20260611 0454;1.33624;1.33654;1.3361;1.33649;436
20260611 0457;1.33649;1.33653;1.33634;1.33634;432
20260611 0500;1.33634;1.33639;1.33619;1.33636;384
20260611 0503;1.33636;1.33645;1.33627;1.33627;262
20260611 0506;1.33627;1.33634;1.33598;1.33598;224
20260611 0509;1.33598;1.33601;1.33582;1.33584;299
20260611 0512;1.33584;1.33663;1.33583;1.33662;457
20260611 0515;1.33662;1.33678;1.33644;1.33655;374
20260611 0518;1.33655;1.33679;1.33655;1.33668;307
20260611 0521;1.33668;1.33668;1.33626;1.33636;289
20260611 0524;1.33636;1.33656;1.33635;1.33646;192
20260611 0527;1.33646;1.33653;1.3363;1.33632;212
20260611 0530;1.33632;1.33634;1.3361;1.33625;240
20260611 0533;1.33625;1.33628;1.33611;1.33613;237
20260611 0536;1.33613;1.33626;1.33605;1.33624;268
20260611 0539;1.33624;1.33634;1.33616;1.33631;200
20260611 0542;1.33631;1.33636;1.33623;1.33624;166
20260611 0545;1.33624;1.33654;1.33607;1.33654;321
20260611 0548;1.33654;1.33668;1.33647;1.33664;282
20260611 0551;1.33664;1.33672;1.33654;1.33666;265
20260611 0554;1.33666;1.33691;1.33664;1.33678;307
20260611 0557;1.33678;1.33678;1.33645;1.33654;300
20260611 0600;1.33654;1.33654;1.33621;1.33631;323
20260611 0603;1.33631;1.33633;1.33604;1.33624;402
20260611 0606;1.33624;1.33627;1.33603;1.33604;193
20260611 0609;1.33604;1.33605;1.33583;1.33591;197
20260611 0612;1.33591;1.33592;1.33544;1.33553;230
20260611 0615;1.33553;1.3356;1.33525;1.33531;253
20260611 0618;1.33531;1.33542;1.33527;1.33531;240
20260611 0621;1.33531;1.33571;1.3353;1.33564;243
20260611 0624;1.33564;1.33578;1.33563;1.33564;255
20260611 0627;1.33564;1.33566;1.33543;1.33543;284
20260611 0630;1.33543;1.33559;1.33535;1.33554;299
20260611 0633;1.33554;1.33581;1.33554;1.33572;262
20260611 0636;1.33572;1.33587;1.33572;1.33575;227
20260611 0639;1.33575;1.33585;1.33556;1.33565;234
20260611 0642;1.33565;1.33574;1.33553;1.33567;207
20260611 0645;1.33567;1.33578;1.33564;1.33566;153
20260611 0648;1.33566;1.33573;1.33563;1.33572;112
20260611 0651;1.33572;1.33599;1.33572;1.33596;338
20260611 0654;1.33596;1.33611;1.33594;1.33606;432
20260611 0657;1.33606;1.33618;1.33588;1.33594;476
20260611 0700;1.33594;1.33627;1.33594;1.33626;588
20260611 0703;1.33626;1.33657;1.33626;1.33642;425
20260611 0706;1.33642;1.33647;1.33602;1.33625;633
20260611 0709;1.33625;1.33635;1.33596;1.33635;478
20260611 0712;1.33635;1.33646;1.33624;1.33644;270
20260611 0715;1.33644;1.3365;1.33623;1.33632;268
20260611 0718;1.33632;1.33632;1.33611;1.33622;247
20260611 0721;1.33622;1.33628;1.33596;1.33623;355
20260611 0724;1.33623;1.3363;1.33621;1.33624;209
20260611 0727;1.33624;1.33645;1.3362;1.33634;382
20260611 0730;1.33634;1.33679;1.33631;1.33653;1047
20260611 0733;1.33653;1.33657;1.33624;1.33643;343
20260611 0736;1.33643;1.33658;1.3363;1.3363;163
20260611 0739;1.3363;1.33642;1.33615;1.3363;153
20260611 0742;1.3363;1.33642;1.33623;1.33624;242
20260611 0745;1.33624;1.33628;1.33602;1.33618;179
20260611 0748;1.33618;1.33633;1.33613;1.33614;195
20260611 0751;1.33614;1.33647;1.33614;1.33646;246
20260611 0754;1.33646;1.33646;1.33633;1.33634;181
20260611 0757;1.33634;1.33658;1.33632;1.33652;328
20260611 0800;1.33652;1.33678;1.33642;1.33659;619
20260611 0803;1.33659;1.33666;1.33649;1.33653;255
20260611 0806;1.33653;1.33656;1.33642;1.33653;331
20260611 0809;1.33653;1.33655;1.33599;1.33615;358
20260611 0812;1.33615;1.33631;1.33612;1.3363;337
20260611 0815;1.3363;1.33653;1.33617;1.33617;443
20260611 0818;1.33617;1.3362;1.33559;1.33561;521
20260611 0821;1.33561;1.33606;1.33432;1.33471;1928
20260611 0824;1.33471;1.33497;1.33403;1.33474;889
20260611 0827;1.33474;1.33509;1.33446;1.33481;577
20260611 0830;1.33481;1.33554;1.33419;1.33429;656
20260611 0833;1.33429;1.33464;1.33414;1.33444;689
20260611 0836;1.33444;1.33491;1.33444;1.33485;848
20260611 0839;1.33485;1.33508;1.33473;1.33474;974
20260611 0842;1.33474;1.33579;1.3345;1.33526;991
20260611 0845;1.33526;1.33613;1.33502;1.33608;1028
20260611 0848;1.33608;1.33619;1.33554;1.33592;957
20260611 0851;1.33592;1.33624;1.33585;1.33614;1045
20260611 0854;1.33614;1.33654;1.33595;1.33619;1636
20260611 0857;1.33619;1.33626;1.33553;1.33611;1915
20260611 0900;1.33611;1.33619;1.33567;1.33583;1279
20260611 0903;1.33583;1.33596;1.33534;1.33542;1104
20260611 0906;1.33542;1.33554;1.33493;1.33525;1043
20260611 0909;1.33525;1.33557;1.33502;1.33512;733
20260611 0912;1.33512;1.3353;1.33461;1.33462;819
20260611 0915;1.33462;1.33474;1.33436;1.33453;574
20260611 0918;1.33453;1.33473;1.33392;1.33394;662
20260611 0921;1.33394;1.33473;1.33392;1.33473;875
20260611 0924;1.33473;1.33487;1.33461;1.33474;830
20260611 0927;1.33474;1.33538;1.33466;1.33513;978
20260611 0930;1.33513;1.3355;1.33484;1.3353;1708
20260611 0933;1.3353;1.33556;1.33508;1.33528;1511
20260611 0936;1.33528;1.33538;1.33468;1.33476;1637
20260611 0939;1.33476;1.33505;1.33474;1.33497;1211
20260611 0942;1.33497;1.33556;1.33488;1.33516;1561
20260611 0945;1.33516;1.3362;1.33495;1.33596;2182
20260611 0948;1.33596;1.33597;1.33525;1.33563;853
20260611 0951;1.33563;1.33576;1.3355;1.33574;722
20260611 0954;1.33574;1.33589;1.33546;1.33557;769
20260611 0957;1.33557;1.3357;1.33528;1.33532;719
20260611 1000;1.33532;1.33549;1.33494;1.33494;919
20260611 1003;1.33494;1.33495;1.33437;1.33443;904
20260611 1006;1.33443;1.33462;1.33412;1.33447;663
20260611 1009;1.33447;1.33447;1.33395;1.33415;718
20260611 1012;1.33415;1.33429;1.33384;1.33428;547
20260611 1015;1.33428;1.33433;1.33384;1.33385;762
20260611 1018;1.33385;1.33405;1.3338;1.33403;580
20260611 1021;1.33403;1.33441;1.33383;1.33421;771
20260611 1024;1.33421;1.33437;1.33396;1.33408;595
20260611 1027;1.33408;1.33418;1.33356;1.33365;682
20260611 1030;1.33365;1.33376;1.33324;1.33333;861
20260611 1033;1.33333;1.33334;1.33293;1.33306;715
20260611 1036;1.33306;1.33346;1.333;1.33342;563
20260611 1039;1.33342;1.33362;1.33313;1.33315;591
20260611 1042;1.33315;1.3333;1.33306;1.33309;470
20260611 1045;1.33309;1.33338;1.33296;1.333;564
20260611 1048;1.333;1.33302;1.33265;1.33289;621
20260611 1051;1.33289;1.33297;1.33269;1.33287;445
20260611 1054;1.33287;1.33306;1.33264;1.33273;809
20260611 1057;1.33273;1.33285;1.33252;1.33278;1003
20260611 1100;1.33278;1.3329;1.33246;1.33265;1128
20260611 1103;1.33265;1.33327;1.3326;1.33306;981
20260611 1106;1.33306;1.33371;1.33289;1.33337;1526
20260611 1109;1.33337;1.33366;1.33317;1.33342;866
20260611 1112;1.33342;1.33358;1.33333;1.33343;884
20260611 1115;1.33343;1.33407;1.33343;1.33393;960
20260611 1118;1.33393;1.33416;1.33366;1.33407;1089
20260611 1121;1.33407;1.33416;1.3339;1.33404;711
20260611 1124;1.33404;1.33423;1.33397;1.33416;702
20260611 1127;1.33416;1.33434;1.33406;1.33409;613
20260611 1130;1.33409;1.3342;1.334;1.33409;633
20260611 1133;1.33409;1.33409;1.33384;1.33394;798
20260611 1136;1.33394;1.33422;1.33392;1.33409;573
20260611 1139;1.33409;1.33444;1.33392;1.3343;829
20260611 1142;1.3343;1.33448;1.33394;1.33407;588
20260611 1145;1.33407;1.33417;1.33393;1.33408;599
20260611 1148;1.33408;1.33409;1.33363;1.33364;625
20260611 1151;1.33364;1.33372;1.33338;1.33341;789
20260611 1154;1.33341;1.33374;1.33335;1.33371;577
20260611 1157;1.33371;1.33373;1.33334;1.33354;623
20260611 1200;1.33354;1.33374;1.33351;1.33365;711
20260611 1203;1.33365;1.33367;1.33324;1.33345;544
20260611 1206;1.33345;1.33361;1.33344;1.33351;485
20260611 1209;1.33351;1.33358;1.33327;1.3334;487
20260611 1212;1.3334;1.33351;1.33333;1.33344;449
20260611 1215;1.33344;1.33346;1.33307;1.33311;539
20260611 1218;1.33311;1.33325;1.3331;1.33312;331
20260611 1221;1.33312;1.33326;1.33284;1.33325;582
20260611 1224;1.33325;1.33328;1.33305;1.33324;364
20260611 1227;1.33324;1.33325;1.33302;1.33304;375
20260611 1230;1.33304;1.33308;1.33278;1.33307;504
20260611 1233;1.33307;1.33355;1.33307;1.33335;714
20260611 1236;1.33335;1.33343;1.33328;1.33339;318
20260611 1239;1.33339;1.33342;1.33316;1.33325;384
20260611 1242;1.33325;1.33333;1.33313;1.33326;380
20260611 1245;1.33326;1.33346;1.33315;1.33343;355
20260611 1248;1.33343;1.33347;1.33326;1.33338;367
20260611 1251;1.33338;1.33343;1.3332;1.33335;332
20260611 1254;1.33335;1.33339;1.33319;1.33337;325
20260611 1257;1.33337;1.33339;1.33321;1.33331;409
20260611 1300;1.33331;1.33345;1.33309;1.33317;423
20260611 1303;1.33317;1.3332;1.33275;1.33303;633
20260611 1306;1.33303;1.33304;1.33287;1.33287;483
20260611 1309;1.33287;1.33331;1.33286;1.33317;620
20260611 1312;1.33317;1.3332;1.3329;1.33301;487
20260611 1315;1.33301;1.33311;1.3329;1.33298;353
20260611 1318;1.33298;1.33298;1.33268;1.33292;491
20260611 1321;1.33292;1.33295;1.33263;1.33269;449
20260611 1324;1.33269;1.33286;1.33264;1.33284;250
20260611 1327;1.33284;1.33511;1.33274;1.33508;1670
20260611 1330;1.33508;1.33833;1.33508;1.33833;2643
20260611 1333;1.33833;1.33993;1.33794;1.3394;2548
20260611 1336;1.3394;1.3403;1.33916;1.34001;2494
20260611 1339;1.34001;1.34032;1.33936;1.33993;2048
20260611 1342;1.33993;1.34032;1.33953;1.33999;1966
20260611 1345;1.33999;1.34042;1.33958;1.33963;1584
20260611 1348;1.33963;1.33966;1.33833;1.33841;1779
20260611 1351;1.33841;1.33965;1.33833;1.33905;1376
20260611 1354;1.33905;1.3391;1.33853;1.33864;883
20260611 1357;1.33864;1.33908;1.33864;1.33886;888
20260611 1400;1.33886;1.33927;1.33822;1.33844;1539
20260611 1403;1.33844;1.33855;1.33792;1.33814;1035
20260611 1406;1.33814;1.339;1.33786;1.33837;1800
20260611 1409;1.33837;1.33885;1.3382;1.33876;928
20260611 1412;1.33876;1.33898;1.33866;1.33889;922
20260611 1415;1.33889;1.33964;1.33878;1.33962;850
20260611 1418;1.33962;1.33973;1.33945;1.33955;869
20260611 1421;1.33955;1.33982;1.33896;1.33898;1867
20260611 1424;1.33898;1.33936;1.33898;1.33914;925
20260611 1427;1.33914;1.33925;1.33898;1.33915;638
20260611 1430;1.33915;1.33924;1.33837;1.33855;813
20260611 1433;1.33855;1.33907;1.33855;1.33896;575
20260611 1436;1.33896;1.33927;1.33895;1.33906;500
20260611 1439;1.33906;1.33915;1.33893;1.33913;690
20260611 1442;1.33913;1.33958;1.33913;1.33956;416
20260611 1445;1.33956;1.34012;1.33956;1.34012;444
20260611 1448;1.34012;1.34073;1.34012;1.34043;507
20260611 1451;1.34043;1.3406;1.34031;1.34042;404
20260611 1454;1.34042;1.34042;1.33978;1.33978;517
20260611 1457;1.33978;1.34032;1.33974;1.33974;569
20260611 1500;1.33974;1.34054;1.33972;1.34053;730
20260611 1503;1.34053;1.34083;1.34033;1.3404;667
20260611 1506;1.3404;1.34075;1.3404;1.34075;578
20260611 1509;1.34075;1.34117;1.34075;1.34117;468
20260611 1512;1.34117;1.34181;1.34107;1.34169;1031
20260611 1515;1.34169;1.34194;1.34129;1.34142;694
20260611 1518;1.34142;1.34214;1.34142;1.34181;610
20260611 1521;1.34181;1.3419;1.34168;1.34174;553
20260611 1524;1.34174;1.34222;1.34173;1.34218;432
20260611 1527;1.34218;1.34224;1.34192;1.34215;494
20260611 1530;1.34215;1.3433;1.34204;1.34252;1461
20260611 1533;1.34252;1.34271;1.34232;1.34257;823
20260611 1536;1.34257;1.34264;1.34222;1.34224;718
20260611 1539;1.34224;1.34233;1.34201;1.34229;549
20260611 1542;1.34229;1.34245;1.34204;1.34204;448
20260611 1545;1.34204;1.34209;1.34175;1.34188;582
20260611 1548;1.34188;1.34204;1.34172;1.34175;538
20260611 1551;1.34175;1.34182;1.34161;1.34165;595
20260611 1554;1.34165;1.34187;1.34163;1.34182;562
20260611 1557;1.34182;1.34185;1.3415;1.34162;523
20260611 1600;1.34162;1.34218;1.34159;1.34208;705
20260611 1603;1.34208;1.3421;1.34191;1.34201;394
20260611 1606;1.34201;1.34214;1.34191;1.34206;320
20260611 1609;1.34206;1.34224;1.34192;1.34196;276
20260611 1612;1.34196;1.34198;1.34173;1.34189;306
20260611 1615;1.34189;1.34195;1.34185;1.34189;213
20260611 1618;1.34189;1.34204;1.34182;1.34203;231
20260611 1621;1.34203;1.34213;1.34199;1.34206;117
20260611 1624;1.34206;1.34226;1.34206;1.34209;207
20260611 1627;1.34209;1.34212;1.34175;1.34189;425
20260611 1630;1.34189;1.342;1.34176;1.34176;336
20260611 1633;1.34176;1.34176;1.34144;1.34173;499
20260611 1636;1.34173;1.34174;1.34161;1.34161;460
20260611 1639;1.34161;1.34168;1.34149;1.3415;653
20260611 1642;1.3415;1.34153;1.3414;1.34143;199
20260611 1645;1.34143;1.34156;1.34136;1.34156;381
20260611 1648;1.34156;1.34171;1.34151;1.34163;177
20260611 1651;1.34163;1.34165;1.34144;1.34144;225
20260611 1654;1.34144;1.34158;1.34128;1.34153;530
20260611 1657;1.34153;1.34165;1.34145;1.34158;561
20260611 1700;1.34158;1.34158;1.34123;1.34123;2
20260611 1715;1.34123;1.34178;1.34123;1.34178;92
20260611 1718;1.34178;1.34185;1.34078;1.34107;91
20260611 1721;1.34107;1.34119;1.34066;1.34075;395
20260611 1724;1.34075;1.34095;1.34058;1.34084;237
20260611 1727;1.34084;1.34086;1.34044;1.3405;30
20260611 1730;1.3405;1.34087;1.34047;1.34047;306
20260611 1733;1.34047;1.34068;1.34043;1.34043;45
20260611 1736;1.34043;1.34076;1.34036;1.34075;52
20260611 1739;1.34075;1.34093;1.34075;1.34081;210
20260611 1742;1.34081;1.34081;1.34044;1.34056;123
20260611 1745;1.34056;1.3413;1.34049;1.34129;67
20260611 1748;1.34129;1.34183;1.34128;1.34183;37
20260611 1751;1.34183;1.34194;1.34176;1.34194;44
20260611 1754;1.34194;1.34196;1.34103;1.34109;22
20260611 1800;1.34109;1.34253;1.34108;1.34253;146
20260611 1803;1.34253;1.34258;1.34219;1.34221;142
20260611 1806;1.34221;1.34221;1.342;1.34203;65
20260611 1809;1.34203;1.34213;1.34195;1.34202;55
20260611 1812;1.34202;1.34203;1.3418;1.34183;111
20260611 1815;1.34183;1.34192;1.34172;1.34182;89
20260611 1818;1.34182;1.34186;1.34172;1.34173;65
20260611 1821;1.34173;1.34173;1.34161;1.34172;62
20260611 1824;1.34172;1.34174;1.34151;1.34174;94
20260611 1827;1.34174;1.34174;1.34162;1.34172;81
20260611 1830;1.34172;1.34174;1.34146;1.34151;199
20260611 1833;1.34151;1.34152;1.34144;1.34145;108
20260611 1836;1.34145;1.34152;1.34141;1.34151;98
20260611 1839;1.34151;1.34172;1.34148;1.3416;113
20260611 1842;1.3416;1.34204;1.34158;1.34194;236
20260611 1845;1.34194;1.34246;1.34193;1.34229;390
20260611 1848;1.34229;1.34235;1.34213;1.34214;212
20260611 1851;1.34214;1.34215;1.342;1.34211;133
20260611 1854;1.34211;1.34234;1.34211;1.34232;136
20260611 1857;1.34232;1.34239;1.34229;1.3423;142
20260611 1900;1.3423;1.34261;1.34227;1.34231;311
20260611 1903;1.34231;1.34239;1.34219;1.34226;255
20260611 1906;1.34226;1.34254;1.34225;1.34234;259
20260611 1909;1.34234;1.34235;1.34213;1.34215;218
20260611 1912;1.34215;1.3422;1.34203;1.34209;229
20260611 1915;1.34209;1.34221;1.34209;1.34216;207
20260611 1918;1.34216;1.34216;1.34192;1.34204;338
20260611 1921;1.34204;1.34206;1.3419;1.34193;204
20260611 1924;1.34193;1.34195;1.34172;1.34172;204
20260611 1927;1.34172;1.34177;1.34156;1.3416;254
20260611 1930;1.3416;1.34165;1.34137;1.34145;212
20260611 1933;1.34145;1.34156;1.34142;1.34145;225
20260611 1936;1.34145;1.34165;1.34141;1.34155;205
20260611 1939;1.34155;1.34165;1.34151;1.34161;190
20260611 1942;1.34161;1.34165;1.34145;1.34152;151
20260611 1945;1.34152;1.34163;1.34144;1.34153;298
20260611 1948;1.34153;1.34157;1.34143;1.34146;297
20260611 1951;1.34146;1.3415;1.34131;1.34137;257
20260611 1954;1.34137;1.34161;1.34137;1.34156;335
20260611 1957;1.34156;1.34156;1.34132;1.34141;429
20260611 2000;1.34141;1.34157;1.34101;1.34101;1291
20260611 2003;1.34101;1.34122;1.34089;1.34109;925
20260611 2006;1.34109;1.34134;1.34104;1.34111;844
20260611 2009;1.34111;1.34133;1.34106;1.34123;703
20260611 2012;1.34123;1.34125;1.34109;1.34115;630
20260611 2015;1.34115;1.34121;1.3409;1.34091;685
20260611 2018;1.34091;1.34109;1.3409;1.34097;522
20260611 2021;1.34097;1.34116;1.34094;1.34096;579
20260611 2024;1.34096;1.34121;1.34096;1.34116;635
20260611 2027;1.34116;1.34135;1.34104;1.34114;633
20260611 2030;1.34114;1.34132;1.34113;1.34126;502
20260611 2033;1.34126;1.34126;1.34096;1.34105;472
20260611 2036;1.34105;1.34105;1.34093;1.34095;593
20260611 2039;1.34095;1.341;1.34065;1.3408;592
20260611 2042;1.3408;1.34084;1.34058;1.3406;474
20260611 2045;1.3406;1.34077;1.34058;1.34064;587
20260611 2048;1.34064;1.34075;1.34061;1.34073;540
20260611 2051;1.34073;1.341;1.34066;1.34096;504
20260611 2054;1.34096;1.34103;1.34084;1.34093;598
20260611 2057;1.34093;1.34093;1.34055;1.34083;715
20260611 2100;1.34083;1.34087;1.34059;1.34059;1025
20260611 2103;1.34059;1.34065;1.34044;1.34046;682
20260611 2106;1.34046;1.34056;1.34029;1.34033;706
20260611 2109;1.34033;1.34043;1.34006;1.34006;753
20260611 2112;1.34006;1.34048;1.34006;1.34041;898
20260611 2115;1.34041;1.34047;1.34034;1.3404;483
20260611 2118;1.3404;1.3404;1.34019;1.34023;690
20260611 2121;1.34023;1.34026;1.34008;1.34018;617
20260611 2124;1.34018;1.34019;1.33998;1.34014;672
20260611 2127;1.34014;1.34024;1.34005;1.34017;653
20260611 2130;1.34017;1.34047;1.34015;1.34038;660
20260611 2133;1.34038;1.34061;1.34032;1.34057;711
20260611 2136;1.34057;1.34059;1.34016;1.34027;770
20260611 2139;1.34027;1.34039;1.34022;1.34033;634
20260611 2142;1.34033;1.34047;1.34012;1.34013;792
20260611 2145;1.34013;1.34036;1.34012;1.34035;474
20260611 2148;1.34035;1.34044;1.3402;1.3402;420
20260611 2151;1.3402;1.34023;1.34009;1.34014;463
20260611 2154;1.34014;1.34019;1.33997;1.34016;531
20260611 2157;1.34016;1.34031;1.34011;1.34028;542
20260611 2200;1.34028;1.34044;1.34022;1.34043;389
20260611 2203;1.34043;1.34067;1.34035;1.34067;530
20260611 2206;1.34067;1.34075;1.34056;1.34067;492
20260611 2209;1.34067;1.34108;1.34065;1.34106;556
20260611 2212;1.34106;1.34123;1.34102;1.34105;551
20260611 2215;1.34105;1.34105;1.34065;1.34077;444
20260611 2218;1.34077;1.34077;1.34057;1.34068;385
20260611 2221;1.34068;1.34068;1.34056;1.34066;363
20260611 2224;1.34066;1.34067;1.34047;1.34054;557
20260611 2227;1.34054;1.34057;1.34036;1.34037;449
20260611 2230;1.34037;1.34047;1.34022;1.34026;480
20260611 2233;1.34026;1.34037;1.34023;1.34034;352
20260611 2236;1.34034;1.34058;1.34025;1.3405;568
20260611 2239;1.3405;1.34067;1.34048;1.3406;576
20260611 2242;1.3406;1.34067;1.34056;1.34065;327
20260611 2245;1.34065;1.34074;1.34054;1.34055;399
20260611 2248;1.34055;1.34076;1.34055;1.34066;403
20260611 2251;1.34066;1.34076;1.34058;1.34074;331
20260611 2254;1.34074;1.34075;1.34055;1.34065;314
20260611 2257;1.34065;1.34069;1.34061;1.34066;261
20260611 2300;1.34066;1.34076;1.34059;1.34066;459
20260611 2303;1.34066;1.34084;1.34065;1.34075;323
20260611 2306;1.34075;1.34085;1.34062;1.34066;385
20260611 2309;1.34066;1.34066;1.34045;1.34056;313
20260611 2312;1.34056;1.34072;1.34047;1.34071;455
20260611 2315;1.34071;1.34086;1.34067;1.34084;511
20260611 2318;1.34084;1.34087;1.34069;1.34073;414
20260611 2321;1.34073;1.3408;1.34073;1.34075;331
20260611 2324;1.34075;1.34095;1.34075;1.34085;437
20260611 2327;1.34085;1.34128;1.34084;1.34117;721
20260611 2330;1.34117;1.34159;1.34113;1.34139;691
20260611 2333;1.34139;1.34165;1.34136;1.34148;552
20260611 2336;1.34148;1.34161;1.34146;1.34157;437
20260611 2339;1.34157;1.34168;1.34155;1.3416;388
20260611 2342;1.3416;1.34176;1.34159;1.34168;215
20260611 2345;1.34168;1.34169;1.34136;1.34136;364
20260611 2348;1.34136;1.3414;1.34122;1.34137;504
20260611 2351;1.34137;1.34143;1.34121;1.34141;405
20260611 2354;1.34141;1.34155;1.3414;1.34146;401
20260611 2357;1.34146;1.34147;1.34131;1.34143;404
20260612 0000;1.34143;1.34147;1.34128;1.34138;484
20260612 0003;1.34138;1.34145;1.34117;1.34119;372
20260612 0006;1.34119;1.34128;1.34104;1.34124;328
20260612 0009;1.34124;1.34134;1.34124;1.34126;385
20260612 0012;1.34126;1.34142;1.34124;1.3414;389
20260612 0015;1.3414;1.34145;1.34126;1.34132;427
20260612 0018;1.34132;1.34133;1.3412;1.34127;221
20260612 0021;1.34127;1.34132;1.3412;1.34125;179
20260612 0024;1.34125;1.34136;1.34123;1.34129;315
20260612 0027;1.34129;1.34144;1.34125;1.34143;346
20260612 0030;1.34143;1.34158;1.34137;1.34155;396
20260612 0033;1.34155;1.3416;1.34146;1.34153;385
20260612 0036;1.34153;1.3416;1.34146;1.34154;417
20260612 0039;1.34154;1.34177;1.34147;1.34175;441
20260612 0042;1.34175;1.34179;1.34161;1.34162;464
20260612 0045;1.34162;1.34168;1.34155;1.34161;321
20260612 0048;1.34161;1.34161;1.34135;1.34149;453
20260612 0051;1.34149;1.34154;1.34142;1.34145;262
20260612 0054;1.34145;1.34146;1.34127;1.3413;428
20260612 0057;1.3413;1.34134;1.34099;1.34113;520
20260612 0100;1.34113;1.34142;1.34111;1.34111;686
20260612 0103;1.34111;1.3412;1.34106;1.34109;276
20260612 0106;1.34109;1.34119;1.34087;1.34092;406
20260612 0109;1.34092;1.34103;1.34047;1.34053;718
20260612 0112;1.34053;1.34086;1.34042;1.3407;540
20260612 0115;1.3407;1.34074;1.34031;1.34031;455
20260612 0118;1.34031;1.34052;1.34022;1.34046;490
20260612 0121;1.34046;1.34055;1.34037;1.34037;221
20260612 0124;1.34037;1.34062;1.34031;1.34044;342
20260612 0127;1.34044;1.3405;1.34026;1.34036;608
20260612 0130;1.34036;1.34041;1.34022;1.3403;852
20260612 0133;1.3403;1.3405;1.34029;1.34042;531
20260612 0136;1.34042;1.34047;1.34017;1.34027;502
20260612 0139;1.34027;1.34033;1.34006;1.34019;721
20260612 0142;1.34019;1.34024;1.34004;1.34011;600
20260612 0145;1.34011;1.34014;1.33999;1.34004;577
20260612 0148;1.34004;1.34008;1.33967;1.33967;513
20260612 0151;1.33967;1.33994;1.33959;1.33984;751
20260612 0154;1.33984;1.3399;1.33966;1.33975;416
20260612 0157;1.33975;1.33979;1.33945;1.33954;441
20260612 0200;1.33954;1.34014;1.33952;1.34014;305
20260612 0203;1.34014;1.34047;1.3401;1.34046;758
20260612 0206;1.34046;1.3406;1.34034;1.34059;621
20260612 0209;1.34059;1.34101;1.34054;1.34095;667
20260612 0212;1.34095;1.341;1.3408;1.34082;534
20260612 0215;1.34082;1.3409;1.3407;1.34085;720
20260612 0218;1.34085;1.34089;1.34075;1.34083;507
20260612 0221;1.34083;1.34096;1.3407;1.3409;481
20260612 0224;1.3409;1.34095;1.34078;1.34089;613
20260612 0227;1.34089;1.34108;1.34079;1.34103;696
20260612 0230;1.34103;1.34105;1.34028;1.34034;998
20260612 0233;1.34034;1.34057;1.34001;1.34056;874
20260612 0236;1.34056;1.34068;1.34027;1.34065;670
20260612 0239;1.34065;1.34065;1.34014;1.34033;1085
20260612 0242;1.34033;1.34046;1.33995;1.33996;1007
20260612 0245;1.33996;1.34034;1.33996;1.34018;876
20260612 0248;1.34018;1.34025;1.34003;1.34018;671
20260612 0251;1.34018;1.34048;1.34003;1.34017;929
20260612 0254;1.34017;1.34039;1.34014;1.34028;843
20260612 0257;1.34028;1.34069;1.34028;1.34064;1029
20260612 0300;1.34064;1.34065;1.34029;1.34044;1445
20260612 0303;1.34044;1.34049;1.34017;1.34037;995
20260612 0306;1.34037;1.34037;1.34017;1.34025;738
20260612 0309;1.34025;1.34058;1.34005;1.34016;745
20260612 0312;1.34016;1.3402;1.33981;1.33994;967
20260612 0315;1.33994;1.33996;1.33957;1.33959;1199
20260612 0318;1.33959;1.34007;1.33957;1.33995;1063
20260612 0321;1.33995;1.34;1.33966;1.33984;682
20260612 0324;1.33984;1.3399;1.33944;1.33957;560
20260612 0327;1.33957;1.33957;1.33926;1.33927;620
20260612 0330;1.33927;1.33948;1.33907;1.3391;811
20260612 0333;1.3391;1.33939;1.33884;1.33927;985
20260612 0336;1.33927;1.33928;1.33833;1.33842;1460
20260612 0339;1.33842;1.33875;1.33835;1.33846;1123
20260612 0342;1.33846;1.33894;1.33845;1.3389;968
20260612 0345;1.3389;1.33904;1.33855;1.33857;1026
20260612 0348;1.33857;1.33866;1.33846;1.33865;829
20260612 0351;1.33865;1.33883;1.33853;1.33864;807
20260612 0354;1.33864;1.33943;1.33854;1.33921;904
20260612 0357;1.33921;1.33977;1.33896;1.33976;3160
20260612 0400;1.33976;1.33991;1.33944;1.3399;1181
20260612 0403;1.3399;1.34025;1.33986;1.34012;1144
20260612 0406;1.34012;1.34033;1.33991;1.33992;887
20260612 0409;1.33992;1.34018;1.33987;1.33988;995
20260612 0412;1.33988;1.34016;1.33983;1.34008;881
20260612 0415;1.34008;1.34086;1.33985;1.34086;1468
20260612 0418;1.34086;1.3417;1.34081;1.34119;1886
20260612 0421;1.34119;1.3419;1.34105;1.34157;1458
20260612 0424;1.34157;1.34157;1.34115;1.34116;961
20260612 0427;1.34116;1.34136;1.34067;1.34075;959
20260612 0430;1.34075;1.34106;1.34072;1.34101;917
20260612 0433;1.34101;1.34139;1.34101;1.34112;721
20260612 0436;1.34112;1.34178;1.34112;1.34178;917
20260612 0439;1.34178;1.34179;1.34129;1.34129;1037
20260612 0442;1.34129;1.34164;1.34123;1.34164;815
20260612 0445;1.34164;1.34191;1.3413;1.34182;829
20260612 0448;1.34182;1.34182;1.34146;1.34158;624
20260612 0451;1.34158;1.34166;1.34143;1.34153;478
20260612 0454;1.34153;1.3417;1.34131;1.34132;557
20260612 0457;1.34132;1.3414;1.34121;1.34134;727
20260612 0500;1.34134;1.34143;1.34093;1.34105;815
20260612 0503;1.34105;1.34124;1.3409;1.34112;776
20260612 0506;1.34112;1.34127;1.34095;1.34102;686
20260612 0509;1.34102;1.34137;1.34102;1.34132;697
20260612 0512;1.34132;1.34156;1.3413;1.34146;519
20260612 0515;1.34146;1.34222;1.34144;1.34174;1497
20260612 0518;1.34174;1.34213;1.34164;1.3421;1038
20260612 0521;1.3421;1.3421;1.34165;1.34188;768
20260612 0524;1.34188;1.34238;1.34185;1.34238;818
20260612 0527;1.34238;1.34254;1.34233;1.34239;994
20260612 0530;1.34239;1.34258;1.34223;1.34229;679
20260612 0533;1.34229;1.34238;1.34222;1.34231;562
20260612 0536;1.34231;1.34234;1.34202;1.34214;523
20260612 0539;1.34214;1.34233;1.34213;1.34222;403
20260612 0542;1.34222;1.34229;1.34199;1.34204;338
20260612 0545;1.34204;1.34216;1.34193;1.34195;503
20260612 0548;1.34195;1.34201;1.34151;1.34162;569
20260612 0551;1.34162;1.34187;1.3416;1.34186;823
20260612 0554;1.34186;1.34217;1.34186;1.34215;662
20260612 0557;1.34215;1.34223;1.34202;1.34202;890
20260612 0600;1.34202;1.34235;1.34194;1.34198;802
20260612 0603;1.34198;1.34216;1.34198;1.342;485
20260612 0606;1.342;1.3421;1.34197;1.34205;488
20260612 0609;1.34205;1.34222;1.34193;1.34193;561
20260612 0612;1.34193;1.342;1.34154;1.34175;683
20260612 0615;1.34175;1.34185;1.34163;1.34163;510
20260612 0618;1.34163;1.34176;1.34154;1.34163;564
20260612 0621;1.34163;1.34169;1.34106;1.34147;1126
20260612 0624;1.34147;1.34155;1.34047;1.34076;1981
20260612 0627;1.34076;1.34105;1.3407;1.34101;1063
20260612 0630;1.34101;1.34175;1.34093;1.34175;1178
20260612 0633;1.34175;1.34185;1.34148;1.3415;932
20260612 0636;1.3415;1.34155;1.34134;1.34152;649
20260612 0639;1.34152;1.34165;1.34139;1.34147;484
20260612 0642;1.34147;1.34158;1.3414;1.34146;461
20260612 0645;1.34146;1.34169;1.34145;1.34169;609
20260612 0648;1.34169;1.34169;1.34155;1.3416;576
20260612 0651;1.3416;1.34161;1.34127;1.34133;588
20260612 0654;1.34133;1.34133;1.34108;1.34108;878
20260612 0657;1.34108;1.34112;1.34086;1.34108;1110
20260612 0700;1.34108;1.34117;1.34087;1.34115;936
20260612 0703;1.34115;1.34118;1.34104;1.34113;570
20260612 0706;1.34113;1.34119;1.34093;1.34106;692
20260612 0709;1.34106;1.34118;1.34098;1.34107;539
20260612 0712;1.34107;1.34149;1.34105;1.34149;611
20260612 0715;1.34149;1.34167;1.34143;1.34156;857
20260612 0718;1.34156;1.34167;1.34144;1.34156;632
20260612 0721;1.34156;1.34175;1.34154;1.34171;557
20260612 0724;1.34171;1.34171;1.34138;1.34143;686
20260612 0727;1.34143;1.34159;1.34138;1.3414;707
20260612 0730;1.3414;1.34164;1.34129;1.34133;725
20260612 0733;1.34133;1.34165;1.3413;1.34164;574
20260612 0736;1.34164;1.34164;1.34124;1.34127;679
20260612 0739;1.34127;1.34182;1.34127;1.34176;685
20260612 0742;1.34176;1.34179;1.34152;1.34167;644
20260612 0745;1.34167;1.34175;1.34161;1.34163;624
20260612 0748;1.34163;1.34175;1.34152;1.34173;493
20260612 0751;1.34173;1.34173;1.34161;1.34164;476
20260612 0754;1.34164;1.34164;1.34113;1.34116;641
20260612 0757;1.34116;1.34116;1.34084;1.34092;645
20260612 0800;1.34092;1.34093;1.34055;1.34072;965
20260612 0803;1.34072;1.34089;1.34061;1.34067;690
20260612 0806;1.34067;1.34076;1.34023;1.34038;916
20260612 0809;1.34038;1.34047;1.34018;1.34033;684
20260612 0812;1.34033;1.34033;1.34008;1.34018;790
20260612 0815;1.34018;1.34019;1.34;1.34014;646
20260612 0818;1.34014;1.34029;1.34002;1.34003;619
20260612 0821;1.34003;1.34006;1.33969;1.33969;626
20260612 0824;1.33969;1.33969;1.33933;1.33934;1035
20260612 0827;1.33934;1.33936;1.33898;1.33898;610
20260612 0830;1.33898;1.33936;1.33897;1.33924;667
20260612 0833;1.33924;1.33944;1.33921;1.33925;610
20260612 0836;1.33925;1.33948;1.33925;1.33944;440
20260612 0839;1.33944;1.33957;1.33919;1.33946;822
20260612 0842;1.33946;1.33973;1.33937;1.33944;747
20260612 0845;1.33944;1.33948;1.33904;1.33913;1154
20260612 0848;1.33913;1.33953;1.3391;1.33953;705
20260612 0851;1.33953;1.33957;1.3392;1.33937;637
20260612 0854;1.33937;1.33938;1.33903;1.33924;1057
20260612 0857;1.33924;1.33948;1.33922;1.33934;691
20260612 0900;1.33934;1.33943;1.33903;1.33942;1048
20260612 0903;1.33942;1.33987;1.33938;1.33985;909
20260612 0906;1.33985;1.33987;1.33941;1.33965;989
20260612 0909;1.33965;1.33976;1.33947;1.3395;613
20260612 0912;1.3395;1.33958;1.33942;1.33956;569
20260612 0915;1.33956;1.34018;1.33947;1.34018;858
20260612 0918;1.34018;1.34043;1.34015;1.34036;923
20260612 0921;1.34036;1.34082;1.34034;1.34074;870
20260612 0924;1.34074;1.34082;1.34043;1.34062;892
20260612 0927;1.34062;1.34081;1.34051;1.34077;792
20260612 0930;1.34077;1.3414;1.34077;1.34126;1715
20260612 0933;1.34126;1.34135;1.34081;1.34092;2437
20260612 0936;1.34092;1.34097;1.34063;1.34085;1461
20260612 0939;1.34085;1.34095;1.33946;1.33978;2099
20260612 0942;1.33978;1.34007;1.33955;1.33977;1573
20260612 0945;1.33977;1.34028;1.33977;1.34004;1511
20260612 0948;1.34004;1.34023;1.33986;1.33989;1379
20260612 0951;1.33989;1.34029;1.33982;1.33994;1028
20260612 0954;1.33994;1.34027;1.33994;1.34023;969
20260612 0957;1.34023;1.34024;1.33983;1.33996;718
20260612 1000;1.33996;1.34092;1.33982;1.34072;940
20260612 1003;1.34072;1.3412;1.34065;1.34065;1292
20260612 1006;1.34065;1.34115;1.34065;1.34087;1381
20260612 1009;1.34087;1.34103;1.34074;1.3409;1253
20260612 1012;1.3409;1.34095;1.34058;1.34064;1122
20260612 1015;1.34064;1.34076;1.34028;1.34034;1076
20260612 1018;1.34034;1.34034;1.34;1.34015;1101
20260612 1021;1.34015;1.34025;1.33966;1.34004;1099
20260612 1024;1.34004;1.34019;1.33992;1.33995;1122
20260612 1027;1.33995;1.34025;1.33975;1.33978;940
20260612 1030;1.33978;1.3402;1.33974;1.34002;964
20260612 1033;1.34002;1.34061;1.34002;1.34041;954
20260612 1036;1.34041;1.3407;1.34024;1.34055;1377
20260612 1039;1.34055;1.34058;1.34012;1.34015;1101
20260612 1042;1.34015;1.34032;1.34001;1.34016;1189
20260612 1045;1.34016;1.34022;1.33985;1.34001;1172
20260612 1048;1.34001;1.34016;1.33977;1.33999;1151
20260612 1051;1.33999;1.34095;1.33952;1.34064;2325
20260612 1054;1.34064;1.34115;1.34053;1.34108;2412
20260612 1057;1.34108;1.3417;1.34093;1.34134;2176
20260612 1100;1.34134;1.34149;1.34117;1.34126;1775
20260612 1103;1.34126;1.34167;1.34104;1.34161;1716
20260612 1106;1.34161;1.34161;1.34122;1.34129;1259
20260612 1109;1.34129;1.34135;1.34113;1.34129;1016
20260612 1112;1.34129;1.34157;1.34114;1.3414;918
20260612 1115;1.3414;1.34147;1.34123;1.34138;1015
20260612 1118;1.34138;1.34158;1.34127;1.34138;776
20260612 1121;1.34138;1.3418;1.34136;1.34171;1324
20260612 1124;1.34171;1.34206;1.34166;1.34203;1004
20260612 1127;1.34203;1.3423;1.34196;1.34227;1010
20260612 1130;1.34227;1.34238;1.34184;1.34184;845
20260612 1133;1.34184;1.34205;1.34145;1.34179;1456
20260612 1136;1.34179;1.34179;1.34123;1.34146;1647
20260612 1139;1.34146;1.34155;1.34107;1.34116;1456
20260612 1142;1.34116;1.34125;1.34082;1.34106;1132
20260612 1145;1.34106;1.34126;1.34104;1.34121;825
20260612 1148;1.34121;1.34138;1.341;1.34136;992
20260612 1151;1.34136;1.34169;1.34115;1.34146;1451
20260612 1154;1.34146;1.34168;1.3413;1.34134;1138
20260612 1157;1.34134;1.34163;1.34121;1.34129;1112
20260612 1200;1.34129;1.34138;1.34095;1.34096;1488
20260612 1203;1.34096;1.34111;1.34077;1.34087;986
20260612 1206;1.34087;1.34104;1.34075;1.34097;797
20260612 1209;1.34097;1.34104;1.34081;1.34084;790
20260612 1212;1.34084;1.34188;1.34081;1.34104;2306
20260612 1215;1.34104;1.34155;1.34102;1.34121;1713
20260612 1218;1.34121;1.34125;1.34092;1.34092;1273
20260612 1221;1.34092;1.34111;1.34081;1.34106;1139
20260612 1224;1.34106;1.34126;1.34096;1.34112;758
20260612 1227;1.34112;1.3413;1.34103;1.34123;635
20260612 1230;1.34123;1.34159;1.34122;1.34136;695
20260612 1233;1.34136;1.34146;1.34119;1.34119;599
20260612 1236;1.34119;1.34135;1.34108;1.34112;557
20260612 1239;1.34112;1.34152;1.34112;1.34129;781
20260612 1242;1.34129;1.34137;1.34118;1.34121;593
20260612 1245;1.34121;1.34146;1.34117;1.34143;701
20260612 1248;1.34143;1.34161;1.34137;1.34147;587
20260612 1251;1.34147;1.34169;1.34145;1.34167;501
20260612 1254;1.34167;1.34167;1.34141;1.34143;898
20260612 1257;1.34143;1.34157;1.34136;1.34154;830
20260612 1300;1.34154;1.34181;1.34154;1.34163;734
20260612 1303;1.34163;1.34187;1.34159;1.34176;519
20260612 1306;1.34176;1.34217;1.34173;1.34178;1531
20260612 1309;1.34178;1.34192;1.34163;1.34167;753
20260612 1312;1.34167;1.34173;1.34142;1.34165;567
20260612 1315;1.34165;1.3417;1.34154;1.34163;934
20260612 1318;1.34163;1.34181;1.34157;1.3418;817
20260612 1321;1.3418;1.34192;1.34164;1.34168;743
20260612 1324;1.34168;1.34175;1.34162;1.34166;645
20260612 1327;1.34166;1.34184;1.34162;1.34179;730
20260612 1330;1.34179;1.34179;1.34155;1.34167;879
20260612 1333;1.34167;1.34182;1.34153;1.34163;864
20260612 1336;1.34163;1.34169;1.34159;1.3416;636
20260612 1339;1.3416;1.3417;1.34148;1.3417;573
20260612 1342;1.3417;1.34182;1.34169;1.34175;490
20260612 1345;1.34175;1.34181;1.34163;1.34176;557
20260612 1348;1.34176;1.34182;1.3417;1.34179;449
20260612 1351;1.34179;1.34181;1.34171;1.34173;388
20260612 1354;1.34173;1.34182;1.34157;1.34162;611
20260612 1357;1.34162;1.3418;1.3416;1.34166;448
20260612 1400;1.34166;1.34179;1.3416;1.34165;611
20260612 1403;1.34165;1.34176;1.34127;1.34131;697
20260612 1406;1.34131;1.34138;1.34122;1.34132;615
20260612 1409;1.34132;1.34156;1.34122;1.34153;611
20260612 1412;1.34153;1.34161;1.34137;1.34142;471
20260612 1415;1.34142;1.3416;1.34138;1.34149;554
20260612 1418;1.34149;1.34152;1.34135;1.34145;662
20260612 1421;1.34145;1.34159;1.34144;1.34146;590
20260612 1424;1.34146;1.34176;1.34144;1.34155;683
20260612 1427;1.34155;1.34175;1.34155;1.34173;619
20260612 1430;1.34173;1.34213;1.34173;1.34202;746
20260612 1433;1.34202;1.34205;1.34191;1.34196;551
20260612 1436;1.34196;1.34203;1.34191;1.34194;479
20260612 1439;1.34194;1.34197;1.34186;1.3419;471
20260612 1442;1.3419;1.34205;1.34188;1.34197;418
20260612 1445;1.34197;1.34205;1.34187;1.3419;353
20260612 1448;1.3419;1.34195;1.34183;1.34194;432
20260612 1451;1.34194;1.34197;1.34187;1.34195;381
20260612 1454;1.34195;1.34195;1.34185;1.34195;480
20260612 1457;1.34195;1.34195;1.34145;1.34158;571
20260612 1500;1.34158;1.34194;1.34137;1.34193;691
20260612 1503;1.34193;1.34199;1.34183;1.34185;202
20260612 1506;1.34185;1.34194;1.34175;1.34181;452
20260612 1509;1.34181;1.3419;1.34167;1.34171;253
20260612 1512;1.34171;1.34177;1.34162;1.34173;155
20260612 1515;1.34173;1.34182;1.34165;1.34176;298
20260612 1518;1.34176;1.34187;1.34173;1.34184;210
20260612 1521;1.34184;1.34186;1.34174;1.34174;231
20260612 1524;1.34174;1.34174;1.3416;1.34162;254
20260612 1527;1.34162;1.34177;1.34161;1.34176;416
20260612 1530;1.34176;1.34179;1.34166;1.3417;455
20260612 1533;1.3417;1.34172;1.34132;1.34143;458
20260612 1536;1.34143;1.34176;1.3414;1.34141;681
20260612 1539;1.34141;1.34149;1.34137;1.34146;387
20260612 1542;1.34146;1.34148;1.3412;1.3412;343
20260612 1545;1.3412;1.34122;1.34116;1.34121;259
20260612 1548;1.34121;1.34133;1.3412;1.34128;274
20260612 1551;1.34128;1.34132;1.3409;1.3409;368
20260612 1554;1.3409;1.34108;1.34082;1.34105;329
20260612 1557;1.34105;1.34112;1.34095;1.34109;377
20260612 1600;1.34109;1.34112;1.34078;1.34102;296
20260612 1603;1.34102;1.34102;1.34081;1.34081;244
20260612 1606;1.34081;1.34088;1.34075;1.34084;315
20260612 1609;1.34084;1.34084;1.34079;1.34082;107
20260612 1612;1.34082;1.34085;1.34074;1.34074;105
20260612 1615;1.34074;1.34076;1.34067;1.3407;82
20260612 1618;1.3407;1.34073;1.34059;1.3407;126
20260612 1621;1.3407;1.34073;1.34067;1.3407;76
20260612 1624;1.3407;1.34084;1.34065;1.34084;109
20260612 1627;1.34084;1.34089;1.34037;1.34037;234
20260612 1630;1.34037;1.34039;1.34021;1.34033;256
20260612 1633;1.34033;1.34035;1.34025;1.34033;108
20260612 1636;1.34033;1.34034;1.34026;1.34032;75
20260612 1639;1.34032;1.34033;1.3403;1.34032;52
20260612 1642;1.34032;1.34033;1.34021;1.34022;57
20260612 1645;1.34022;1.34039;1.3402;1.34038;207
20260612 1648;1.34038;1.34042;1.34025;1.34041;390
20260612 1651;1.34041;1.34044;1.34024;1.34033;444
20260612 1654;1.34033;1.34051;1.33985;1.33997;404
20260612 1657;1.33997;1.3406;1.33929;1.33942;356
20260614 1703;1.33942;1.33959;1.33942;1.33959;2
20260614 1706;1.33959;1.34008;1.33959;1.34005;10
20260614 1709;1.34005;1.34006;1.33998;1.33998;6
20260614 1712;1.33998;1.34014;1.33997;1.34005;8
20260614 1715;1.34005;1.34013;1.34004;1.34006;18
20260614 1718;1.34006;1.34027;1.34006;1.34012;8
20260614 1721;1.34012;1.34012;1.34004;1.34004;3
20260614 1724;1.34004;1.34008;1.34004;1.34005;10
20260614 1727;1.34005;1.34091;1.34005;1.34063;219
20260614 1730;1.34063;1.34183;1.34054;1.34094;84
20260614 1733;1.34094;1.34145;1.3408;1.34098;64
20260614 1736;1.34098;1.34165;1.34085;1.34149;317
20260614 1739;1.34149;1.34208;1.34126;1.34208;29
20260614 1742;1.34208;1.34211;1.34149;1.34201;103
20260614 1745;1.34201;1.3421;1.34151;1.34196;122
20260614 1748;1.34196;1.34213;1.34163;1.34201;45
20260614 1751;1.34201;1.34217;1.34199;1.3421;33
20260614 1754;1.3421;1.34301;1.34162;1.34234;443
20260614 1757;1.34234;1.3429;1.34204;1.34232;693
20260614 1800;1.34232;1.34487;1.34223;1.34449;952
20260614 1803;1.34449;1.34516;1.34449;1.34499;283
20260614 1806;1.34499;1.34528;1.34485;1.34507;507
20260614 1809;1.34507;1.3454;1.34499;1.34511;820
20260614 1812;1.34511;1.34519;1.34462;1.34468;524
20260614 1815;1.34468;1.34485;1.3442;1.34461;489
20260614 1818;1.34461;1.34526;1.34461;1.34503;414
20260614 1821;1.34503;1.34528;1.34475;1.34477;436
20260614 1824;1.34477;1.3448;1.34442;1.34446;413
20260614 1827;1.34446;1.34462;1.3443;1.34461;437
20260614 1830;1.34461;1.34493;1.34451;1.34465;657
20260614 1833;1.34465;1.34487;1.34452;1.34477;594
20260614 1836;1.34477;1.34491;1.34464;1.34483;594
20260614 1839;1.34483;1.34509;1.34481;1.34507;326
20260614 1842;1.34507;1.34512;1.345;1.34501;207
20260614 1845;1.34501;1.3452;1.34497;1.34503;206
20260614 1848;1.34503;1.34524;1.34503;1.34523;248
20260614 1851;1.34523;1.3454;1.34521;1.34529;245
20260614 1854;1.34529;1.34542;1.34528;1.34535;228
20260614 1857;1.34535;1.34539;1.3452;1.3452;258
20260614 1900;1.3452;1.3453;1.34474;1.34485;532
20260614 1903;1.34485;1.34496;1.34484;1.34488;265
20260614 1906;1.34488;1.34504;1.34483;1.34494;259
20260614 1909;1.34494;1.34505;1.34475;1.34476;244
20260614 1912;1.34476;1.34494;1.34474;1.34479;235
20260614 1915;1.34479;1.34495;1.34475;1.34483;235
20260614 1918;1.34483;1.34488;1.34472;1.34474;148
20260614 1921;1.34474;1.34474;1.34456;1.34468;143
20260614 1924;1.34468;1.34484;1.34461;1.34462;201
20260614 1927;1.34462;1.34473;1.34461;1.34467;141
20260614 1930;1.34467;1.34471;1.34452;1.34456;283
20260614 1933;1.34456;1.34471;1.34454;1.34466;178
20260614 1936;1.34466;1.34474;1.34462;1.34473;136
20260614 1939;1.34473;1.34483;1.34471;1.34471;182
20260614 1942;1.34471;1.34512;1.3447;1.3451;194
20260614 1945;1.3451;1.34533;1.34492;1.34522;593
20260614 1948;1.34522;1.34533;1.3451;1.34532;211
20260614 1951;1.34532;1.34543;1.34511;1.34521;338
20260614 1954;1.34521;1.34528;1.34502;1.34503;408
20260614 1957;1.34503;1.3451;1.34483;1.34494;609
20260614 2000;1.34494;1.34533;1.34494;1.34522;1035
20260614 2003;1.34522;1.34548;1.34521;1.34537;583
20260614 2006;1.34537;1.34563;1.34531;1.34551;734
20260614 2009;1.34551;1.34589;1.34534;1.3456;828
20260614 2012;1.3456;1.34596;1.34549;1.3459;745
20260614 2015;1.3459;1.34599;1.34571;1.34577;766
20260614 2018;1.34577;1.34604;1.34577;1.34604;620
20260614 2021;1.34604;1.34608;1.34589;1.346;729
20260614 2024;1.346;1.34608;1.34594;1.34601;408
20260614 2027;1.34601;1.34603;1.34562;1.34565;483
20260614 2030;1.34565;1.34569;1.3454;1.34569;571
20260614 2033;1.34569;1.34572;1.3456;1.34568;394
20260614 2036;1.34568;1.34568;1.3455;1.34551;342
20260614 2039;1.34551;1.34554;1.3454;1.34543;415
20260614 2042;1.34543;1.34563;1.3454;1.34551;460
20260614 2045;1.34551;1.34555;1.34532;1.34534;485
20260614 2048;1.34534;1.3454;1.34522;1.34526;456
20260614 2051;1.34526;1.34531;1.34473;1.34474;587
20260614 2054;1.34474;1.34488;1.34457;1.34462;906
20260614 2057;1.34462;1.34468;1.34434;1.34439;552
20260614 2100;1.34439;1.34439;1.34405;1.34421;818
20260614 2103;1.34421;1.3443;1.34399;1.34401;477
20260614 2106;1.34401;1.34408;1.34386;1.34387;563
20260614 2109;1.34387;1.3442;1.34387;1.34413;437
20260614 2112;1.34413;1.34433;1.34409;1.34417;462
20260614 2115;1.34417;1.34427;1.34409;1.34411;415
20260614 2118;1.34411;1.34438;1.34409;1.34437;459
20260614 2121;1.34437;1.34439;1.34425;1.34429;437
20260614 2124;1.34429;1.34439;1.34417;1.34419;499
20260614 2127;1.34419;1.34427;1.34417;1.3442;334
20260614 2130;1.3442;1.34426;1.3441;1.34414;610
20260614 2133;1.34414;1.34418;1.344;1.34412;476
20260614 2136;1.34412;1.34418;1.34396;1.34401;415
20260614 2139;1.34401;1.34403;1.34394;1.34397;424
20260614 2142;1.34397;1.34397;1.34377;1.34381;350
20260614 2145;1.34381;1.34389;1.34374;1.34388;422
20260614 2148;1.34388;1.34408;1.34385;1.34408;330
20260614 2151;1.34408;1.34434;1.34405;1.34429;330
20260614 2154;1.34429;1.34438;1.3442;1.34421;459
20260614 2157;1.34421;1.34427;1.34367;1.34377;747
20260614 2200;1.34377;1.34387;1.34356;1.34359;480
20260614 2203;1.34359;1.34387;1.34351;1.34387;330
20260614 2206;1.34387;1.34388;1.34365;1.34386;483
20260614 2209;1.34386;1.34387;1.34342;1.34343;437
20260614 2212;1.34343;1.34351;1.34326;1.34336;338
20260614 2215;1.34336;1.34344;1.34335;1.34343;203
20260614 2218;1.34343;1.34348;1.34329;1.34342;325
20260614 2221;1.34342;1.34349;1.34331;1.34343;470
20260614 2224;1.34343;1.34371;1.34342;1.3437;391
20260614 2227;1.3437;1.34379;1.34367;1.34369;279
20260614 2230;1.34369;1.34387;1.34368;1.34382;327
20260614 2233;1.34382;1.34386;1.34367;1.34369;267
20260614 2236;1.34369;1.34388;1.34367;1.34386;257
20260614 2239;1.34386;1.34407;1.34381;1.34383;335
20260614 2242;1.34383;1.34383;1.34376;1.34381;234
20260614 2245;1.34381;1.34381;1.3437;1.34372;216
20260614 2248;1.34372;1.34378;1.34369;1.34373;300
20260614 2251;1.34373;1.34384;1.34367;1.34379;273
20260614 2254;1.34379;1.34385;1.34378;1.34381;213
20260614 2257;1.34381;1.34398;1.34381;1.34389;468
20260614 2300;1.34389;1.34404;1.34385;1.34386;372
20260614 2303;1.34386;1.34405;1.34386;1.34395;318
20260614 2306;1.34395;1.34397;1.34381;1.34389;342
20260614 2309;1.34389;1.344;1.34387;1.34393;229
20260614 2312;1.34393;1.34395;1.34384;1.3439;204
20260614 2315;1.3439;1.34408;1.34389;1.34408;326
20260614 2318;1.34408;1.34412;1.34399;1.34404;367
20260614 2321;1.34404;1.34413;1.34402;1.3441;257
20260614 2324;1.3441;1.34422;1.34408;1.34421;271
20260614 2327;1.34421;1.34425;1.34418;1.34422;334
20260614 2330;1.34422;1.34428;1.34417;1.34428;319
20260614 2333;1.34428;1.34443;1.34422;1.34439;327
20260614 2336;1.34439;1.3444;1.34426;1.34431;218
20260614 2339;1.34431;1.34452;1.34431;1.34452;324
20260614 2342;1.34452;1.34461;1.34447;1.34449;294
20260614 2345;1.34449;1.34464;1.34446;1.34455;331
20260614 2348;1.34455;1.34459;1.34435;1.34444;515
20260614 2351;1.34444;1.34453;1.34437;1.34439;311
20260614 2354;1.34439;1.34444;1.34437;1.34439;234
20260614 2357;1.34439;1.34443;1.34425;1.34429;317
20260615 0000;1.34429;1.3444;1.34419;1.3442;402
20260615 0003;1.3442;1.34422;1.34405;1.34411;220
20260615 0006;1.34411;1.34423;1.34405;1.34421;233
20260615 0009;1.34421;1.34428;1.3442;1.34423;281
20260615 0012;1.34423;1.34431;1.34421;1.34425;203
20260615 0015;1.34425;1.34431;1.3442;1.34429;233
20260615 0018;1.34429;1.34432;1.34426;1.34428;170
20260615 0021;1.34428;1.3444;1.34423;1.34439;199
20260615 0024;1.34439;1.34453;1.34438;1.34451;296
20260615 0027;1.34451;1.34468;1.34451;1.34468;379
20260615 0030;1.34468;1.34472;1.34464;1.34468;240
20260615 0033;1.34468;1.3448;1.34467;1.34478;234
20260615 0036;1.34478;1.3448;1.34472;1.34478;141
20260615 0039;1.34478;1.34483;1.34471;1.34479;214
20260615 0042;1.34479;1.3449;1.34479;1.34486;242
20260615 0045;1.34486;1.34509;1.34485;1.34508;357
20260615 0048;1.34508;1.34508;1.34497;1.34505;293
20260615 0051;1.34505;1.3451;1.34497;1.34503;326
20260615 0054;1.34503;1.34504;1.3449;1.34495;240
20260615 0057;1.34495;1.34508;1.34493;1.34503;273
20260615 0100;1.34503;1.3453;1.34502;1.34529;440
20260615 0103;1.34529;1.34531;1.34522;1.34529;301
20260615 0106;1.34529;1.34537;1.34526;1.34529;284
20260615 0109;1.34529;1.34559;1.34527;1.34557;511
20260615 0112;1.34557;1.34599;1.34557;1.34584;705
20260615 0115;1.34584;1.34588;1.34575;1.34585;354
20260615 0118;1.34585;1.34592;1.34575;1.34575;287
20260615 0121;1.34575;1.34592;1.34575;1.34589;273
20260615 0124;1.34589;1.34589;1.34561;1.34573;399
20260615 0127;1.34573;1.34581;1.34571;1.34576;377
20260615 0130;1.34576;1.34589;1.34559;1.34559;416
20260615 0133;1.34559;1.34559;1.3454;1.34549;269
20260615 0136;1.34549;1.34555;1.34536;1.34543;405
20260615 0139;1.34543;1.34548;1.34536;1.34542;445
20260615 0142;1.34542;1.34556;1.34528;1.34529;541
20260615 0145;1.34529;1.3455;1.3452;1.3455;348
20260615 0148;1.3455;1.34564;1.34548;1.34554;356
20260615 0151;1.34554;1.34554;1.34538;1.3454;328
20260615 0154;1.3454;1.34542;1.34528;1.34529;469
20260615 0157;1.34529;1.34554;1.34528;1.34549;368
20260615 0200;1.34549;1.3456;1.34507;1.3451;838
20260615 0203;1.3451;1.34531;1.34502;1.34511;707
20260615 0206;1.34511;1.34511;1.34461;1.34465;802
20260615 0209;1.34465;1.3448;1.34452;1.34479;464
20260615 0212;1.34479;1.34482;1.34469;1.34478;311
20260615 0215;1.34478;1.34492;1.34476;1.3448;443
20260615 0218;1.3448;1.3449;1.34462;1.34472;482
20260615 0221;1.34472;1.3448;1.34453;1.34462;608
20260615 0224;1.34462;1.34471;1.34455;1.34467;555
20260615 0227;1.34467;1.34482;1.34451;1.3446;531
20260615 0230;1.3446;1.3446;1.34377;1.34379;1083
20260615 0233;1.34379;1.34397;1.34349;1.34358;910
20260615 0236;1.34358;1.34398;1.34358;1.34398;531
20260615 0239;1.34398;1.34422;1.34391;1.34421;467
20260615 0242;1.34421;1.34427;1.34405;1.34406;372
20260615 0245;1.34406;1.34422;1.344;1.34406;418
20260615 0248;1.34406;1.34418;1.34396;1.34402;561
20260615 0251;1.34402;1.34433;1.34397;1.34424;375
20260615 0254;1.34424;1.34428;1.34406;1.34415;415
20260615 0257;1.34415;1.34421;1.34397;1.3442;476
20260615 0300;1.3442;1.34446;1.34366;1.34367;765
20260615 0303;1.34367;1.344;1.34362;1.34392;1156
20260615 0306;1.34392;1.34405;1.34381;1.34397;640
20260615 0309;1.34397;1.34398;1.34345;1.34358;759
20260615 0312;1.34358;1.34386;1.34354;1.34363;707
20260615 0315;1.34363;1.34366;1.34351;1.34366;663
20260615 0318;1.34366;1.34376;1.34325;1.34347;779
20260615 0321;1.34347;1.344;1.34347;1.34391;536
20260615 0324;1.34391;1.34408;1.34368;1.34388;486
20260615 0327;1.34388;1.34399;1.34366;1.34367;460
20260615 0330;1.34367;1.34377;1.34287;1.34298;878
20260615 0333;1.34298;1.34328;1.34296;1.34318;874
20260615 0336;1.34318;1.34318;1.34282;1.34303;831
20260615 0339;1.34303;1.34352;1.343;1.34352;780
20260615 0342;1.34352;1.34366;1.34345;1.34349;610
20260615 0345;1.34349;1.34352;1.34321;1.34329;910
20260615 0348;1.34329;1.34337;1.34282;1.3429;822
20260615 0351;1.3429;1.34313;1.34283;1.34312;618
20260615 0354;1.34312;1.34329;1.34309;1.34313;623
20260615 0357;1.34313;1.34341;1.34309;1.34325;622
20260615 0400;1.34325;1.34329;1.343;1.34328;867
20260615 0403;1.34328;1.3433;1.34299;1.34301;616
20260615 0406;1.34301;1.34314;1.34289;1.34301;638
20260615 0409;1.34301;1.34302;1.34283;1.34302;565
20260615 0412;1.34302;1.34323;1.34301;1.34304;526
20260615 0415;1.34304;1.34311;1.34293;1.34311;533
20260615 0418;1.34311;1.34341;1.34311;1.34331;684
20260615 0421;1.34331;1.34335;1.34314;1.34333;642
20260615 0424;1.34333;1.34337;1.34319;1.34331;590
20260615 0427;1.34331;1.34355;1.34324;1.34328;752
20260615 0430;1.34328;1.34335;1.34309;1.34327;678
20260615 0433;1.34327;1.34359;1.34327;1.3434;468
20260615 0436;1.3434;1.34341;1.34289;1.34292;746
20260615 0439;1.34292;1.34292;1.34236;1.34237;790
20260615 0442;1.34237;1.34265;1.34235;1.34254;840
20260615 0445;1.34254;1.34262;1.3422;1.34223;832
20260615 0448;1.34223;1.34229;1.34201;1.34208;773
20260615 0451;1.34208;1.34214;1.34185;1.34192;600
20260615 0454;1.34192;1.34231;1.3419;1.34223;662
20260615 0457;1.34223;1.34243;1.34222;1.34228;437
20260615 0500;1.34228;1.34286;1.34227;1.34286;585
20260615 0503;1.34286;1.34314;1.34274;1.34312;563
20260615 0506;1.34312;1.34335;1.34306;1.34313;505
20260615 0509;1.34313;1.34335;1.34303;1.34315;447
20260615 0512;1.34315;1.34324;1.343;1.3431;356
20260615 0515;1.3431;1.3431;1.34285;1.343;399
20260615 0518;1.343;1.34311;1.34279;1.3428;383
20260615 0521;1.3428;1.34292;1.3427;1.3428;461
20260615 0524;1.3428;1.34292;1.34273;1.34274;482
20260615 0527;1.34274;1.34284;1.34262;1.34273;637
20260615 0530;1.34273;1.34295;1.34269;1.3428;747
20260615 0533;1.3428;1.34284;1.34273;1.34282;533
20260615 0536;1.34282;1.3431;1.34274;1.34307;609
20260615 0539;1.34307;1.34314;1.34292;1.34312;504
20260615 0542;1.34312;1.34315;1.34296;1.34299;546
20260615 0545;1.34299;1.34306;1.34285;1.34293;428
20260615 0548;1.34293;1.34315;1.3429;1.34311;326
20260615 0551;1.34311;1.34311;1.34283;1.34292;568
20260615 0554;1.34292;1.34298;1.34227;1.34232;761
20260615 0557;1.34232;1.34269;1.34228;1.34267;662
20260615 0600;1.34267;1.34271;1.34242;1.34254;515
20260615 0603;1.34254;1.34274;1.34254;1.34261;369
20260615 0606;1.34261;1.34265;1.34229;1.34239;443
20260615 0609;1.34239;1.3426;1.34226;1.3425;437
20260615 0612;1.3425;1.34281;1.34239;1.34281;326
20260615 0615;1.34281;1.34292;1.34273;1.3428;523
20260615 0618;1.3428;1.34299;1.34278;1.34297;514
20260615 0621;1.34297;1.34314;1.34286;1.34304;600
20260615 0624;1.34304;1.3431;1.34285;1.34299;372
20260615 0627;1.34299;1.34311;1.34296;1.34307;404
20260615 0630;1.34307;1.3432;1.34305;1.3431;297
20260615 0633;1.3431;1.34341;1.34308;1.3433;522
20260615 0636;1.3433;1.3434;1.34319;1.3433;436
20260615 0639;1.3433;1.3433;1.34302;1.34302;364
20260615 0642;1.34302;1.34314;1.34298;1.34311;287
20260615 0645;1.34311;1.34322;1.34277;1.34289;384
20260615 0648;1.34289;1.34303;1.34282;1.34294;357
20260615 0651;1.34294;1.34319;1.3429;1.34305;475
20260615 0654;1.34305;1.34305;1.34279;1.3428;504
20260615 0657;1.3428;1.34281;1.34238;1.34249;759
20260615 0700;1.34249;1.34275;1.34247;1.3427;936
20260615 0703;1.3427;1.34278;1.34249;1.34278;394
20260615 0706;1.34278;1.34302;1.34271;1.34294;455
20260615 0709;1.34294;1.34297;1.34277;1.34281;341
20260615 0712;1.34281;1.34311;1.34281;1.34288;479
20260615 0715;1.34288;1.34288;1.34248;1.3425;432
20260615 0718;1.3425;1.34272;1.34247;1.3427;335
20260615 0721;1.3427;1.3429;1.34251;1.34258;442
20260615 0724;1.34258;1.3426;1.34238;1.34249;417
20260615 0727;1.34249;1.34258;1.34227;1.34237;477
20260615 0730;1.34237;1.34272;1.34232;1.34261;496
20260615 0733;1.34261;1.34269;1.34252;1.34261;301
20260615 0736;1.34261;1.34261;1.34219;1.34219;427
20260615 0739;1.34219;1.34252;1.34219;1.34248;444
20260615 0742;1.34248;1.34251;1.34202;1.34217;890
20260615 0745;1.34217;1.34228;1.34198;1.34219;886
20260615 0748;1.34219;1.34234;1.34193;1.34225;896
20260615 0751;1.34225;1.34249;1.34218;1.34249;663
20260615 0754;1.34249;1.34252;1.34232;1.34238;622
20260615 0757;1.34238;1.34241;1.34227;1.34232;536
20260615 0800;1.34232;1.3425;1.34223;1.34231;989
20260615 0803;1.34231;1.34266;1.3423;1.34261;701
20260615 0806;1.34261;1.34272;1.34242;1.34243;551
20260615 0809;1.34243;1.34243;1.34209;1.34214;740
20260615 0812;1.34214;1.34223;1.342;1.3421;548
20260615 0815;1.3421;1.34213;1.34178;1.3418;519
20260615 0818;1.3418;1.34193;1.34171;1.34172;563
20260615 0821;1.34172;1.34214;1.34172;1.34209;625
20260615 0824;1.34209;1.34229;1.34201;1.34217;611
20260615 0827;1.34217;1.34218;1.342;1.34215;495
20260615 0830;1.34215;1.3426;1.3421;1.34243;412
20260615 0833;1.34243;1.34248;1.3423;1.34233;593
20260615 0836;1.34233;1.34233;1.34193;1.34204;689
20260615 0839;1.34204;1.34225;1.34199;1.34221;444
20260615 0842;1.34221;1.34243;1.34218;1.34241;598
20260615 0845;1.34241;1.34269;1.34231;1.34268;732
20260615 0848;1.34268;1.34282;1.34257;1.34271;739
20260615 0851;1.34271;1.34289;1.34266;1.34267;602
20260615 0854;1.34267;1.34315;1.34266;1.34289;921
20260615 0857;1.34289;1.34307;1.34276;1.34299;653
20260615 0900;1.34299;1.34299;1.34271;1.34274;726
20260615 0903;1.34274;1.3432;1.34274;1.34303;684
20260615 0906;1.34303;1.34314;1.34289;1.34311;525
20260615 0909;1.34311;1.34331;1.34303;1.3433;464
20260615 0912;1.3433;1.34334;1.34321;1.34328;370
20260615 0915;1.34328;1.34363;1.34328;1.34351;402
20260615 0918;1.34351;1.3438;1.34348;1.3437;535
20260615 0921;1.3437;1.34385;1.34359;1.34383;553
20260615 0924;1.34383;1.34395;1.3437;1.34389;531
20260615 0927;1.34389;1.34393;1.34381;1.34392;507
20260615 0930;1.34392;1.34392;1.34359;1.34361;1011
20260615 0933;1.34361;1.34382;1.34327;1.34361;1037
20260615 0936;1.34361;1.34385;1.34359;1.34379;943
20260615 0939;1.34379;1.34381;1.34353;1.34361;1022
20260615 0942;1.34361;1.3437;1.34311;1.34337;1178
20260615 0945;1.34337;1.34354;1.34313;1.34353;1069
20260615 0948;1.34353;1.3437;1.34341;1.3435;1030
20260615 0951;1.3435;1.34363;1.34338;1.34354;751
20260615 0954;1.34354;1.3436;1.34339;1.34347;662
20260615 0957;1.34347;1.34358;1.34339;1.34339;563
20260615 1000;1.34339;1.34373;1.34334;1.34364;716
20260615 1003;1.34364;1.34379;1.34362;1.34377;629
20260615 1006;1.34377;1.34421;1.34376;1.34401;733
20260615 1009;1.34401;1.34409;1.34367;1.34387;763
20260615 1012;1.34387;1.34391;1.3435;1.34358;825
20260615 1015;1.34358;1.34378;1.34348;1.3437;870
20260615 1018;1.3437;1.34373;1.34348;1.34362;610
20260615 1021;1.34362;1.3437;1.3432;1.34338;819
20260615 1024;1.34338;1.34353;1.34327;1.34352;606
20260615 1027;1.34352;1.34356;1.34327;1.3434;644
20260615 1030;1.3434;1.34352;1.34305;1.3431;784
20260615 1033;1.3431;1.3431;1.34276;1.34308;805
20260615 1036;1.34308;1.34328;1.343;1.34328;1002
20260615 1039;1.34328;1.34339;1.34306;1.34313;748
20260615 1042;1.34313;1.34339;1.34307;1.34335;662
20260615 1045;1.34335;1.34379;1.34332;1.34376;843
20260615 1048;1.34376;1.34424;1.34371;1.34389;999
20260615 1051;1.34389;1.34395;1.34354;1.34383;1145
20260615 1054;1.34383;1.34445;1.34383;1.34428;1066
20260615 1057;1.34428;1.34444;1.34399;1.34403;1126
20260615 1100;1.34403;1.34403;1.34363;1.34369;984
20260615 1103;1.34369;1.34388;1.34352;1.34361;774
20260615 1106;1.34361;1.34374;1.34353;1.34371;680
20260615 1109;1.34371;1.34388;1.3436;1.34372;556
20260615 1112;1.34372;1.3438;1.3436;1.34362;443
20260615 1115;1.34362;1.34382;1.34359;1.34382;433
20260615 1118;1.34382;1.34383;1.34351;1.34356;446
20260615 1121;1.34356;1.34392;1.34356;1.34371;487
20260615 1124;1.34371;1.3438;1.34354;1.34365;627
20260615 1127;1.34365;1.34391;1.3436;1.34384;577
20260615 1130;1.34384;1.34384;1.34309;1.34314;685
20260615 1133;1.34314;1.34321;1.34291;1.34299;664
20260615 1136;1.34299;1.34311;1.34291;1.34305;508
20260615 1139;1.34305;1.34315;1.34302;1.3431;423
20260615 1142;1.3431;1.34313;1.34271;1.34271;443
20260615 1145;1.34271;1.3428;1.34268;1.34274;478
20260615 1148;1.34274;1.34274;1.3425;1.34265;386
20260615 1151;1.34265;1.34274;1.34254;1.34254;382
20260615 1154;1.34254;1.34258;1.34238;1.34248;480
20260615 1157;1.34248;1.34265;1.34239;1.34251;541
20260615 1200;1.34251;1.34259;1.34242;1.34256;550
20260615 1203;1.34256;1.34295;1.34256;1.34286;555
20260615 1206;1.34286;1.343;1.34283;1.34293;581
20260615 1209;1.34293;1.34318;1.3429;1.34315;468
20260615 1212;1.34315;1.34317;1.34299;1.34304;591
20260615 1215;1.34304;1.34331;1.34293;1.34313;471
20260615 1218;1.34313;1.34319;1.34288;1.34294;553
20260615 1221;1.34294;1.34308;1.34287;1.343;433
20260615 1224;1.343;1.34312;1.34299;1.34307;416
20260615 1227;1.34307;1.34332;1.34307;1.34332;402
20260615 1230;1.34332;1.34333;1.34291;1.34293;320
20260615 1233;1.34293;1.34307;1.34289;1.34296;394
20260615 1236;1.34296;1.34297;1.34275;1.34282;442
20260615 1239;1.34282;1.3429;1.3426;1.34267;343
20260615 1242;1.34267;1.34269;1.3425;1.34259;373
20260615 1245;1.34259;1.34273;1.34252;1.34271;532
20260615 1248;1.34271;1.34277;1.34256;1.34259;313
20260615 1251;1.34259;1.34284;1.34258;1.34284;302
20260615 1254;1.34284;1.3429;1.34277;1.34288;349
20260615 1257;1.34288;1.34309;1.34282;1.34293;367
20260615 1300;1.34293;1.34297;1.34267;1.34271;411
20260615 1303;1.34271;1.34282;1.3426;1.34279;406
20260615 1306;1.34279;1.34291;1.34271;1.34276;735
20260615 1309;1.34276;1.34283;1.3426;1.34283;449
20260615 1312;1.34283;1.343;1.34281;1.34286;366
20260615 1315;1.34286;1.34292;1.3428;1.3428;329
20260615 1318;1.3428;1.34281;1.34255;1.34268;400
20260615 1321;1.34268;1.34279;1.34258;1.34279;314
20260615 1324;1.34279;1.34299;1.34278;1.34288;314
20260615 1327;1.34288;1.34292;1.34281;1.34282;252
20260615 1330;1.34282;1.3429;1.34277;1.3428;402
20260615 1333;1.3428;1.34289;1.34271;1.34281;432
20260615 1336;1.34281;1.3429;1.34271;1.34289;373
20260615 1339;1.34289;1.34291;1.34277;1.3428;309
20260615 1342;1.3428;1.34282;1.34267;1.34282;283
20260615 1345;1.34282;1.34293;1.34279;1.34287;270
20260615 1348;1.34287;1.3429;1.34278;1.34288;363
20260615 1351;1.34288;1.34291;1.34281;1.3429;274
20260615 1354;1.3429;1.34291;1.3428;1.3429;269
20260615 1357;1.3429;1.3429;1.3427;1.34282;296
20260615 1400;1.34282;1.3429;1.34276;1.34283;457
20260615 1403;1.34283;1.34313;1.34282;1.34313;476
20260615 1406;1.34313;1.34314;1.34282;1.34287;594
20260615 1409;1.34287;1.34295;1.3428;1.34281;464
20260615 1412;1.34281;1.34293;1.34281;1.34291;368
20260615 1415;1.34291;1.34294;1.3427;1.3427;327
20260615 1418;1.3427;1.34281;1.3427;1.34277;525
20260615 1421;1.34277;1.34277;1.34251;1.34256;450
20260615 1424;1.34256;1.34259;1.34251;1.34257;211
20260615 1427;1.34257;1.34258;1.34234;1.34236;378
20260615 1430;1.34236;1.34238;1.34208;1.3421;577
20260615 1433;1.3421;1.34211;1.34196;1.34196;688
20260615 1436;1.34196;1.34216;1.34193;1.34215;331
20260615 1439;1.34215;1.34215;1.34199;1.34202;297
20260615 1442;1.34202;1.34211;1.34191;1.34207;392
20260615 1445;1.34207;1.3421;1.34196;1.34203;401
20260615 1448;1.34203;1.34219;1.34203;1.34213;495
20260615 1451;1.34213;1.34218;1.34205;1.34205;873
20260615 1454;1.34205;1.34212;1.34192;1.34199;459
20260615 1457;1.34199;1.34205;1.34187;1.34193;471
20260615 1500;1.34193;1.34208;1.34184;1.34184;404
20260615 1503;1.34184;1.34184;1.34139;1.34159;670
20260615 1506;1.34159;1.34162;1.34141;1.34153;576
20260615 1509;1.34153;1.34167;1.34147;1.3415;420
20260615 1512;1.3415;1.34153;1.34139;1.3414;423
20260615 1515;1.3414;1.34153;1.34138;1.34151;352
20260615 1518;1.34151;1.34166;1.34144;1.34152;412
20260615 1521;1.34152;1.34154;1.34141;1.34153;391
20260615 1524;1.34153;1.34156;1.34135;1.34139;435
20260615 1527;1.34139;1.34147;1.34132;1.34142;489
20260615 1530;1.34142;1.34168;1.34139;1.34162;725
20260615 1533;1.34162;1.34169;1.34156;1.34162;509
20260615 1536;1.34162;1.34173;1.34154;1.34171;395
20260615 1539;1.34171;1.34182;1.34165;1.34179;380
20260615 1542;1.34179;1.34182;1.34167;1.34173;326
20260615 1545;1.34173;1.34186;1.34166;1.34166;339
20260615 1548;1.34166;1.34178;1.34163;1.34174;388
20260615 1551;1.34174;1.34177;1.34158;1.34161;418
20260615 1554;1.34161;1.34163;1.34113;1.34117;556
20260615 1557;1.34117;1.34121;1.34077;1.34085;594
20260615 1600;1.34085;1.34112;1.34076;1.34096;632
20260615 1603;1.34096;1.34106;1.34084;1.34105;507
20260615 1606;1.34105;1.34111;1.3409;1.34091;293
20260615 1609;1.34091;1.34104;1.34089;1.34101;218
20260615 1612;1.34101;1.34114;1.34101;1.34109;276
20260615 1615;1.34109;1.34113;1.34099;1.34107;239
20260615 1618;1.34107;1.34107;1.34068;1.34069;274
20260615 1621;1.34069;1.34082;1.34062;1.34065;222
20260615 1624;1.34065;1.34074;1.34061;1.34073;135
20260615 1627;1.34073;1.34091;1.34071;1.3409;169
20260615 1630;1.3409;1.34094;1.34082;1.34082;165
20260615 1633;1.34082;1.34094;1.34079;1.34091;175
20260615 1636;1.34091;1.34091;1.3407;1.34071;321
20260615 1639;1.34071;1.34081;1.34069;1.3408;138
20260615 1642;1.3408;1.34092;1.3408;1.34081;215
20260615 1645;1.34081;1.34083;1.34078;1.34079;110
20260615 1648;1.34079;1.34083;1.34062;1.34069;204
20260615 1651;1.34069;1.34105;1.34069;1.34102;402
20260615 1654;1.34102;1.34126;1.34093;1.34121;817
20260615 1657;1.34121;1.34145;1.34108;1.34124;518
20260615 1700;1.34124;1.34124;1.34047;1.34062;14
20260615 1703;1.34062;1.34085;1.34024;1.34041;273
20260615 1706;1.34041;1.34085;1.3402;1.34058;403
20260615 1709;1.34058;1.34084;1.34028;1.34031;350
20260615 1712;1.34031;1.34084;1.34031;1.34069;266
20260615 1715;1.34069;1.34085;1.34045;1.34057;388
20260615 1718;1.34057;1.34085;1.34048;1.34059;300
20260615 1721;1.34059;1.34084;1.34031;1.34061;272
20260615 1724;1.34061;1.34084;1.34028;1.34031;289
20260615 1727;1.34031;1.34068;1.34029;1.34054;108
20260615 1730;1.34054;1.34062;1.34042;1.34054;90
20260615 1733;1.34054;1.3407;1.34028;1.3407;106
20260615 1736;1.3407;1.34115;1.34055;1.34074;428
20260615 1739;1.34074;1.34124;1.34069;1.34092;414
20260615 1742;1.34092;1.34108;1.34078;1.34099;399
20260615 1745;1.34099;1.341;1.34065;1.34074;399
20260615 1748;1.34074;1.34089;1.34032;1.34061;108
20260615 1751;1.34061;1.34066;1.3404;1.34052;55
20260615 1754;1.34052;1.34057;1.34046;1.3405;33
20260615 1757;1.3405;1.34056;1.34049;1.34052;41
20260615 1800;1.34052;1.34147;1.34052;1.34139;406
20260615 1803;1.34139;1.34146;1.34137;1.34141;73
20260615 1806;1.34141;1.34148;1.34119;1.34121;213
20260615 1809;1.34121;1.34127;1.34109;1.34109;127
20260615 1812;1.34109;1.34109;1.341;1.34104;129
20260615 1815;1.34104;1.34104;1.34099;1.34101;19
20260615 1818;1.34101;1.34103;1.34084;1.34084;65
20260615 1821;1.34084;1.34086;1.34082;1.34084;49
20260615 1824;1.34084;1.34085;1.34079;1.34081;86
20260615 1827;1.34081;1.34084;1.34073;1.34083;97
20260615 1830;1.34083;1.34093;1.34082;1.3409;46
20260615 1833;1.3409;1.34091;1.34083;1.34088;48
20260615 1836;1.34088;1.34093;1.34086;1.34091;59
20260615 1839;1.34091;1.341;1.34089;1.341;36
20260615 1842;1.341;1.34102;1.34099;1.34101;47
20260615 1845;1.34101;1.34102;1.341;1.34102;23
20260615 1848;1.34102;1.34102;1.34099;1.34101;20
20260615 1851;1.34101;1.34111;1.341;1.34111;166
20260615 1854;1.34111;1.34121;1.3411;1.34111;67
20260615 1857;1.34111;1.34113;1.34111;1.34111;18
20260615 1900;1.34111;1.34124;1.34111;1.34123;99
20260615 1903;1.34123;1.34131;1.34121;1.34131;60
20260615 1906;1.34131;1.34145;1.3413;1.34142;140
20260615 1909;1.34142;1.34145;1.34139;1.34143;87
20260615 1912;1.34143;1.34143;1.34132;1.34133;118
20260615 1915;1.34133;1.34133;1.34124;1.3413;125
20260615 1918;1.3413;1.34136;1.34128;1.34136;58
20260615 1921;1.34136;1.34142;1.34134;1.34138;80
20260615 1924;1.34138;1.34142;1.34136;1.34139;70
20260615 1927;1.34139;1.34142;1.34138;1.34139;38
20260615 1930;1.34139;1.3414;1.34133;1.34138;95
20260615 1933;1.34138;1.34142;1.34138;1.34141;55
20260615 1936;1.34141;1.34141;1.34134;1.34139;52
20260615 1939;1.34139;1.34144;1.34136;1.34141;98
20260615 1942;1.34141;1.34164;1.3414;1.34161;126
20260615 1945;1.34161;1.34166;1.34144;1.34151;137
20260615 1948;1.34151;1.34153;1.3414;1.34142;170
20260615 1951;1.34142;1.34159;1.34142;1.34155;179
20260615 1954;1.34155;1.34165;1.34154;1.34163;103
20260615 1957;1.34163;1.34163;1.3415;1.34152;82
20260615 2000;1.34152;1.34155;1.34123;1.34127;401
20260615 2003;1.34127;1.34135;1.34123;1.34133;221
20260615 2006;1.34133;1.34138;1.3412;1.34124;218
20260615 2009;1.34124;1.34135;1.34117;1.34119;343
20260615 2012;1.34119;1.34127;1.34114;1.34117;246
20260615 2015;1.34117;1.34123;1.34109;1.34114;408
20260615 2018;1.34114;1.34124;1.34111;1.34119;330
20260615 2021;1.34119;1.34124;1.34109;1.34115;358
20260615 2024;1.34115;1.34121;1.34101;1.34106;271
20260615 2027;1.34106;1.34109;1.34097;1.34103;380
20260615 2030;1.34103;1.34123;1.34101;1.34115;418
20260615 2033;1.34115;1.34122;1.34105;1.3411;387
20260615 2036;1.3411;1.34123;1.3411;1.34117;298
20260615 2039;1.34117;1.34141;1.34116;1.34138;252
20260615 2042;1.34138;1.34139;1.34121;1.34121;347
20260615 2045;1.34121;1.34122;1.34111;1.34118;279
20260615 2048;1.34118;1.34118;1.34098;1.34103;288
20260615 2051;1.34103;1.34109;1.34094;1.34099;376
20260615 2054;1.34099;1.34121;1.3409;1.34115;320
20260615 2057;1.34115;1.34144;1.3411;1.34135;360
20260615 2100;1.34135;1.34172;1.34128;1.34163;581
20260615 2103;1.34163;1.34178;1.34149;1.34151;426
20260615 2106;1.34151;1.34152;1.34127;1.3414;467
20260615 2109;1.3414;1.3415;1.3413;1.3413;408
20260615 2112;1.3413;1.34133;1.34109;1.34109;480
20260615 2115;1.34109;1.3411;1.341;1.34101;263
20260615 2118;1.34101;1.34111;1.34093;1.34109;353
20260615 2121;1.34109;1.34112;1.34099;1.3411;341
20260615 2124;1.3411;1.3411;1.34092;1.34102;330
20260615 2127;1.34102;1.34133;1.34101;1.34121;403
20260615 2130;1.34121;1.34142;1.34112;1.34112;470
20260615 2133;1.34112;1.34116;1.34084;1.34085;446
20260615 2136;1.34085;1.34093;1.34074;1.3409;415
20260615 2139;1.3409;1.34091;1.34079;1.34079;249
20260615 2142;1.34079;1.3409;1.3407;1.34079;392
20260615 2145;1.34079;1.34121;1.34079;1.34121;391
20260615 2148;1.34121;1.34134;1.34115;1.3412;420
20260615 2151;1.3412;1.3412;1.34109;1.3412;304
20260615 2154;1.3412;1.3412;1.34048;1.34068;518
20260615 2157;1.34068;1.3407;1.34051;1.34066;305
20260615 2200;1.34066;1.34068;1.3403;1.34032;529
20260615 2203;1.34032;1.34037;1.34009;1.34022;424
20260615 2206;1.34022;1.34036;1.34014;1.34017;425
20260615 2209;1.34017;1.34023;1.34003;1.34012;244
20260615 2212;1.34012;1.34021;1.34003;1.34011;254
20260615 2215;1.34011;1.34012;1.33994;1.33998;240
20260615 2218;1.33998;1.34002;1.33972;1.33983;320
20260615 2221;1.33983;1.34005;1.3398;1.34002;178
20260615 2224;1.34002;1.34012;1.33992;1.34011;259
20260615 2227;1.34011;1.34022;1.34003;1.34015;232
20260615 2230;1.34015;1.34041;1.34015;1.3404;332
20260615 2233;1.3404;1.34044;1.34031;1.34042;320
20260615 2236;1.34042;1.34061;1.3404;1.34051;255
20260615 2239;1.34051;1.34053;1.3404;1.34042;242
20260615 2242;1.34042;1.34051;1.3404;1.34045;104
20260615 2245;1.34045;1.34045;1.34022;1.34033;221
20260615 2248;1.34033;1.34042;1.34031;1.34032;265
20260615 2251;1.34032;1.34042;1.34024;1.3403;249
20260615 2254;1.3403;1.34036;1.3402;1.34035;168
20260615 2257;1.34035;1.34051;1.34034;1.34043;272
20260615 2300;1.34043;1.34052;1.34032;1.34032;280
20260615 2303;1.34032;1.34032;1.34016;1.34022;309
20260615 2306;1.34022;1.34038;1.34022;1.34032;345
20260615 2309;1.34032;1.34039;1.34028;1.34032;267
20260615 2312;1.34032;1.3404;1.3403;1.34032;463
20260615 2315;1.34032;1.34032;1.34017;1.34018;181
20260615 2318;1.34018;1.34043;1.33998;1.34038;753
20260615 2321;1.34038;1.3404;1.34011;1.3402;437
20260615 2324;1.3402;1.34043;1.3402;1.34041;435
20260615 2327;1.34041;1.34041;1.34017;1.34023;333
20260615 2330;1.34023;1.34039;1.34023;1.34035;314
20260615 2333;1.34035;1.34043;1.34034;1.34042;224
20260615 2336;1.34042;1.34047;1.34036;1.34042;237
20260615 2339;1.34042;1.34046;1.34032;1.34039;234
20260615 2342;1.34039;1.34048;1.34036;1.34042;211
20260615 2345;1.34042;1.34051;1.34036;1.34051;267
20260615 2348;1.34051;1.34062;1.34046;1.34051;192
20260615 2351;1.34051;1.34052;1.34043;1.34049;167
20260615 2354;1.34049;1.34051;1.34029;1.3403;242
20260615 2357;1.3403;1.34035;1.34022;1.3403;264
20260616 0000;1.3403;1.34042;1.34024;1.34033;380
20260616 0003;1.34033;1.34036;1.34004;1.34004;287
20260616 0006;1.34004;1.34004;1.33994;1.33998;286
20260616 0009;1.33998;1.34003;1.33983;1.33985;351
20260616 0012;1.33985;1.33987;1.33948;1.33955;514
20260616 0015;1.33955;1.33966;1.33954;1.33962;206
20260616 0018;1.33962;1.33969;1.3394;1.33962;314
20260616 0021;1.33962;1.33963;1.33943;1.33947;273
20260616 0024;1.33947;1.33949;1.33909;1.33922;362
20260616 0027;1.33922;1.3394;1.33912;1.33939;274
20260616 0030;1.33939;1.33966;1.33927;1.33952;417
20260616 0033;1.33952;1.33961;1.33935;1.33959;404
20260616 0036;1.33959;1.33959;1.33945;1.3395;256
20260616 0039;1.3395;1.33961;1.33949;1.33958;222
20260616 0042;1.33958;1.33962;1.33953;1.33957;254
20260616 0045;1.33957;1.33964;1.33951;1.33952;325
20260616 0048;1.33952;1.33964;1.33943;1.33954;424
20260616 0051;1.33954;1.33961;1.33944;1.3395;512
20260616 0054;1.3395;1.33971;1.33945;1.33968;400
20260616 0057;1.33968;1.33975;1.33962;1.33971;414
20260616 0100;1.33971;1.33984;1.33969;1.33983;310
20260616 0103;1.33983;1.33992;1.33978;1.33984;293
20260616 0106;1.33984;1.33986;1.33979;1.33983;135
20260616 0109;1.33983;1.33992;1.33981;1.33981;290
20260616 0112;1.33981;1.33983;1.33972;1.33972;337
20260616 0115;1.33972;1.33985;1.33972;1.33979;362
20260616 0118;1.33979;1.33984;1.33971;1.33973;214
20260616 0121;1.33973;1.33985;1.33972;1.33984;248
20260616 0124;1.33984;1.33987;1.33979;1.33986;247
20260616 0127;1.33986;1.33996;1.33983;1.33994;405
20260616 0130;1.33994;1.34011;1.33987;1.33991;325
20260616 0133;1.33991;1.34005;1.3398;1.34004;360
20260616 0136;1.34004;1.34009;1.33985;1.33994;345
20260616 0139;1.33994;1.33995;1.33982;1.33984;393
20260616 0142;1.33984;1.33984;1.3396;1.33963;402
20260616 0145;1.33963;1.33972;1.33952;1.33955;400
20260616 0148;1.33955;1.33957;1.3393;1.33942;612
20260616 0151;1.33942;1.33956;1.33935;1.33936;356
20260616 0154;1.33936;1.33936;1.33924;1.33931;327
20260616 0157;1.33931;1.33933;1.33922;1.33924;260
20260616 0200;1.33924;1.33946;1.33916;1.33945;260
20260616 0203;1.33945;1.33967;1.33945;1.33966;329
20260616 0206;1.33966;1.33966;1.33919;1.33925;446
20260616 0209;1.33925;1.33942;1.33923;1.33939;466
20260616 0212;1.33939;1.33959;1.33936;1.33944;453
20260616 0215;1.33944;1.33948;1.33933;1.33936;349
20260616 0218;1.33936;1.33944;1.33918;1.33934;432
20260616 0221;1.33934;1.33936;1.33905;1.33913;398
20260616 0224;1.33913;1.33955;1.33911;1.33952;472
20260616 0227;1.33952;1.33953;1.33942;1.33943;438
20260616 0230;1.33943;1.33984;1.33935;1.33983;489
20260616 0233;1.33983;1.34032;1.33979;1.34032;1013
20260616 0236;1.34032;1.34043;1.34021;1.34031;728
20260616 0239;1.34031;1.3404;1.34019;1.34033;469
20260616 0242;1.34033;1.34033;1.33992;1.33994;532
20260616 0245;1.33994;1.34027;1.33994;1.34;433
20260616 0248;1.34;1.34031;1.33994;1.34025;496
20260616 0251;1.34025;1.3405;1.34021;1.34036;728
20260616 0254;1.34036;1.34063;1.34027;1.34055;575
20260616 0257;1.34055;1.34058;1.34046;1.34056;577
20260616 0300;1.34056;1.34062;1.34026;1.34041;781
20260616 0303;1.34041;1.34082;1.3404;1.34081;498
20260616 0306;1.34081;1.3411;1.3407;1.34091;715
20260616 0309;1.34091;1.34123;1.34082;1.34104;588
20260616 0312;1.34104;1.34106;1.34074;1.3409;883
20260616 0315;1.3409;1.34119;1.34081;1.34102;977
20260616 0318;1.34102;1.34103;1.34075;1.34083;816
20260616 0321;1.34083;1.34088;1.34065;1.34078;586
20260616 0324;1.34078;1.34092;1.3406;1.34091;602
20260616 0327;1.34091;1.34112;1.34084;1.3411;741
20260616 0330;1.3411;1.34121;1.34082;1.34082;858
20260616 0333;1.34082;1.34122;1.34074;1.34117;689
20260616 0336;1.34117;1.34123;1.34081;1.34085;855
20260616 0339;1.34085;1.34123;1.34084;1.34115;390
20260616 0342;1.34115;1.34127;1.34099;1.34114;590
20260616 0345;1.34114;1.34128;1.34109;1.34128;510
20260616 0348;1.34128;1.34134;1.34109;1.34121;656
20260616 0351;1.34121;1.34138;1.34111;1.34122;653
20260616 0354;1.34122;1.34153;1.3411;1.34139;647
20260616 0357;1.34139;1.34162;1.34135;1.34162;583
20260616 0400;1.34162;1.34169;1.3413;1.34142;620
20260616 0403;1.34142;1.3417;1.34139;1.34152;652
20260616 0406;1.34152;1.34165;1.34143;1.34152;622
20260616 0409;1.34152;1.34156;1.34132;1.34146;517
20260616 0412;1.34146;1.34185;1.34146;1.34181;839
20260616 0415;1.34181;1.34191;1.34168;1.3419;574
20260616 0418;1.3419;1.3419;1.34153;1.34154;612
20260616 0421;1.34154;1.3417;1.34141;1.34144;439
20260616 0424;1.34144;1.3419;1.34144;1.34177;568
20260616 0427;1.34177;1.34197;1.3417;1.34191;567
20260616 0430;1.34191;1.34214;1.34182;1.34188;644
20260616 0433;1.34188;1.34204;1.34179;1.34188;568
20260616 0436;1.34188;1.34188;1.34152;1.34157;585
20260616 0439;1.34157;1.34211;1.34157;1.34181;526
20260616 0442;1.34181;1.34194;1.34176;1.34188;290
20260616 0445;1.34188;1.34193;1.34174;1.34177;263
20260616 0448;1.34177;1.34195;1.3416;1.34187;409
20260616 0451;1.34187;1.3421;1.34187;1.34197;458
20260616 0454;1.34197;1.34227;1.34187;1.34227;472
20260616 0457;1.34227;1.3424;1.34223;1.34239;343
20260616 0500;1.34239;1.34253;1.34226;1.34227;336
20260616 0503;1.34227;1.34227;1.34206;1.34216;613
20260616 0506;1.34216;1.34264;1.34206;1.34263;702
20260616 0509;1.34263;1.3427;1.34245;1.34269;498
20260616 0512;1.34269;1.3427;1.34208;1.34208;697
20260616 0515;1.34208;1.3422;1.34195;1.34198;572
20260616 0518;1.34198;1.34201;1.34183;1.34192;489
20260616 0521;1.34192;1.34193;1.34157;1.3416;787
20260616 0524;1.3416;1.34172;1.34159;1.34169;636
20260616 0527;1.34169;1.34171;1.34147;1.34165;532
20260616 0530;1.34165;1.34198;1.34163;1.34193;359
20260616 0533;1.34193;1.34193;1.34181;1.34185;217
20260616 0536;1.34185;1.3419;1.34165;1.34178;403
20260616 0539;1.34178;1.3418;1.34166;1.34178;336
20260616 0542;1.34178;1.34179;1.34157;1.34161;302
20260616 0545;1.34161;1.3417;1.34147;1.34163;321
20260616 0548;1.34163;1.34171;1.3415;1.34168;324
20260616 0551;1.34168;1.34178;1.34162;1.34163;325
20260616 0554;1.34163;1.34177;1.3416;1.34169;449
20260616 0557;1.34169;1.34178;1.34153;1.34153;487
20260616 0600;1.34153;1.34176;1.34147;1.34148;469
20260616 0603;1.34148;1.34164;1.34147;1.34152;400
20260616 0606;1.34152;1.34176;1.34152;1.34159;481
20260616 0609;1.34159;1.34196;1.34159;1.34192;692
20260616 0612;1.34192;1.34219;1.34192;1.34206;508
20260616 0615;1.34206;1.34232;1.34202;1.34229;349
20260616 0618;1.34229;1.34236;1.34216;1.34227;298
20260616 0621;1.34227;1.34247;1.34221;1.34231;647
20260616 0624;1.34231;1.34242;1.34221;1.34225;485
20260616 0627;1.34225;1.3423;1.342;1.342;397
20260616 0630;1.342;1.342;1.34183;1.3419;398
20260616 0633;1.3419;1.34206;1.34189;1.34202;441
20260616 0636;1.34202;1.3421;1.34195;1.34205;467
20260616 0639;1.34205;1.34244;1.34202;1.34235;369
20260616 0642;1.34235;1.34252;1.34234;1.34249;317
20260616 0645;1.34249;1.34252;1.34237;1.34237;472
20260616 0648;1.34237;1.34239;1.34211;1.34218;503
20260616 0651;1.34218;1.34236;1.3421;1.34226;416
20260616 0654;1.34226;1.3426;1.34222;1.34249;429
20260616 0657;1.34249;1.34314;1.34246;1.34306;986
20260616 0700;1.34306;1.34306;1.34239;1.34241;1170
20260616 0703;1.34241;1.34247;1.34232;1.3424;775
20260616 0706;1.3424;1.34242;1.34216;1.34227;530
20260616 0709;1.34227;1.34227;1.34209;1.3422;548
20260616 0712;1.3422;1.3424;1.34218;1.3423;434
20260616 0715;1.3423;1.34236;1.34218;1.34232;376
20260616 0718;1.34232;1.34241;1.34227;1.3423;418
20260616 0721;1.3423;1.3424;1.34198;1.342;541
20260616 0724;1.342;1.34219;1.34194;1.34208;655
20260616 0727;1.34208;1.34226;1.34207;1.34218;546
20260616 0730;1.34218;1.3423;1.3421;1.34229;584
20260616 0733;1.34229;1.34237;1.34208;1.34208;540
20260616 0736;1.34208;1.34209;1.34182;1.34191;601
20260616 0739;1.34191;1.34193;1.34156;1.34157;506
20260616 0742;1.34157;1.34158;1.34119;1.34147;550
20260616 0745;1.34147;1.34149;1.34129;1.34132;490
20260616 0748;1.34132;1.34159;1.34126;1.34156;437
20260616 0751;1.34156;1.34158;1.34114;1.34125;376
20260616 0754;1.34125;1.34142;1.34115;1.3413;440
20260616 0757;1.3413;1.34156;1.34129;1.34153;662
20260616 0800;1.34153;1.34153;1.34117;1.3412;841
20260616 0803;1.3412;1.3412;1.34087;1.3409;563
20260616 0806;1.3409;1.34097;1.34077;1.34096;506
20260616 0809;1.34096;1.34099;1.34079;1.34088;507
20260616 0812;1.34088;1.3413;1.34088;1.34129;479
20260616 0815;1.34129;1.34138;1.34105;1.3411;437
20260616 0818;1.3411;1.34121;1.34083;1.34084;555
20260616 0821;1.34084;1.34121;1.34078;1.34116;607
20260616 0824;1.34116;1.34116;1.3408;1.34097;477
20260616 0827;1.34097;1.34108;1.3409;1.34105;396
20260616 0830;1.34105;1.34142;1.34101;1.34138;331
20260616 0833;1.34138;1.34138;1.34104;1.34109;380
20260616 0836;1.34109;1.34126;1.34097;1.34126;706
20260616 0839;1.34126;1.3414;1.34124;1.34136;403
20260616 0842;1.34136;1.3415;1.34134;1.34141;516
20260616 0845;1.34141;1.34154;1.34139;1.34141;635
20260616 0848;1.34141;1.34156;1.34127;1.34146;804
20260616 0851;1.34146;1.34172;1.34134;1.34139;797
20260616 0854;1.34139;1.34152;1.34131;1.34151;523
20260616 0857;1.34151;1.34161;1.34141;1.34158;873
20260616 0900;1.34158;1.34191;1.34154;1.34189;966
20260616 0903;1.34189;1.34189;1.34142;1.34149;897
20260616 0906;1.34149;1.34167;1.3414;1.3415;505
20260616 0909;1.3415;1.34154;1.34128;1.34135;559
20260616 0912;1.34135;1.34137;1.34108;1.34117;568
20260616 0915;1.34117;1.34119;1.34085;1.34097;642
20260616 0918;1.34097;1.34101;1.34074;1.34089;603
20260616 0921;1.34089;1.34103;1.34064;1.34092;875
20260616 0924;1.34092;1.34099;1.34079;1.34081;660
20260616 0927;1.34081;1.34101;1.34074;1.34095;872
20260616 0930;1.34095;1.34151;1.34091;1.34147;1331
20260616 0933;1.34147;1.34176;1.34137;1.34151;969
20260616 0936;1.34151;1.34181;1.34148;1.34169;858
20260616 0939;1.34169;1.3418;1.34136;1.34156;857
20260616 0942;1.34156;1.34178;1.34147;1.34151;882
20260616 0945;1.34151;1.34158;1.34117;1.34118;1039
20260616 0948;1.34118;1.34131;1.34108;1.34117;765
20260616 0951;1.34117;1.3413;1.34107;1.34108;724
20260616 0954;1.34108;1.3413;1.341;1.34118;583
20260616 0957;1.34118;1.34119;1.3409;1.34106;708
20260616 1000;1.34106;1.34162;1.341;1.34129;1051
20260616 1003;1.34129;1.3414;1.34097;1.34098;837
20260616 1006;1.34098;1.34132;1.34098;1.34114;855
20260616 1009;1.34114;1.34141;1.34106;1.34131;589
20260616 1012;1.34131;1.34151;1.3413;1.3414;493
20260616 1015;1.3414;1.3414;1.34114;1.34126;557
20260616 1018;1.34126;1.34137;1.34113;1.34136;727
20260616 1021;1.34136;1.34152;1.34132;1.3414;645
20260616 1024;1.3414;1.34146;1.34128;1.34138;630
20260616 1027;1.34138;1.34146;1.34075;1.34075;839
20260616 1030;1.34075;1.34097;1.34056;1.34078;826
20260616 1033;1.34078;1.34078;1.3403;1.34059;1007
20260616 1036;1.34059;1.34098;1.34059;1.34084;869
20260616 1039;1.34084;1.34115;1.34081;1.34115;732
20260616 1042;1.34115;1.34138;1.34098;1.34126;916
20260616 1045;1.34126;1.34161;1.34117;1.34152;888
20260616 1048;1.34152;1.34197;1.34152;1.34183;1126
20260616 1051;1.34183;1.34202;1.34182;1.34197;990
20260616 1054;1.34197;1.3427;1.34187;1.34262;1411
20260616 1057;1.34262;1.34278;1.34244;1.34275;1350
20260616 1100;1.34275;1.34282;1.34259;1.34271;1229
20260616 1103;1.34271;1.34281;1.34238;1.34248;650
20260616 1106;1.34248;1.34267;1.34217;1.34217;802
20260616 1109;1.34217;1.34225;1.34205;1.34208;883
20260616 1112;1.34208;1.34218;1.34186;1.34212;554
20260616 1115;1.34212;1.34236;1.34209;1.34221;497
20260616 1118;1.34221;1.34222;1.34207;1.34213;485
20260616 1121;1.34213;1.34223;1.34201;1.34212;684
20260616 1124;1.34212;1.34238;1.34202;1.34236;665
20260616 1127;1.34236;1.34238;1.3421;1.34215;793
20260616 1130;1.34215;1.3424;1.34197;1.34239;605
20260616 1133;1.34239;1.34264;1.34231;1.34261;826
20260616 1136;1.34261;1.34273;1.3425;1.34255;475
20260616 1139;1.34255;1.34259;1.34241;1.34243;519
20260616 1142;1.34243;1.34251;1.34226;1.34241;694
20260616 1145;1.34241;1.34249;1.34201;1.34222;910
20260616 1148;1.34222;1.34264;1.34202;1.34264;951
20260616 1151;1.34264;1.3432;1.34248;1.3432;1254
20260616 1154;1.3432;1.34394;1.3432;1.34393;1673
20260616 1157;1.34393;1.34432;1.34369;1.34375;1316
20260616 1200;1.34375;1.34385;1.34358;1.3436;877
20260616 1203;1.3436;1.34372;1.34339;1.3435;502
20260616 1206;1.3435;1.34396;1.34347;1.34378;630
20260616 1209;1.34378;1.3439;1.34369;1.34379;619
20260616 1212;1.34379;1.34398;1.34372;1.34386;706
20260616 1215;1.34386;1.344;1.34372;1.3438;594
20260616 1218;1.3438;1.34398;1.3437;1.34373;750
20260616 1221;1.34373;1.34389;1.34356;1.3436;1130
20260616 1224;1.3436;1.3437;1.34345;1.34369;570
20260616 1227;1.34369;1.34369;1.34346;1.34351;528
20260616 1230;1.34351;1.34358;1.34338;1.34346;720
20260616 1233;1.34346;1.3436;1.34329;1.34339;615
20260616 1236;1.34339;1.34349;1.3433;1.34333;581
20260616 1239;1.34333;1.34334;1.34316;1.3432;580
20260616 1242;1.3432;1.34332;1.34308;1.34313;418
20260616 1245;1.34313;1.34328;1.34308;1.34321;448
20260616 1248;1.34321;1.34323;1.34295;1.34297;426
20260616 1251;1.34297;1.34299;1.34288;1.34298;553
20260616 1254;1.34298;1.34314;1.34298;1.34307;530
20260616 1257;1.34307;1.34309;1.3429;1.34292;307
20260616 1300;1.34292;1.34293;1.34275;1.34281;718
20260616 1303;1.34281;1.34288;1.34275;1.34275;844
20260616 1306;1.34275;1.34279;1.34268;1.3427;527
20260616 1309;1.3427;1.3429;1.34269;1.34284;705
20260616 1312;1.34284;1.3429;1.34271;1.34277;890
20260616 1315;1.34277;1.3429;1.34271;1.34288;322
20260616 1318;1.34288;1.34288;1.34253;1.34255;494
20260616 1321;1.34255;1.34273;1.34248;1.34267;563
20260616 1324;1.34267;1.34279;1.34258;1.34269;463
20260616 1327;1.34269;1.34274;1.34261;1.34263;313
20260616 1330;1.34263;1.34269;1.34256;1.34258;438
20260616 1333;1.34258;1.34269;1.34253;1.34259;432
20260616 1336;1.34259;1.34261;1.34247;1.3425;254
20260616 1339;1.3425;1.34259;1.34246;1.34255;534
20260616 1342;1.34255;1.34283;1.34254;1.34276;540
20260616 1345;1.34276;1.34288;1.34273;1.34281;395
20260616 1348;1.34281;1.34286;1.34267;1.34279;370
20260616 1351;1.34279;1.34286;1.34271;1.34282;466
20260616 1354;1.34282;1.3429;1.34277;1.3428;296
20260616 1357;1.3428;1.34288;1.34272;1.34288;388
20260616 1400;1.34288;1.3432;1.34281;1.34315;462
20260616 1403;1.34315;1.34328;1.3429;1.34306;472
20260616 1406;1.34306;1.34307;1.34294;1.34299;524
20260616 1409;1.34299;1.343;1.34288;1.34292;407
20260616 1412;1.34292;1.34298;1.34283;1.34289;311
20260616 1415;1.34289;1.34291;1.34278;1.34284;491
20260616 1418;1.34284;1.34289;1.34279;1.34283;298
20260616 1421;1.34283;1.34289;1.34278;1.3428;292
20260616 1424;1.3428;1.34283;1.34273;1.34281;178
20260616 1427;1.34281;1.34291;1.34272;1.34282;433
20260616 1430;1.34282;1.34292;1.34271;1.34273;386
20260616 1433;1.34273;1.34279;1.34262;1.34266;524
20260616 1436;1.34266;1.34271;1.34264;1.34269;282
20260616 1439;1.34269;1.34269;1.34244;1.34254;344
20260616 1442;1.34254;1.34256;1.34244;1.34251;481
20260616 1445;1.34251;1.34259;1.34248;1.34253;376
20260616 1448;1.34253;1.34253;1.34235;1.34245;381
20260616 1451;1.34245;1.3426;1.34245;1.3426;252
20260616 1454;1.3426;1.34285;1.34257;1.3428;335
20260616 1457;1.3428;1.34283;1.34273;1.34283;516
20260616 1500;1.34283;1.34303;1.34282;1.34291;563
20260616 1503;1.34291;1.34323;1.3429;1.34312;550
20260616 1506;1.34312;1.34325;1.343;1.34301;482
20260616 1509;1.34301;1.3431;1.34295;1.34306;326
20260616 1512;1.34306;1.34306;1.34294;1.343;258
20260616 1515;1.343;1.34306;1.34292;1.34299;553
20260616 1518;1.34299;1.34303;1.34286;1.34293;406
20260616 1521;1.34293;1.34299;1.34289;1.34296;409
20260616 1524;1.34296;1.34302;1.34292;1.34297;374
20260616 1527;1.34297;1.34303;1.34296;1.34297;270
20260616 1530;1.34297;1.343;1.34287;1.34287;446
20260616 1533;1.34287;1.34288;1.34282;1.34285;350
20260616 1536;1.34285;1.34292;1.34265;1.34268;390
20260616 1539;1.34268;1.34283;1.34268;1.34279;406
20260616 1542;1.34279;1.3428;1.34261;1.34262;394
20260616 1545;1.34262;1.34268;1.34254;1.34258;442
20260616 1548;1.34258;1.34267;1.34243;1.34244;735
20260616 1551;1.34244;1.34253;1.3424;1.34248;638
20260616 1554;1.34248;1.3425;1.34219;1.3423;919
20260616 1557;1.3423;1.34242;1.34223;1.34237;723
20260616 1600;1.34237;1.34237;1.34221;1.34224;488
20260616 1603;1.34224;1.34233;1.34218;1.34233;256
20260616 1606;1.34233;1.34234;1.34228;1.34231;186
20260616 1609;1.34231;1.34232;1.34226;1.3423;232
20260616 1612;1.3423;1.34231;1.34221;1.34229;255
20260616 1615;1.34229;1.3424;1.34229;1.34239;98
20260616 1618;1.34239;1.34251;1.34237;1.3425;160
20260616 1621;1.3425;1.34251;1.34248;1.34251;56
20260616 1624;1.34251;1.34255;1.34246;1.3425;102
20260616 1627;1.3425;1.34261;1.3425;1.34255;82
20260616 1630;1.34255;1.3426;1.34239;1.34239;130
20260616 1633;1.34239;1.34242;1.34235;1.3424;91
20260616 1636;1.3424;1.34246;1.34236;1.34241;103
20260616 1639;1.34241;1.34247;1.34238;1.3424;104
20260616 1642;1.3424;1.34249;1.34238;1.34243;163
20260616 1645;1.34243;1.34243;1.34236;1.3424;100
20260616 1648;1.3424;1.34242;1.34237;1.34239;97
20260616 1651;1.34239;1.34253;1.34239;1.34252;153
20260616 1654;1.34252;1.34263;1.34243;1.34263;127
20260616 1657;1.34263;1.34269;1.34253;1.34259;458
20260616 1700;1.34259;1.34259;1.34192;1.34206;5
20260616 1703;1.34206;1.34289;1.34202;1.34217;74
20260616 1706;1.34217;1.34237;1.34216;1.34233;40
20260616 1709;1.34233;1.34238;1.34231;1.34238;36
20260616 1712;1.34238;1.34239;1.34194;1.34216;147
20260616 1715;1.34216;1.34233;1.34194;1.34204;164
20260616 1718;1.34204;1.34208;1.34186;1.34188;37
20260616 1721;1.34188;1.34188;1.34186;1.34188;14
20260616 1724;1.34188;1.34195;1.34188;1.3419;20
20260616 1727;1.3419;1.34245;1.34186;1.34239;102
20260616 1730;1.34239;1.34246;1.34239;1.34243;88
20260616 1733;1.34243;1.34247;1.34192;1.34205;183
20260616 1736;1.34205;1.34212;1.34194;1.34197;147
20260616 1739;1.34197;1.34205;1.34194;1.34195;180
20260616 1742;1.34195;1.342;1.34192;1.34192;140
20260616 1745;1.34192;1.34208;1.3418;1.34207;122
20260616 1748;1.34207;1.34217;1.34189;1.34203;435
20260616 1751;1.34203;1.34234;1.34193;1.34198;74
20260616 1754;1.34198;1.34227;1.34198;1.34214;596
20260616 1757;1.34214;1.34248;1.34179;1.34246;625
20260616 1800;1.34246;1.34271;1.34246;1.34265;189
20260616 1803;1.34265;1.34273;1.34263;1.34271;121
20260616 1806;1.34271;1.34273;1.34266;1.34271;98
20260616 1809;1.34271;1.34278;1.34264;1.34276;74
20260616 1812;1.34276;1.34276;1.34265;1.34271;57
20260616 1815;1.34271;1.34272;1.34265;1.34269;17
20260616 1818;1.34269;1.34269;1.34262;1.34267;76
20260616 1821;1.34267;1.34272;1.34262;1.34271;52
20260616 1824;1.34271;1.34274;1.34266;1.34267;149
20260616 1827;1.34267;1.34271;1.34266;1.34268;107
20260616 1830;1.34268;1.34272;1.34267;1.34272;113
20260616 1833;1.34272;1.34274;1.3427;1.34272;139
20260616 1836;1.34272;1.34273;1.34268;1.3427;117
20260616 1839;1.3427;1.34274;1.3427;1.34271;87
20260616 1842;1.34271;1.34276;1.3427;1.34274;180
20260616 1845;1.34274;1.34278;1.34273;1.34276;113
20260616 1848;1.34276;1.34281;1.3427;1.34279;81
20260616 1851;1.34279;1.34282;1.34274;1.34276;84
20260616 1854;1.34276;1.34278;1.34272;1.34277;52
20260616 1857;1.34277;1.34279;1.34276;1.34276;54
20260616 1900;1.34276;1.34277;1.34272;1.34275;45
20260616 1903;1.34275;1.34286;1.34275;1.34283;104
20260616 1906;1.34283;1.34302;1.34282;1.34298;135
20260616 1909;1.34298;1.34298;1.34293;1.34296;72
20260616 1912;1.34296;1.34296;1.34289;1.34295;50
20260616 1915;1.34295;1.34296;1.34292;1.34295;98
20260616 1918;1.34295;1.34301;1.34284;1.34299;139
20260616 1921;1.34299;1.34301;1.34288;1.34291;207
20260616 1924;1.34291;1.34301;1.3429;1.34299;162
20260616 1927;1.34299;1.34304;1.34297;1.34302;186
20260616 1930;1.34302;1.34303;1.34295;1.34299;417
20260616 1933;1.34299;1.34299;1.34287;1.34287;209
20260616 1936;1.34287;1.3429;1.34276;1.34278;169
20260616 1939;1.34278;1.3428;1.34277;1.3428;87
20260616 1942;1.3428;1.3428;1.34277;1.34279;85
20260616 1945;1.34279;1.34286;1.34277;1.34281;200
20260616 1948;1.34281;1.34289;1.34268;1.3427;432
20260616 1951;1.3427;1.3427;1.34262;1.34268;123
20260616 1954;1.34268;1.34268;1.34257;1.3426;309
20260616 1957;1.3426;1.34261;1.34246;1.3425;221
20260616 2000;1.3425;1.3426;1.34236;1.34253;2056
20260616 2003;1.34253;1.34269;1.34253;1.34257;1532
20260616 2006;1.34257;1.34292;1.34257;1.34288;1799
20260616 2009;1.34288;1.34296;1.34286;1.34291;2467
20260616 2012;1.34291;1.34305;1.34286;1.34295;1214
20260616 2015;1.34295;1.34308;1.34295;1.34307;1353
20260616 2018;1.34307;1.34315;1.34299;1.34307;1579
20260616 2021;1.34307;1.34309;1.34295;1.34297;1450
20260616 2024;1.34297;1.34308;1.34296;1.34305;1553
20260616 2027;1.34305;1.34321;1.34301;1.34303;988
20260616 2030;1.34303;1.34315;1.34298;1.34302;1584
20260616 2033;1.34302;1.3431;1.343;1.34307;897
20260616 2036;1.34307;1.34315;1.34301;1.34304;461
20260616 2039;1.34304;1.34311;1.34298;1.34311;815
20260616 2042;1.34311;1.34312;1.34305;1.34308;1227
20260616 2045;1.34308;1.34308;1.34292;1.34303;1460
20260616 2048;1.34303;1.34305;1.34278;1.34279;642
20260616 2051;1.34279;1.34296;1.34276;1.3429;458
20260616 2054;1.3429;1.34292;1.34272;1.34277;492
20260616 2057;1.34277;1.34303;1.34275;1.34302;302
20260616 2100;1.34302;1.34307;1.34289;1.34305;538
20260616 2103;1.34305;1.34316;1.34303;1.34316;484
20260616 2106;1.34316;1.34331;1.34314;1.34329;341
20260616 2109;1.34329;1.34336;1.3431;1.34317;355
20260616 2112;1.34317;1.34324;1.34307;1.34309;326
20260616 2115;1.34309;1.34309;1.34299;1.34309;382
20260616 2118;1.34309;1.34313;1.34299;1.34312;231
20260616 2121;1.34312;1.34316;1.34307;1.3431;216
20260616 2124;1.3431;1.34311;1.34303;1.34307;221
20260616 2127;1.34307;1.34312;1.34297;1.34297;276
20260616 2130;1.34297;1.343;1.34274;1.34279;319
20260616 2133;1.34279;1.34293;1.34278;1.34289;335
20260616 2136;1.34289;1.34291;1.34283;1.34285;190
20260616 2139;1.34285;1.34298;1.34281;1.34298;266
20260616 2142;1.34298;1.34307;1.34294;1.34306;224
20260616 2145;1.34306;1.34318;1.34301;1.34301;266
20260616 2148;1.34301;1.34301;1.34286;1.34292;211
20260616 2151;1.34292;1.34296;1.34286;1.34287;131
20260616 2154;1.34287;1.34294;1.34263;1.34277;372
20260616 2157;1.34277;1.34285;1.34266;1.34266;464
20260616 2200;1.34266;1.34274;1.34253;1.3427;513
20260616 2203;1.3427;1.3427;1.34254;1.34259;156
20260616 2206;1.34259;1.34268;1.34255;1.34267;114
20260616 2209;1.34267;1.34269;1.34256;1.34262;206
20260616 2212;1.34262;1.34269;1.3426;1.34267;244
20260616 2215;1.34267;1.34278;1.3426;1.34268;209
20260616 2218;1.34268;1.34289;1.34268;1.34289;276
20260616 2221;1.34289;1.34306;1.34288;1.34303;271
20260616 2224;1.34303;1.34315;1.34303;1.3431;222
20260616 2227;1.3431;1.34311;1.343;1.34309;191
20260616 2230;1.34309;1.34311;1.34296;1.34304;238
20260616 2233;1.34304;1.34306;1.34286;1.34289;290
20260616 2236;1.34289;1.34291;1.34287;1.34289;222
20260616 2239;1.34289;1.34301;1.34284;1.34298;170
20260616 2242;1.34298;1.34301;1.34295;1.34295;180
20260616 2245;1.34295;1.34296;1.34278;1.34281;318
20260616 2248;1.34281;1.34292;1.3428;1.34289;290
20260616 2251;1.34289;1.34289;1.34278;1.34278;262
20260616 2254;1.34278;1.3428;1.34268;1.34273;205
20260616 2257;1.34273;1.34276;1.34255;1.34256;228
20260616 2300;1.34256;1.3427;1.34256;1.34264;216
20260616 2303;1.34264;1.34266;1.34247;1.34255;242
20260616 2306;1.34255;1.34269;1.34255;1.34267;149
20260616 2309;1.34267;1.3428;1.34266;1.34278;216
20260616 2312;1.34278;1.34279;1.34264;1.34269;188
20260616 2315;1.34269;1.34269;1.34253;1.34253;396
20260616 2318;1.34253;1.34266;1.3425;1.34261;286
20260616 2321;1.34261;1.34269;1.34261;1.34267;207
20260616 2324;1.34267;1.34269;1.34264;1.34268;144
20260616 2327;1.34268;1.34273;1.34264;1.34267;169
20260616 2330;1.34267;1.34277;1.34265;1.34272;389
20260616 2333;1.34272;1.34275;1.34264;1.34269;177
20260616 2336;1.34269;1.34274;1.34266;1.34266;180
20260616 2339;1.34266;1.34279;1.34264;1.34278;234
20260616 2342;1.34278;1.34289;1.34275;1.34277;245
20260616 2345;1.34277;1.3428;1.34271;1.34278;159
20260616 2348;1.34278;1.34279;1.34275;1.34278;222
20260616 2351;1.34278;1.34283;1.34275;1.34278;322
20260616 2354;1.34278;1.34279;1.34269;1.34274;250
20260616 2357;1.34274;1.3428;1.34269;1.3427;190
20260617 0000;1.3427;1.34284;1.34266;1.34283;328
20260617 0003;1.34283;1.34285;1.34276;1.3428;150
20260617 0006;1.3428;1.34291;1.34279;1.34289;192
20260617 0009;1.34289;1.34305;1.34287;1.34302;204
20260617 0012;1.34302;1.34309;1.34301;1.34301;168
20260617 0015;1.34301;1.34315;1.34301;1.34306;211
20260617 0018;1.34306;1.34318;1.34305;1.34305;211
20260617 0021;1.34305;1.34309;1.34299;1.343;240
20260617 0024;1.343;1.34308;1.34299;1.34307;119
20260617 0027;1.34307;1.34308;1.34295;1.34297;188
20260617 0030;1.34297;1.34308;1.34297;1.34305;250
20260617 0033;1.34305;1.34306;1.34294;1.34298;282
20260617 0036;1.34298;1.34299;1.34285;1.34294;256
20260617 0039;1.34294;1.34298;1.3429;1.34297;129
20260617 0042;1.34297;1.34303;1.34295;1.34297;157
20260617 0045;1.34297;1.34308;1.34296;1.34307;179
20260617 0048;1.34307;1.34314;1.34301;1.34307;289
20260617 0051;1.34307;1.34328;1.34307;1.34326;281
20260617 0054;1.34326;1.3433;1.34314;1.34315;657
20260617 0057;1.34315;1.34315;1.34303;1.34309;179
20260617 0100;1.34309;1.34327;1.34307;1.34327;334
20260617 0103;1.34327;1.34329;1.3432;1.34322;251
20260617 0106;1.34322;1.34329;1.34319;1.34328;189
20260617 0109;1.34328;1.34328;1.34308;1.34308;202
20260617 0112;1.34308;1.3431;1.34298;1.34306;240
20260617 0115;1.34306;1.34328;1.34306;1.34327;244
20260617 0118;1.34327;1.34336;1.34324;1.34333;190
20260617 0121;1.34333;1.34339;1.34316;1.34317;243
20260617 0124;1.34317;1.34318;1.34277;1.34297;217
20260617 0127;1.34297;1.34306;1.34295;1.34306;172
20260617 0130;1.34306;1.34309;1.34297;1.34299;348
20260617 0133;1.34299;1.34308;1.34295;1.34305;297
20260617 0136;1.34305;1.34305;1.34296;1.343;300
20260617 0139;1.343;1.34304;1.34293;1.34298;352
20260617 0142;1.34298;1.34307;1.34286;1.34304;255
20260617 0145;1.34304;1.34309;1.34296;1.34304;165
20260617 0148;1.34304;1.34318;1.34304;1.34308;273
20260617 0151;1.34308;1.34323;1.34298;1.34301;378
20260617 0154;1.34301;1.34308;1.3427;1.34287;447
20260617 0157;1.34287;1.34305;1.34264;1.34278;440
20260617 0200;1.34278;1.34335;1.34081;1.34231;971
20260617 0203;1.34231;1.34238;1.34196;1.34225;577
20260617 0206;1.34225;1.34248;1.34225;1.3424;333
20260617 0209;1.3424;1.34247;1.34214;1.34218;399
20260617 0212;1.34218;1.34219;1.34185;1.34215;521
20260617 0215;1.34215;1.34215;1.34194;1.34197;389
20260617 0218;1.34197;1.34208;1.34179;1.3418;485
20260617 0221;1.3418;1.34209;1.34165;1.34197;573
20260617 0224;1.34197;1.34197;1.34167;1.34183;494
20260617 0227;1.34183;1.3419;1.34154;1.34155;503
20260617 0230;1.34155;1.34164;1.34102;1.34102;701
20260617 0233;1.34102;1.34115;1.34084;1.34113;614
20260617 0236;1.34113;1.34127;1.34094;1.34115;450
20260617 0239;1.34115;1.34135;1.34115;1.34123;476
20260617 0242;1.34123;1.34142;1.34123;1.34142;466
20260617 0245;1.34142;1.34147;1.34121;1.34147;523
20260617 0248;1.34147;1.3416;1.34142;1.34153;473
20260617 0251;1.34153;1.3416;1.34141;1.34143;363
20260617 0254;1.34143;1.34144;1.34108;1.34122;338
20260617 0257;1.34122;1.34145;1.34111;1.34144;663
20260617 0300;1.34144;1.34166;1.34135;1.34162;754
20260617 0303;1.34162;1.34167;1.34129;1.34141;599
20260617 0306;1.34141;1.34185;1.3414;1.34181;356
20260617 0309;1.34181;1.34181;1.34159;1.34173;452
20260617 0312;1.34173;1.34174;1.34161;1.34173;290
20260617 0315;1.34173;1.34185;1.34169;1.34173;310
20260617 0318;1.34173;1.34194;1.34169;1.34184;649
20260617 0321;1.34184;1.34196;1.34161;1.34161;430
20260617 0324;1.34161;1.34165;1.34146;1.34155;504
20260617 0327;1.34155;1.34161;1.34139;1.34143;492
20260617 0330;1.34143;1.34145;1.3412;1.34125;590
20260617 0333;1.34125;1.34135;1.34114;1.34133;516
20260617 0336;1.34133;1.34155;1.34128;1.34132;661
20260617 0339;1.34132;1.34172;1.34132;1.34152;559
20260617 0342;1.34152;1.34173;1.34143;1.34149;516
20260617 0345;1.34149;1.34157;1.34143;1.34155;455
20260617 0348;1.34155;1.34182;1.34147;1.34176;625
20260617 0351;1.34176;1.34203;1.34175;1.34202;546
20260617 0354;1.34202;1.34205;1.34191;1.34194;518
20260617 0357;1.34194;1.34212;1.34184;1.34207;637
20260617 0400;1.34207;1.34209;1.34164;1.34173;776
20260617 0403;1.34173;1.34183;1.34164;1.34182;447
20260617 0406;1.34182;1.34188;1.34172;1.34185;469
20260617 0409;1.34185;1.34186;1.3411;1.34135;770
20260617 0412;1.34135;1.34166;1.34112;1.34165;796
20260617 0415;1.34165;1.3417;1.34114;1.34123;522
20260617 0418;1.34123;1.34123;1.34081;1.34102;646
20260617 0421;1.34102;1.34107;1.34086;1.34104;579
20260617 0424;1.34104;1.34117;1.34091;1.34116;555
20260617 0427;1.34116;1.34139;1.34113;1.34128;652
20260617 0430;1.34128;1.34138;1.34116;1.34132;594
20260617 0433;1.34132;1.34151;1.34117;1.34136;484
20260617 0436;1.34136;1.3414;1.34125;1.34138;485
20260617 0439;1.34138;1.34138;1.34106;1.34127;531
20260617 0442;1.34127;1.34138;1.34114;1.34125;393
20260617 0445;1.34125;1.34133;1.34109;1.34117;430
20260617 0448;1.34117;1.34128;1.34109;1.34128;324
20260617 0451;1.34128;1.34147;1.34125;1.34139;305
20260617 0454;1.34139;1.34165;1.34136;1.34147;327
20260617 0457;1.34147;1.34171;1.34145;1.34171;295
20260617 0500;1.34171;1.34172;1.34144;1.34156;290
20260617 0503;1.34156;1.3417;1.34145;1.34167;363
20260617 0506;1.34167;1.34178;1.34159;1.34166;261
20260617 0509;1.34166;1.34166;1.34151;1.34159;283
20260617 0512;1.34159;1.34178;1.34153;1.34155;314
20260617 0515;1.34155;1.34166;1.34144;1.3415;302
20260617 0518;1.3415;1.34154;1.34132;1.34132;491
20260617 0521;1.34132;1.34145;1.34125;1.34138;401
20260617 0524;1.34138;1.34187;1.34136;1.34183;599
20260617 0527;1.34183;1.34196;1.34166;1.34177;620
20260617 0530;1.34177;1.34197;1.34163;1.34166;450
20260617 0533;1.34166;1.3417;1.34158;1.34163;350
20260617 0536;1.34163;1.34175;1.34155;1.34163;396
20260617 0539;1.34163;1.3417;1.3416;1.3416;216
20260617 0542;1.3416;1.3417;1.34144;1.34151;295
20260617 0545;1.34151;1.34157;1.34135;1.34143;271
20260617 0548;1.34143;1.34159;1.34143;1.34148;265
20260617 0551;1.34148;1.34159;1.34142;1.34149;337
20260617 0554;1.34149;1.34168;1.34149;1.34167;471
20260617 0557;1.34167;1.34177;1.34161;1.34175;413
20260617 0600;1.34175;1.34176;1.34149;1.34162;464
20260617 0603;1.34162;1.34167;1.34154;1.34163;227
20260617 0606;1.34163;1.34177;1.34163;1.34167;283
20260617 0609;1.34167;1.34175;1.34163;1.34163;365
20260617 0612;1.34163;1.34178;1.34163;1.34174;361
20260617 0615;1.34174;1.34176;1.34157;1.34167;227
20260617 0618;1.34167;1.34168;1.34125;1.34127;436
20260617 0621;1.34127;1.34133;1.34105;1.34117;424
20260617 0624;1.34117;1.34124;1.34098;1.34106;549
20260617 0627;1.34106;1.34115;1.34099;1.34107;529
20260617 0630;1.34107;1.34139;1.34107;1.34135;405
20260617 0633;1.34135;1.3415;1.34125;1.34148;314
20260617 0636;1.34148;1.34159;1.34137;1.34144;279
20260617 0639;1.34144;1.34157;1.34135;1.34136;323
20260617 0642;1.34136;1.34138;1.34116;1.34119;343
20260617 0645;1.34119;1.3414;1.34119;1.34138;362
20260617 0648;1.34138;1.34165;1.34132;1.34165;316
20260617 0651;1.34165;1.34169;1.34131;1.34132;779
20260617 0654;1.34132;1.34148;1.34107;1.34118;604
20260617 0657;1.34118;1.34123;1.34091;1.34123;497
20260617 0700;1.34123;1.34128;1.34112;1.34126;352
20260617 0703;1.34126;1.34127;1.34106;1.34113;520
20260617 0706;1.34113;1.34136;1.34107;1.34109;419
20260617 0709;1.34109;1.34109;1.34089;1.34098;411
20260617 0712;1.34098;1.34098;1.34067;1.3407;527
20260617 0715;1.3407;1.34105;1.34068;1.34088;775
20260617 0718;1.34088;1.34092;1.34077;1.34077;462
20260617 0721;1.34077;1.34094;1.34065;1.34067;349
20260617 0724;1.34067;1.34079;1.34055;1.34073;502
20260617 0727;1.34073;1.34074;1.34049;1.34059;563
20260617 0730;1.34059;1.34059;1.34025;1.3403;597
20260617 0733;1.3403;1.34032;1.34004;1.34018;479
20260617 0736;1.34018;1.34025;1.34;1.34006;511
20260617 0739;1.34006;1.34046;1.33995;1.34009;885
20260617 0742;1.34009;1.34023;1.33998;1.34019;681
20260617 0745;1.34019;1.3405;1.34019;1.3404;456
20260617 0748;1.3404;1.34043;1.34019;1.3403;441
20260617 0751;1.3403;1.34052;1.34025;1.3405;510
20260617 0754;1.3405;1.34051;1.34016;1.34028;418
20260617 0757;1.34028;1.34048;1.34019;1.34048;526
20260617 0800;1.34048;1.34067;1.34036;1.34058;740
20260617 0803;1.34058;1.3408;1.34058;1.34068;425
20260617 0806;1.34068;1.34078;1.34059;1.34068;483
20260617 0809;1.34068;1.34076;1.34056;1.34063;386
20260617 0812;1.34063;1.34071;1.34058;1.34067;391
20260617 0815;1.34067;1.34081;1.34063;1.34081;467
20260617 0818;1.34081;1.34099;1.34079;1.34098;462
20260617 0821;1.34098;1.34098;1.34068;1.34098;501
20260617 0824;1.34098;1.34107;1.34093;1.341;353
20260617 0827;1.341;1.3411;1.34086;1.34086;379
20260617 0830;1.34086;1.341;1.34062;1.34077;389
20260617 0833;1.34077;1.34093;1.34077;1.34085;247
20260617 0836;1.34085;1.34111;1.34085;1.34094;438
20260617 0839;1.34094;1.34134;1.34093;1.3413;404
20260617 0842;1.3413;1.3413;1.34107;1.34109;193
20260617 0845;1.34109;1.34134;1.34109;1.34126;306
20260617 0848;1.34126;1.34143;1.34121;1.34141;463
20260617 0851;1.34141;1.34159;1.34139;1.34157;361
20260617 0854;1.34157;1.34162;1.34142;1.34144;379
20260617 0857;1.34144;1.3416;1.34137;1.34151;488
20260617 0900;1.34151;1.34158;1.34136;1.34149;565
20260617 0903;1.34149;1.34157;1.3413;1.34137;646
20260617 0906;1.34137;1.34155;1.34128;1.3415;684
20260617 0909;1.3415;1.34157;1.34141;1.34154;547
20260617 0912;1.34154;1.34162;1.34148;1.34157;521
20260617 0915;1.34157;1.3416;1.34145;1.34146;443
20260617 0918;1.34146;1.34169;1.34146;1.34169;517
20260617 0921;1.34169;1.34183;1.3416;1.34173;631
20260617 0924;1.34173;1.34173;1.34146;1.34147;554
20260617 0927;1.34147;1.3415;1.34133;1.34141;575
20260617 0930;1.34141;1.34142;1.34108;1.34112;963
20260617 0933;1.34112;1.34129;1.34088;1.34115;897
20260617 0936;1.34115;1.34131;1.34098;1.34098;837
20260617 0939;1.34098;1.34119;1.34096;1.34107;683
20260617 0942;1.34107;1.34108;1.34085;1.34096;786
20260617 0945;1.34096;1.34105;1.34083;1.34087;638
20260617 0948;1.34087;1.3414;1.34084;1.34136;946
20260617 0951;1.34136;1.34137;1.34096;1.34116;791
20260617 0954;1.34116;1.3412;1.34058;1.34059;841
20260617 0957;1.34059;1.34081;1.34058;1.34061;511
20260617 1000;1.34061;1.3408;1.34052;1.34052;659
20260617 1003;1.34052;1.34056;1.34016;1.34037;1037
20260617 1006;1.34037;1.34066;1.34029;1.34049;720
20260617 1009;1.34049;1.3405;1.34008;1.34017;648
20260617 1012;1.34017;1.34027;1.34011;1.34018;506
20260617 1015;1.34018;1.34052;1.34015;1.34037;624
20260617 1018;1.34037;1.34041;1.34015;1.34028;762
20260617 1021;1.34028;1.34028;1.34004;1.34012;559
20260617 1024;1.34012;1.34039;1.34008;1.3401;718
20260617 1027;1.3401;1.34015;1.33994;1.34009;743
20260617 1030;1.34009;1.34032;1.34009;1.34021;976
20260617 1033;1.34021;1.34038;1.34009;1.34013;733
20260617 1036;1.34013;1.34018;1.33988;1.33992;717
20260617 1039;1.33992;1.34008;1.3398;1.3399;769
20260617 1042;1.3399;1.34041;1.3399;1.34028;761
20260617 1045;1.34028;1.34037;1.33847;1.33895;2019
20260617 1048;1.33895;1.33959;1.33895;1.33946;2008
20260617 1051;1.33946;1.34002;1.33944;1.33982;1288
20260617 1054;1.33982;1.33982;1.3395;1.33955;750
20260617 1057;1.33955;1.33972;1.33916;1.33936;1209
20260617 1100;1.33936;1.33941;1.33878;1.33878;1078
20260617 1103;1.33878;1.33941;1.33878;1.33889;1096
20260617 1106;1.33889;1.33922;1.33889;1.33921;822
20260617 1109;1.33921;1.33922;1.3389;1.33901;593
20260617 1112;1.33901;1.33933;1.33891;1.3393;496
20260617 1115;1.3393;1.33971;1.3392;1.33945;827
20260617 1118;1.33945;1.33974;1.33945;1.33958;910
20260617 1121;1.33958;1.33967;1.33939;1.33939;732
20260617 1124;1.33939;1.33942;1.33922;1.33922;644
20260617 1127;1.33922;1.33955;1.3392;1.33951;656
20260617 1130;1.33951;1.33963;1.3394;1.33958;814
20260617 1133;1.33958;1.33971;1.33955;1.3396;662
20260617 1136;1.3396;1.33968;1.33948;1.33949;600
20260617 1139;1.33949;1.33968;1.33928;1.33958;555
20260617 1142;1.33958;1.33984;1.33957;1.33976;426
20260617 1145;1.33976;1.3398;1.33952;1.33965;613
20260617 1148;1.33965;1.33979;1.33951;1.33951;469
20260617 1151;1.33951;1.33954;1.33937;1.33946;402
20260617 1154;1.33946;1.33958;1.33935;1.33956;460
20260617 1157;1.33956;1.33966;1.33951;1.33962;576
20260617 1200;1.33962;1.33969;1.33936;1.33937;687
20260617 1203;1.33937;1.33948;1.33933;1.3394;449
20260617 1206;1.3394;1.33951;1.33921;1.33927;578
20260617 1209;1.33927;1.33949;1.33919;1.33921;545
20260617 1212;1.33921;1.33926;1.33896;1.33897;539
20260617 1215;1.33897;1.33919;1.33895;1.33911;419
20260617 1218;1.33911;1.33926;1.33907;1.33921;404
20260617 1221;1.33921;1.33946;1.33915;1.33945;336
20260617 1224;1.33945;1.33953;1.33932;1.33943;421
20260617 1227;1.33943;1.33945;1.33917;1.33937;454
20260617 1230;1.33937;1.33942;1.33895;1.33897;469
20260617 1233;1.33897;1.33916;1.33894;1.33911;454
20260617 1236;1.33911;1.33919;1.33898;1.33916;497
20260617 1239;1.33916;1.3393;1.33915;1.33928;340
20260617 1242;1.33928;1.33941;1.33924;1.33939;337
20260617 1245;1.33939;1.33951;1.33937;1.33947;310
20260617 1248;1.33947;1.33961;1.33941;1.33961;363
20260617 1251;1.33961;1.33969;1.33955;1.33956;245
20260617 1254;1.33956;1.33979;1.33944;1.33958;507
20260617 1257;1.33958;1.33965;1.33948;1.33963;290
20260617 1300;1.33963;1.33966;1.33954;1.3396;530
20260617 1303;1.3396;1.3398;1.33958;1.33977;412
20260617 1306;1.33977;1.33985;1.33943;1.33976;852
20260617 1309;1.33976;1.33993;1.33968;1.33969;738
20260617 1312;1.33969;1.33987;1.33962;1.33979;687
20260617 1315;1.33979;1.33981;1.33963;1.33967;738
20260617 1318;1.33967;1.3398;1.33961;1.33965;401
20260617 1321;1.33965;1.33978;1.33952;1.33958;359
20260617 1324;1.33958;1.33966;1.3395;1.33957;430
20260617 1327;1.33957;1.33962;1.33945;1.33959;483
20260617 1330;1.33959;1.33969;1.33949;1.33965;387
20260617 1333;1.33965;1.33976;1.33958;1.3396;571
20260617 1336;1.3396;1.33963;1.33941;1.33951;494
20260617 1339;1.33951;1.33957;1.33946;1.33952;432
20260617 1342;1.33952;1.33963;1.33946;1.33962;445
20260617 1345;1.33962;1.33972;1.33954;1.33959;340
20260617 1348;1.33959;1.3399;1.33959;1.33989;388
20260617 1351;1.33989;1.34016;1.33989;1.34014;652
20260617 1354;1.34014;1.3403;1.34014;1.34027;416
20260617 1357;1.34027;1.34032;1.34007;1.34009;224
20260617 1400;1.34009;1.34009;1.33554;1.33608;3619
20260617 1403;1.33608;1.33663;1.3348;1.33508;2301
20260617 1406;1.33508;1.33582;1.33493;1.33505;3521
20260617 1409;1.33505;1.3354;1.3348;1.33507;2270
20260617 1412;1.33507;1.3353;1.33466;1.33495;1979
20260617 1415;1.33495;1.33569;1.33493;1.33557;2284
20260617 1418;1.33557;1.33593;1.33545;1.33554;2016
20260617 1421;1.33554;1.33615;1.33554;1.33604;2105
20260617 1424;1.33604;1.33621;1.33522;1.33542;1907
20260617 1427;1.33542;1.33544;1.33506;1.33544;639
20260617 1430;1.33544;1.33712;1.33474;1.33561;1747
20260617 1433;1.33561;1.3357;1.33343;1.33434;2785
20260617 1436;1.33434;1.33575;1.33423;1.33575;2381
20260617 1439;1.33575;1.33643;1.33488;1.33568;4120
20260617 1442;1.33568;1.337;1.3351;1.3366;4440
20260617 1445;1.3366;1.33681;1.33576;1.33653;3642
20260617 1448;1.33653;1.3367;1.33588;1.33604;3026
20260617 1451;1.33604;1.33664;1.33553;1.33553;2834
20260617 1454;1.33553;1.33591;1.3347;1.3347;2649
20260617 1457;1.3347;1.3348;1.3335;1.33372;2693
20260617 1500;1.33372;1.33401;1.33263;1.33263;3416
20260617 1503;1.33263;1.33303;1.33156;1.33198;4620
20260617 1506;1.33198;1.33247;1.33123;1.3316;3164
20260617 1509;1.3316;1.33167;1.32961;1.32961;2979
20260617 1512;1.32961;1.33046;1.32862;1.3301;3508
20260617 1515;1.3301;1.33016;1.329;1.32905;2903
20260617 1518;1.32905;1.3294;1.32876;1.32895;2218
20260617 1521;1.32895;1.32941;1.32854;1.32872;2620
20260617 1524;1.32872;1.32904;1.32829;1.32871;2851
20260617 1527;1.32871;1.3291;1.32799;1.32799;2537
20260617 1530;1.32799;1.32819;1.32736;1.32769;3270
20260617 1533;1.32769;1.32779;1.327;1.32729;2361
20260617 1536;1.32729;1.32756;1.32628;1.32629;2456
20260617 1539;1.32629;1.32741;1.32626;1.32681;2403
20260617 1542;1.32681;1.327;1.3262;1.32699;2395
20260617 1545;1.32699;1.32758;1.32698;1.32716;2742
20260617 1548;1.32716;1.32781;1.32688;1.32725;2845
20260617 1551;1.32725;1.32762;1.32716;1.3274;2006
20260617 1554;1.3274;1.32864;1.32733;1.32849;2394
20260617 1557;1.32849;1.32862;1.32802;1.32851;1844
20260617 1600;1.32851;1.3287;1.3284;1.32853;1231
20260617 1603;1.32853;1.32855;1.32771;1.32809;1139
20260617 1606;1.32809;1.32827;1.32791;1.32801;599
20260617 1609;1.32801;1.32832;1.32799;1.32812;534
20260617 1612;1.32812;1.32831;1.32809;1.32811;513
20260617 1615;1.32811;1.32842;1.3279;1.32841;515
20260617 1618;1.32841;1.32904;1.32841;1.32901;806
20260617 1621;1.32901;1.32913;1.32888;1.32895;491
20260617 1624;1.32895;1.32919;1.32891;1.32915;504
20260617 1627;1.32915;1.3293;1.32901;1.32924;393
20260617 1630;1.32924;1.32965;1.32922;1.32965;383
20260617 1633;1.32965;1.32965;1.32943;1.32944;236
20260617 1636;1.32944;1.32993;1.32943;1.32993;319
20260617 1639;1.32993;1.32993;1.32965;1.32984;282
20260617 1642;1.32984;1.32984;1.32952;1.32952;317
20260617 1645;1.32952;1.32973;1.32948;1.32964;529
20260617 1648;1.32964;1.32964;1.32944;1.32956;653
20260617 1651;1.32956;1.32963;1.32938;1.32945;381
20260617 1654;1.32945;1.32958;1.32943;1.32948;421
20260617 1657;1.32948;1.32964;1.32885;1.32885;471
20260617 1700;1.32885;1.32885;1.32867;1.32867;2
20260617 1703;1.32867;1.32867;1.32778;1.32781;4
20260617 1706;1.32781;1.32806;1.32772;1.32804;34
20260617 1709;1.32804;1.32864;1.32775;1.32861;96
20260617 1712;1.32861;1.32861;1.32819;1.32826;18
20260617 1715;1.32826;1.32857;1.32826;1.32857;1
20260617 1718;1.32857;1.32926;1.32857;1.32926;76
20260617 1721;1.32926;1.32944;1.32909;1.32942;30
20260617 1724;1.32942;1.32988;1.32936;1.32951;95
20260617 1727;1.32951;1.32959;1.32934;1.32934;51
20260617 1730;1.32934;1.32952;1.32822;1.32891;201
20260617 1733;1.32891;1.32894;1.32826;1.32847;456
20260617 1736;1.32847;1.32883;1.32814;1.32847;653
20260617 1739;1.32847;1.32862;1.32836;1.32852;173
20260617 1742;1.32852;1.32862;1.32822;1.32834;170
20260617 1745;1.32834;1.32869;1.32834;1.32844;54
20260617 1748;1.32844;1.32925;1.32818;1.32924;327
20260617 1751;1.32924;1.32953;1.32924;1.32937;88
20260617 1754;1.32937;1.32941;1.32936;1.32939;42
20260617 1757;1.32939;1.32942;1.32778;1.32843;802
20260617 1800;1.32843;1.32951;1.32843;1.32903;393
20260617 1803;1.32903;1.32921;1.3289;1.32921;185
20260617 1806;1.32921;1.3293;1.32908;1.32908;169
20260617 1809;1.32908;1.32928;1.32903;1.32921;137
20260617 1812;1.32921;1.32941;1.3292;1.32928;117
20260617 1815;1.32928;1.32934;1.3292;1.32921;252
20260617 1818;1.32921;1.32934;1.32921;1.32933;107
20260617 1821;1.32933;1.32944;1.32921;1.32926;157
20260617 1824;1.32926;1.32933;1.32921;1.32925;111
20260617 1827;1.32925;1.32933;1.32911;1.32922;170
20260617 1830;1.32922;1.32934;1.32921;1.32933;164
20260617 1833;1.32933;1.32936;1.32931;1.32934;75
20260617 1836;1.32934;1.32946;1.32933;1.32945;146
20260617 1839;1.32945;1.32952;1.32944;1.32951;128
20260617 1842;1.32951;1.32953;1.32945;1.32945;96
20260617 1845;1.32945;1.3296;1.32945;1.32953;81
20260617 1848;1.32953;1.32966;1.32946;1.32965;147
20260617 1851;1.32965;1.32966;1.32962;1.32964;83
20260617 1854;1.32964;1.32967;1.32959;1.32961;50
20260617 1857;1.32961;1.32961;1.32954;1.32955;52
20260617 1900;1.32955;1.3297;1.32954;1.32964;117
20260617 1903;1.32964;1.32973;1.32963;1.32971;124
20260617 1906;1.32971;1.32983;1.32965;1.32977;156
20260617 1909;1.32977;1.32985;1.32975;1.32982;141
20260617 1912;1.32982;1.33003;1.32982;1.33002;145
20260617 1915;1.33002;1.3301;1.32997;1.32998;171
20260617 1918;1.32998;1.33004;1.32993;1.33003;137
20260617 1921;1.33003;1.33018;1.33001;1.33014;153
20260617 1924;1.33014;1.3302;1.33011;1.33017;125
20260617 1927;1.33017;1.33017;1.32994;1.32996;180
20260617 1930;1.32996;1.32997;1.32984;1.32991;211
20260617 1933;1.32991;1.33002;1.32987;1.32994;235
20260617 1936;1.32994;1.32997;1.32985;1.32985;182
20260617 1939;1.32985;1.32987;1.32964;1.32966;201
20260617 1942;1.32966;1.33025;1.32965;1.3302;307
20260617 1945;1.3302;1.33024;1.32996;1.33002;309
20260617 1948;1.33002;1.33006;1.32991;1.32995;320
20260617 1951;1.32995;1.33006;1.32992;1.33003;224
20260617 1954;1.33003;1.33006;1.32986;1.32988;231
20260617 1957;1.32988;1.33005;1.32986;1.33005;365
20260617 2000;1.33005;1.33091;1.33005;1.33086;1670
20260617 2003;1.33086;1.33137;1.33085;1.33131;1169
20260617 2006;1.33131;1.33177;1.33125;1.33126;1132
20260617 2009;1.33126;1.33136;1.33093;1.33108;994
20260617 2012;1.33108;1.33116;1.33084;1.33085;806
20260617 2015;1.33085;1.33103;1.33084;1.33102;708
20260617 2018;1.33102;1.33108;1.33074;1.33078;584
20260617 2021;1.33078;1.3309;1.33064;1.3309;577
20260617 2024;1.3309;1.3309;1.33061;1.33066;637
20260617 2027;1.33066;1.33075;1.33056;1.33073;434
20260617 2030;1.33073;1.33096;1.33064;1.3309;545
20260617 2033;1.3309;1.33097;1.33077;1.33086;491
20260617 2036;1.33086;1.33086;1.33056;1.33057;382
20260617 2039;1.33057;1.33073;1.33052;1.33063;440
20260617 2042;1.33063;1.33082;1.3306;1.33075;428
20260617 2045;1.33075;1.33079;1.33061;1.33062;463
20260617 2048;1.33062;1.33078;1.33057;1.33077;455
20260617 2051;1.33077;1.33086;1.33061;1.3308;908
20260617 2054;1.3308;1.33085;1.33045;1.33058;1344
20260617 2057;1.33058;1.33073;1.33053;1.33063;689
20260617 2100;1.33063;1.33112;1.33059;1.33095;917
20260617 2103;1.33095;1.33119;1.3309;1.33091;763
20260617 2106;1.33091;1.33123;1.3309;1.33113;436
20260617 2109;1.33113;1.33117;1.33096;1.33113;392
20260617 2112;1.33113;1.33126;1.33106;1.33115;355
20260617 2115;1.33115;1.33131;1.33108;1.33114;470
20260617 2118;1.33114;1.33145;1.33109;1.33145;457
20260617 2121;1.33145;1.33165;1.33145;1.33158;617
20260617 2124;1.33158;1.33163;1.33148;1.33162;464
20260617 2127;1.33162;1.33174;1.3316;1.33168;405
20260617 2130;1.33168;1.3318;1.33168;1.33174;428
20260617 2133;1.33174;1.33187;1.3316;1.33164;422
20260617 2136;1.33164;1.33173;1.33159;1.3317;470
20260617 2139;1.3317;1.33179;1.33163;1.33172;468
20260617 2142;1.33172;1.33181;1.33162;1.33171;433
20260617 2145;1.33171;1.33172;1.33142;1.33142;348
20260617 2148;1.33142;1.33143;1.33118;1.33123;627
20260617 2151;1.33123;1.33141;1.33114;1.3314;438
20260617 2154;1.3314;1.33145;1.33112;1.3312;412
20260617 2157;1.3312;1.33123;1.33095;1.33101;487
20260617 2200;1.33101;1.33126;1.33101;1.33117;587
20260617 2203;1.33117;1.33125;1.33103;1.33122;368
20260617 2206;1.33122;1.33122;1.33091;1.33092;343
20260617 2209;1.33092;1.33095;1.33074;1.33084;245
20260617 2212;1.33084;1.33102;1.33079;1.33084;297
20260617 2215;1.33084;1.33085;1.33065;1.33084;363
20260617 2218;1.33084;1.33087;1.33073;1.33083;434
20260617 2221;1.33083;1.33094;1.33081;1.33094;321
20260617 2224;1.33094;1.33096;1.33086;1.33095;193
20260617 2227;1.33095;1.33105;1.33092;1.33103;417
20260617 2230;1.33103;1.33103;1.33092;1.33093;249
20260617 2233;1.33093;1.33128;1.33092;1.33115;324
20260617 2236;1.33115;1.33122;1.33113;1.33113;396
20260617 2239;1.33113;1.33139;1.33105;1.33129;463
20260617 2242;1.33129;1.3315;1.33128;1.33148;404
20260617 2245;1.33148;1.33156;1.33135;1.33141;385
20260617 2248;1.33141;1.33154;1.33141;1.33151;413
20260617 2251;1.33151;1.33156;1.33144;1.33145;243
20260617 2254;1.33145;1.33145;1.33125;1.33135;460
20260617 2257;1.33135;1.33135;1.33119;1.3312;286
20260617 2300;1.3312;1.33129;1.3312;1.33125;274
20260617 2303;1.33125;1.33137;1.3312;1.33132;245
20260617 2306;1.33132;1.33144;1.33126;1.33131;410
20260617 2309;1.33131;1.33147;1.33129;1.33135;290
20260617 2312;1.33135;1.33149;1.33133;1.33148;264
20260617 2315;1.33148;1.3316;1.33125;1.3314;409
20260617 2318;1.3314;1.33161;1.33134;1.33161;332
20260617 2321;1.33161;1.33161;1.33145;1.33146;268
20260617 2324;1.33146;1.33163;1.33146;1.33163;243
20260617 2327;1.33163;1.33173;1.33158;1.33165;229
20260617 2330;1.33165;1.3318;1.33156;1.33162;291
20260617 2333;1.33162;1.33165;1.3315;1.33152;302
20260617 2336;1.33152;1.33161;1.33142;1.33161;322
20260617 2339;1.33161;1.33165;1.33154;1.33157;239
20260617 2342;1.33157;1.33159;1.33151;1.33156;172
20260617 2345;1.33156;1.33165;1.33153;1.33161;144
20260617 2348;1.33161;1.33171;1.33159;1.33162;370
20260617 2351;1.33162;1.33169;1.33161;1.33162;176
20260617 2354;1.33162;1.33177;1.33159;1.33176;177
20260617 2357;1.33176;1.33178;1.33168;1.3317;302
20260618 0000;1.33171;1.33196;1.33169;1.33195;314
20260618 0003;1.33195;1.33196;1.33173;1.33173;302
20260618 0006;1.33173;1.33182;1.33167;1.33169;270
20260618 0009;1.33169;1.33171;1.33143;1.33144;401
20260618 0012;1.33144;1.33145;1.33132;1.33133;436
20260618 0015;1.33133;1.33156;1.33133;1.33151;255
20260618 0018;1.33151;1.33152;1.33125;1.33134;293
20260618 0021;1.33134;1.33156;1.33134;1.3314;265
20260618 0024;1.3314;1.3314;1.33123;1.33133;332
20260618 0027;1.33133;1.33145;1.33129;1.33145;388
20260618 0030;1.33145;1.33145;1.33133;1.33136;372
20260618 0033;1.33136;1.33154;1.33136;1.33147;509
20260618 0036;1.33147;1.33154;1.33141;1.33152;292
20260618 0039;1.33152;1.33152;1.3314;1.3315;440
20260618 0042;1.3315;1.33164;1.33145;1.33146;403
20260618 0045;1.33146;1.33155;1.33143;1.33155;409
20260618 0048;1.33155;1.33163;1.33144;1.33156;321
20260618 0051;1.33156;1.33165;1.33155;1.33162;314
20260618 0054;1.33162;1.33164;1.33148;1.33161;447
20260618 0057;1.33161;1.33165;1.33143;1.33144;307
20260618 0100;1.33144;1.33145;1.33119;1.33126;323
20260618 0103;1.33126;1.33136;1.33122;1.33132;217
20260618 0106;1.33132;1.33155;1.33131;1.33152;317
20260618 0109;1.33152;1.33153;1.33132;1.33133;292
20260618 0112;1.33133;1.33137;1.33123;1.33126;286
20260618 0115;1.33126;1.33126;1.33116;1.33124;247
20260618 0118;1.33124;1.33136;1.33123;1.33123;269
20260618 0121;1.33123;1.33126;1.33109;1.33116;158
20260618 0124;1.33116;1.33117;1.33099;1.33106;233
20260618 0127;1.33106;1.33113;1.33074;1.33083;432
20260618 0130;1.33083;1.33086;1.33064;1.33081;666
20260618 0133;1.33081;1.33095;1.33069;1.33085;286
20260618 0136;1.33085;1.33085;1.33062;1.33074;304
20260618 0139;1.33074;1.3308;1.33063;1.33078;256
20260618 0142;1.33078;1.33089;1.33075;1.33083;331
20260618 0145;1.33083;1.33084;1.33065;1.33073;367
20260618 0148;1.33073;1.33076;1.33053;1.33053;360
20260618 0151;1.33053;1.33056;1.33042;1.33044;457
20260618 0154;1.33044;1.33045;1.33016;1.33029;375
20260618 0157;1.33029;1.33029;1.32991;1.32991;352
20260618 0200;1.32991;1.33086;1.32982;1.33075;602
20260618 0203;1.33075;1.33115;1.33069;1.33114;781
20260618 0206;1.33114;1.33125;1.33068;1.33081;735
20260618 0209;1.33081;1.33115;1.33081;1.33105;618
20260618 0212;1.33105;1.33179;1.33103;1.33176;795
20260618 0215;1.33176;1.33181;1.33139;1.33145;1191
20260618 0218;1.33145;1.33162;1.33131;1.33149;879
20260618 0221;1.33149;1.3319;1.33131;1.33189;1025
20260618 0224;1.33189;1.33211;1.33188;1.33209;1126
20260618 0227;1.33209;1.33243;1.33189;1.33242;1157
20260618 0230;1.33242;1.33242;1.33213;1.33219;606
20260618 0233;1.33219;1.33247;1.33219;1.33227;673
20260618 0236;1.33227;1.33227;1.33168;1.332;1029
20260618 0239;1.332;1.33212;1.33177;1.33208;694
20260618 0242;1.33208;1.33244;1.33192;1.33241;963
20260618 0245;1.33241;1.33247;1.33224;1.33225;886
20260618 0248;1.33225;1.33229;1.33174;1.33175;921
20260618 0251;1.33175;1.33175;1.33149;1.33159;830
20260618 0254;1.33159;1.3317;1.33139;1.33149;817
20260618 0257;1.33149;1.3315;1.33124;1.33125;995
20260618 0300;1.33125;1.33167;1.33083;1.33091;1566
20260618 0303;1.33091;1.331;1.33021;1.33021;1049
20260618 0306;1.33021;1.33051;1.32995;1.33035;1042
20260618 0309;1.33035;1.33041;1.3302;1.33031;550
20260618 0312;1.33031;1.33032;1.33007;1.33021;711
20260618 0315;1.33021;1.33043;1.33012;1.33026;695
20260618 0318;1.33026;1.33049;1.33016;1.33017;578
20260618 0321;1.33017;1.33038;1.32995;1.32998;729
20260618 0324;1.32998;1.32998;1.32945;1.32958;669
20260618 0327;1.32958;1.32961;1.32939;1.32958;425
20260618 0330;1.32958;1.32958;1.32914;1.32918;643
20260618 0333;1.32918;1.32925;1.32891;1.32896;714
20260618 0336;1.32896;1.32911;1.32893;1.3291;523
20260618 0339;1.3291;1.32941;1.32907;1.32939;809
20260618 0342;1.32939;1.32972;1.32928;1.32972;781
20260618 0345;1.32972;1.3302;1.32971;1.33014;899
20260618 0348;1.33014;1.33054;1.33008;1.33053;698
20260618 0351;1.33053;1.33056;1.32998;1.32999;638
20260618 0354;1.32999;1.33007;1.32978;1.32985;501
20260618 0357;1.32985;1.32985;1.32957;1.32968;605
20260618 0400;1.32968;1.3297;1.32943;1.3296;789
20260618 0403;1.3296;1.3296;1.32894;1.32897;996
20260618 0406;1.32897;1.329;1.32856;1.32887;1193
20260618 0409;1.32887;1.32917;1.32878;1.32878;588
20260618 0412;1.32878;1.32898;1.32805;1.32815;986
20260618 0415;1.32815;1.32829;1.32804;1.32807;896
20260618 0418;1.32807;1.32839;1.328;1.32829;939
20260618 0421;1.32829;1.32838;1.32805;1.32807;734
20260618 0424;1.32807;1.32811;1.32782;1.32791;874
20260618 0427;1.32791;1.328;1.32752;1.32763;864
20260618 0430;1.32763;1.32786;1.32738;1.32769;977
20260618 0433;1.32769;1.32769;1.3269;1.32707;908
20260618 0436;1.32707;1.32726;1.327;1.32709;746
20260618 0439;1.32709;1.32709;1.32663;1.32666;833
20260618 0442;1.32666;1.32676;1.32622;1.32623;893
20260618 0445;1.32623;1.32625;1.32551;1.3256;1234
20260618 0448;1.3256;1.32585;1.32555;1.32568;620
20260618 0451;1.32568;1.32595;1.32538;1.32554;826
20260618 0454;1.32554;1.32555;1.32458;1.3246;1016
20260618 0457;1.3246;1.32464;1.32413;1.32452;1055
20260618 0500;1.32452;1.32482;1.32423;1.32456;2171
20260618 0503;1.32456;1.32499;1.32448;1.3249;1455
20260618 0506;1.3249;1.32491;1.3242;1.32447;886
20260618 0509;1.32447;1.32447;1.32379;1.32379;976
20260618 0512;1.32379;1.32389;1.32354;1.32359;889
20260618 0515;1.32359;1.32427;1.32358;1.32418;860
20260618 0518;1.32418;1.3247;1.32414;1.32439;1074
20260618 0521;1.32439;1.32469;1.32437;1.32469;633
20260618 0524;1.32469;1.32481;1.32391;1.32412;908
20260618 0527;1.32412;1.32413;1.3236;1.32376;747
20260618 0530;1.32376;1.32388;1.32346;1.32358;764
20260618 0533;1.32358;1.3238;1.32337;1.32351;594
20260618 0536;1.32351;1.32391;1.32337;1.32391;464
20260618 0539;1.32391;1.32471;1.3239;1.32467;714
20260618 0542;1.32467;1.32467;1.32427;1.3245;500
20260618 0545;1.3245;1.32461;1.32438;1.32449;281
20260618 0548;1.32449;1.32485;1.32447;1.32462;308
20260618 0551;1.32462;1.32471;1.32447;1.3246;301
20260618 0554;1.3246;1.3246;1.32425;1.32432;431
20260618 0557;1.32432;1.32442;1.32401;1.32401;469
20260618 0600;1.32401;1.32402;1.3234;1.32342;738
20260618 0603;1.32342;1.32342;1.32303;1.32304;744
20260618 0606;1.32304;1.32304;1.32252;1.32279;1253
20260618 0609;1.32279;1.32291;1.32256;1.32257;676
20260618 0612;1.32257;1.32361;1.32257;1.3236;974
20260618 0615;1.3236;1.32391;1.32345;1.32348;739
20260618 0618;1.32348;1.32392;1.32324;1.3239;837
20260618 0621;1.3239;1.3239;1.32336;1.32358;430
20260618 0624;1.32358;1.3238;1.32335;1.32336;550
20260618 0627;1.32336;1.32379;1.32329;1.32377;592
20260618 0630;1.32377;1.3239;1.32349;1.32358;388
20260618 0633;1.32358;1.32358;1.32325;1.32346;473
20260618 0636;1.32346;1.32357;1.32306;1.32314;620
20260618 0639;1.32314;1.32338;1.32311;1.32329;441
20260618 0642;1.32329;1.32329;1.32301;1.32309;506
20260618 0645;1.32309;1.32331;1.32299;1.3233;467
20260618 0648;1.3233;1.32333;1.32309;1.32327;575
20260618 0651;1.32327;1.32328;1.32298;1.32299;486
20260618 0654;1.32299;1.32299;1.32271;1.32272;533
20260618 0657;1.32272;1.32289;1.32263;1.32272;451
20260618 0700;1.32272;1.32325;1.3218;1.32228;948
20260618 0703;1.32228;1.32228;1.32161;1.32182;914
20260618 0706;1.32182;1.3225;1.32165;1.32225;1061
20260618 0709;1.32225;1.32235;1.32164;1.32174;1243
20260618 0712;1.32174;1.32183;1.32124;1.32152;817
20260618 0715;1.32152;1.32187;1.32141;1.3215;858
20260618 0718;1.3215;1.3215;1.32102;1.3211;893
20260618 0721;1.3211;1.32168;1.32103;1.32154;906
20260618 0724;1.32154;1.32215;1.32152;1.3221;967
20260618 0727;1.3221;1.32213;1.32164;1.32203;868
20260618 0730;1.32203;1.32222;1.32184;1.32218;782
20260618 0733;1.32218;1.32231;1.32191;1.32224;634
20260618 0736;1.32224;1.32246;1.32212;1.32228;817
20260618 0739;1.32228;1.32246;1.32118;1.32123;1295
20260618 0742;1.32123;1.32164;1.32123;1.32147;965
20260618 0745;1.32147;1.32158;1.3212;1.32127;787
20260618 0748;1.32127;1.32144;1.32106;1.32109;722
20260618 0751;1.32109;1.32116;1.32088;1.32096;684
20260618 0754;1.32096;1.32097;1.32051;1.32074;938
20260618 0757;1.32074;1.3211;1.32069;1.32108;780
20260618 0800;1.32108;1.32146;1.32097;1.32146;923
20260618 0803;1.32146;1.32234;1.32146;1.32223;1116
20260618 0806;1.32223;1.32267;1.32212;1.32254;840
20260618 0809;1.32254;1.32304;1.32242;1.32302;808
20260618 0812;1.32302;1.32344;1.32298;1.3234;684
20260618 0815;1.3234;1.32356;1.3231;1.32325;708
20260618 0818;1.32325;1.32405;1.32321;1.32396;714
20260618 0821;1.32396;1.32472;1.32392;1.32434;1393
20260618 0824;1.32434;1.32482;1.32423;1.32455;951
20260618 0827;1.32455;1.32457;1.32424;1.32428;387
20260618 0830;1.32428;1.32454;1.32404;1.32404;443
20260618 0833;1.32404;1.32431;1.32385;1.32426;854
20260618 0836;1.32426;1.32426;1.3235;1.32364;1152
20260618 0839;1.32364;1.32364;1.32334;1.32359;811
20260618 0842;1.32359;1.32387;1.32298;1.32307;1002
20260618 0845;1.32307;1.32344;1.32306;1.32332;862
20260618 0848;1.32332;1.32347;1.32321;1.32335;813
20260618 0851;1.32335;1.32362;1.32325;1.32341;1109
20260618 0854;1.32341;1.32358;1.32313;1.32325;956
20260618 0857;1.32325;1.32376;1.32315;1.32334;1160
20260618 0900;1.32334;1.32345;1.32301;1.3231;1089
20260618 0903;1.3231;1.32327;1.32263;1.32275;1163
20260618 0906;1.32275;1.32298;1.32241;1.32263;1246
20260618 0909;1.32263;1.32322;1.32263;1.32314;1190
20260618 0912;1.32314;1.32336;1.32276;1.32335;1203
20260618 0915;1.32335;1.32362;1.32258;1.32275;1309
20260618 0918;1.32275;1.3232;1.32265;1.32284;1194
20260618 0921;1.32284;1.32294;1.32272;1.32289;1060
20260618 0924;1.32289;1.32315;1.32283;1.32286;1235
20260618 0927;1.32286;1.32382;1.32286;1.32381;1318
20260618 0930;1.32381;1.32438;1.32368;1.32437;1794
20260618 0933;1.32437;1.32473;1.32413;1.32466;1382
20260618 0936;1.32466;1.32472;1.32436;1.32472;1866
20260618 0939;1.32472;1.32495;1.32428;1.32465;1688
20260618 0942;1.32465;1.32467;1.32433;1.32444;1452
20260618 0945;1.32444;1.32444;1.32402;1.32413;1963
20260618 0948;1.32413;1.32458;1.32404;1.32448;1722
20260618 0951;1.32448;1.32452;1.32421;1.32432;1421
20260618 0954;1.32432;1.32437;1.32398;1.32411;1257
20260618 0957;1.32411;1.32413;1.32366;1.32382;918
20260618 1000;1.32382;1.32383;1.32336;1.3235;1028
20260618 1003;1.3235;1.32403;1.3235;1.32401;1306
20260618 1006;1.32401;1.32432;1.32384;1.32393;1447
20260618 1009;1.32393;1.32406;1.32346;1.32347;1278
20260618 1012;1.32347;1.32376;1.32306;1.32374;1573
20260618 1015;1.32374;1.32392;1.32345;1.32392;1475
20260618 1018;1.32392;1.32407;1.32378;1.32399;839
20260618 1021;1.32399;1.32446;1.32382;1.32405;1146
20260618 1024;1.32405;1.32449;1.32396;1.32421;1137
20260618 1027;1.32421;1.32442;1.32415;1.32432;1145
20260618 1030;1.32432;1.32437;1.32404;1.32409;1307
20260618 1033;1.32409;1.32422;1.32395;1.32395;1123
20260618 1036;1.32395;1.32409;1.32355;1.3236;1315
20260618 1039;1.3236;1.32389;1.32352;1.32358;1014
20260618 1042;1.32358;1.32384;1.32346;1.32353;740
20260618 1045;1.32353;1.32435;1.32352;1.32416;988
20260618 1048;1.32416;1.32448;1.32402;1.32446;653
20260618 1051;1.32446;1.32469;1.32421;1.32457;964
20260618 1054;1.32457;1.32485;1.32444;1.32459;1108
20260618 1057;1.32459;1.3253;1.32455;1.32519;1433
20260618 1100;1.32519;1.32534;1.32464;1.32466;1590
20260618 1103;1.32466;1.32467;1.32436;1.32442;1163
20260618 1106;1.32442;1.32456;1.32412;1.32418;1196
20260618 1109;1.32418;1.32425;1.32396;1.32406;1079
20260618 1112;1.32406;1.32438;1.32374;1.32377;1030
20260618 1115;1.32377;1.32407;1.32375;1.32378;966
20260618 1118;1.32378;1.32404;1.3237;1.32386;934
20260618 1121;1.32386;1.32399;1.32357;1.32366;961
20260618 1124;1.32366;1.32377;1.32344;1.32358;1151
20260618 1127;1.32358;1.32368;1.32345;1.32362;1379
20260618 1130;1.32362;1.32379;1.32343;1.32345;1133
20260618 1133;1.32345;1.32371;1.32332;1.32368;1159
20260618 1136;1.32368;1.32383;1.32287;1.32288;1125
20260618 1139;1.32288;1.32331;1.3228;1.32307;1314
20260618 1142;1.32307;1.3231;1.32285;1.32298;996
20260618 1145;1.32298;1.32309;1.32292;1.32307;757
20260618 1148;1.32307;1.32349;1.32307;1.32339;983
20260618 1151;1.32339;1.32347;1.32314;1.32335;1022
20260618 1154;1.32335;1.32335;1.32276;1.32278;987
20260618 1157;1.32278;1.32313;1.32255;1.32256;1166
20260618 1200;1.32256;1.32293;1.32214;1.32221;1510
20260618 1203;1.32221;1.32225;1.32172;1.32174;1392
20260618 1206;1.32174;1.32205;1.32158;1.32183;1220
20260618 1209;1.32183;1.32217;1.32176;1.32205;1025
20260618 1212;1.32205;1.32205;1.32179;1.32182;622
20260618 1215;1.32182;1.32195;1.32145;1.32146;905
20260618 1218;1.32146;1.32156;1.32129;1.32138;663
20260618 1221;1.32138;1.32144;1.3211;1.32132;779
20260618 1224;1.32132;1.32208;1.32127;1.32197;1136
20260618 1227;1.32197;1.32207;1.32185;1.32196;1003
20260618 1230;1.32196;1.32205;1.32183;1.32189;855
20260618 1233;1.32189;1.32194;1.32168;1.32168;692
20260618 1236;1.32168;1.32221;1.32157;1.32207;1156
20260618 1239;1.32207;1.32226;1.32205;1.32207;848
20260618 1242;1.32207;1.32208;1.32178;1.32191;861
20260618 1245;1.32191;1.32226;1.32185;1.32206;703
20260618 1248;1.32206;1.32229;1.32177;1.32183;1069
20260618 1251;1.32183;1.32195;1.3216;1.32184;822
20260618 1254;1.32184;1.32187;1.32166;1.32172;649
20260618 1257;1.32172;1.32219;1.32162;1.32212;751
20260618 1300;1.32212;1.3223;1.32173;1.32226;1029
20260618 1303;1.32226;1.32258;1.32216;1.32253;785
20260618 1306;1.32253;1.32258;1.32235;1.32248;651
20260618 1309;1.32248;1.3226;1.32246;1.32256;586
20260618 1312;1.32256;1.32276;1.32255;1.32263;673
20260618 1315;1.32263;1.32282;1.32253;1.32282;762
20260618 1318;1.32282;1.32301;1.32275;1.32291;684
20260618 1321;1.32291;1.32294;1.32276;1.32291;876
20260618 1324;1.32291;1.32295;1.32272;1.32272;742
20260618 1327;1.32272;1.32281;1.32261;1.32269;743
20260618 1330;1.32269;1.32269;1.32228;1.32238;715
20260618 1333;1.32238;1.32238;1.32202;1.32202;827
20260618 1336;1.32202;1.32214;1.32195;1.32196;430
20260618 1339;1.32196;1.32204;1.32174;1.32181;742
20260618 1342;1.32181;1.32203;1.32166;1.32194;766
20260618 1345;1.32194;1.32194;1.32156;1.32158;642
20260618 1348;1.32158;1.32167;1.32136;1.32139;651
20260618 1351;1.32139;1.32154;1.3213;1.32138;449
20260618 1354;1.32138;1.32139;1.32109;1.32114;588
20260618 1357;1.32114;1.32115;1.32081;1.32085;499
20260618 1400;1.32085;1.32085;1.32058;1.32063;767
20260618 1403;1.32063;1.321;1.32061;1.32094;602
20260618 1406;1.32094;1.321;1.32071;1.32097;549
20260618 1409;1.32097;1.3211;1.32097;1.32102;621
20260618 1412;1.32102;1.32105;1.32091;1.32095;503
20260618 1415;1.32095;1.32104;1.32076;1.32086;533
20260618 1418;1.32086;1.32103;1.32084;1.32088;495
20260618 1421;1.32088;1.32107;1.32088;1.32103;545
20260618 1424;1.32103;1.32116;1.32088;1.32088;687
20260618 1427;1.32088;1.32096;1.32075;1.32082;905
20260618 1430;1.32082;1.32093;1.3207;1.32076;874
20260618 1433;1.32076;1.32089;1.32072;1.32086;482
20260618 1436;1.32086;1.32088;1.32074;1.32084;375
20260618 1439;1.32084;1.32095;1.32083;1.32088;331
20260618 1442;1.32088;1.32102;1.32084;1.32095;497
20260618 1445;1.32095;1.32099;1.32074;1.32075;465
20260618 1448;1.32075;1.32077;1.32037;1.32053;931
20260618 1451;1.32053;1.32068;1.32052;1.32059;533
20260618 1454;1.32059;1.32076;1.32045;1.32073;645
20260618 1457;1.32073;1.32075;1.32026;1.32027;707
20260618 1500;1.32027;1.32037;1.31983;1.31985;1037
20260618 1503;1.31985;1.31993;1.31943;1.31955;1079
20260618 1506;1.31955;1.31957;1.3193;1.31944;1090
20260618 1509;1.31944;1.31957;1.31942;1.31945;749
20260618 1512;1.31945;1.3197;1.31941;1.31966;678
20260618 1515;1.31966;1.31971;1.31943;1.31953;751
20260618 1518;1.31953;1.31997;1.31934;1.31986;936
20260618 1521;1.31986;1.31988;1.31945;1.31948;640
20260618 1524;1.31948;1.31958;1.31938;1.31941;594
20260618 1527;1.31941;1.3196;1.31941;1.3195;509
20260618 1530;1.3195;1.31993;1.3195;1.31975;1919
20260618 1533;1.31975;1.31995;1.31966;1.31981;618
20260618 1536;1.31981;1.31994;1.31979;1.31983;760
20260618 1539;1.31983;1.32043;1.31983;1.32016;1228
20260618 1542;1.32016;1.32036;1.32016;1.32027;882
20260618 1545;1.32027;1.32044;1.32022;1.32034;723
20260618 1548;1.32034;1.32068;1.32032;1.32061;962
20260618 1551;1.32061;1.32093;1.32055;1.32082;784
20260618 1554;1.32082;1.32085;1.32026;1.32028;950
20260618 1557;1.32028;1.32036;1.3199;1.31993;781
20260618 1600;1.31993;1.32027;1.31972;1.32026;539
20260618 1603;1.32026;1.32057;1.32025;1.32055;443
20260618 1606;1.32055;1.32055;1.3204;1.32047;493
20260618 1609;1.32047;1.32062;1.32045;1.3206;343
20260618 1612;1.3206;1.32068;1.32055;1.32064;344
20260618 1615;1.32064;1.3207;1.32063;1.32065;125
20260618 1618;1.32065;1.32074;1.32047;1.32053;318
20260618 1621;1.32053;1.32059;1.32053;1.32054;82
20260618 1624;1.32054;1.32055;1.32027;1.32027;154
20260618 1627;1.32027;1.32048;1.32027;1.32048;158
20260618 1630;1.32048;1.32054;1.32038;1.32039;264
20260618 1633;1.32039;1.32058;1.32036;1.32046;112
20260618 1636;1.32046;1.32057;1.32045;1.32054;162
20260618 1639;1.32054;1.32064;1.32054;1.32056;183
20260618 1642;1.32056;1.32058;1.3204;1.32043;208
20260618 1645;1.32043;1.32043;1.32028;1.32028;365
20260618 1648;1.32028;1.32039;1.32027;1.32033;605
20260618 1651;1.32033;1.32034;1.32025;1.32027;173
20260618 1654;1.32027;1.32044;1.32024;1.32041;397
20260618 1657;1.32041;1.32052;1.32034;1.32037;435
20260618 1709;1.32037;1.32046;1.32004;1.3204;106
20260618 1712;1.3204;1.32048;1.31998;1.31998;74
20260618 1715;1.31998;1.32035;1.31987;1.32003;174
20260618 1718;1.32003;1.3201;1.31939;1.31958;120
20260618 1721;1.31958;1.31967;1.31927;1.3194;124
20260618 1724;1.3194;1.31959;1.31928;1.31932;113
20260618 1727;1.31932;1.31953;1.31932;1.31946;88
20260618 1730;1.31946;1.32031;1.31935;1.32028;77
20260618 1733;1.32028;1.32074;1.32002;1.32039;588
20260618 1736;1.32039;1.32082;1.32026;1.32077;185
20260618 1739;1.32077;1.32083;1.31989;1.3206;250
20260618 1742;1.3206;1.32068;1.31999;1.32;178
20260618 1745;1.32;1.3205;1.31996;1.32043;97
20260618 1748;1.32043;1.32059;1.32028;1.3205;128
20260618 1751;1.3205;1.32057;1.3201;1.32014;123
20260618 1754;1.32014;1.32047;1.32014;1.32047;83
20260618 1757;1.32047;1.32076;1.32009;1.32019;107
20260618 1800;1.32019;1.32056;1.32019;1.32036;104
20260618 1803;1.32036;1.32054;1.32036;1.32049;66
20260618 1806;1.32049;1.32059;1.32037;1.32042;139
20260618 1809;1.32042;1.3205;1.32035;1.32047;191
20260618 1812;1.32047;1.32047;1.32036;1.32039;101
20260618 1815;1.32039;1.32039;1.32027;1.32033;131
20260618 1818;1.32033;1.32033;1.32024;1.32032;106
20260618 1821;1.32032;1.32038;1.32028;1.3203;79
20260618 1824;1.3203;1.3204;1.3203;1.32034;142
20260618 1827;1.32034;1.32048;1.32028;1.32043;150
20260618 1830;1.32043;1.32044;1.32037;1.32037;96
20260618 1833;1.32037;1.32052;1.32037;1.32051;50
20260618 1836;1.32051;1.32054;1.32048;1.32051;45
20260618 1839;1.32051;1.32051;1.32042;1.32046;66
20260618 1842;1.32046;1.3205;1.32045;1.32047;122
20260618 1845;1.32047;1.32055;1.32045;1.3205;98
20260618 1848;1.3205;1.32054;1.32047;1.32049;67
20260618 1851;1.32049;1.32061;1.32049;1.3206;89
20260618 1854;1.3206;1.3206;1.32048;1.32051;54
20260618 1857;1.32051;1.32054;1.3205;1.32053;54
20260618 1900;1.32053;1.32053;1.32027;1.32027;146
20260618 1903;1.32027;1.32038;1.32027;1.32035;102
20260618 1906;1.32035;1.3204;1.32032;1.3204;90
20260618 1909;1.3204;1.32051;1.32039;1.3205;52
20260618 1912;1.3205;1.32061;1.32048;1.32048;125
20260618 1915;1.32048;1.32051;1.32036;1.32036;151
20260618 1918;1.32036;1.32037;1.32026;1.3203;77
20260618 1921;1.3203;1.32035;1.32027;1.32031;75
20260618 1924;1.32031;1.32032;1.32029;1.32029;49
20260618 1927;1.32029;1.32038;1.32028;1.32029;105
20260618 1930;1.32029;1.32031;1.32025;1.32031;43
20260618 1933;1.32031;1.32031;1.3202;1.32022;64
20260618 1936;1.32022;1.32034;1.32021;1.32032;107
20260618 1939;1.32032;1.32053;1.32032;1.32049;146
20260618 1942;1.32049;1.32054;1.32034;1.32035;141
20260618 1945;1.32035;1.32043;1.3203;1.32034;150
20260618 1948;1.32034;1.32041;1.32027;1.32032;187
20260618 1951;1.32032;1.32036;1.3202;1.32021;79
20260618 1954;1.32021;1.32031;1.32009;1.3201;151
20260618 1957;1.3201;1.32012;1.32003;1.32012;156
20260618 2000;1.32012;1.32063;1.3201;1.32056;828
20260618 2003;1.32056;1.32071;1.32043;1.32069;561
20260618 2006;1.32069;1.32076;1.32057;1.3206;634
20260618 2009;1.3206;1.32073;1.32056;1.32069;460
20260618 2012;1.32069;1.32082;1.32062;1.32063;540
20260618 2015;1.32063;1.32079;1.32063;1.32064;510
20260618 2018;1.32064;1.32068;1.32049;1.32049;357
20260618 2021;1.32049;1.32063;1.32043;1.32062;304
20260618 2024;1.32062;1.32071;1.32056;1.32059;482
20260618 2027;1.32059;1.32059;1.3204;1.32042;365
20260618 2030;1.32042;1.32064;1.32042;1.32061;500
20260618 2033;1.32061;1.32069;1.3205;1.32068;238
20260618 2036;1.32068;1.321;1.32041;1.32062;876
20260618 2039;1.32062;1.32066;1.32047;1.32065;410
20260618 2042;1.32065;1.32078;1.32062;1.32077;354
20260618 2045;1.32077;1.32086;1.32067;1.32086;474
20260618 2048;1.32086;1.32106;1.32084;1.32101;363
20260618 2051;1.32101;1.32111;1.32094;1.32094;387
20260618 2054;1.32094;1.32106;1.32089;1.321;419
20260618 2057;1.321;1.32113;1.3209;1.3209;399
20260618 2100;1.3209;1.32107;1.32089;1.32095;625
20260618 2103;1.32095;1.32106;1.32085;1.32091;433
20260618 2106;1.32091;1.32095;1.32073;1.32073;367
20260618 2109;1.32073;1.32077;1.32062;1.32073;381
20260618 2112;1.32073;1.32077;1.32053;1.32064;287
20260618 2115;1.32064;1.32074;1.32062;1.32062;334
20260618 2118;1.32062;1.32065;1.32035;1.32041;367
20260618 2121;1.32041;1.32064;1.32038;1.32055;419
20260618 2124;1.32055;1.32055;1.32034;1.32035;321
20260618 2127;1.32035;1.32055;1.32032;1.32053;286
20260618 2130;1.32053;1.32054;1.32034;1.32039;503
20260618 2133;1.32039;1.32055;1.32039;1.32044;389
20260618 2136;1.32044;1.32045;1.32022;1.32024;315
20260618 2139;1.32024;1.32028;1.32022;1.32023;288
20260618 2142;1.32023;1.32025;1.32011;1.32016;240
20260618 2145;1.32016;1.32018;1.32007;1.32012;305
20260618 2148;1.32012;1.32017;1.32006;1.32006;187
20260618 2151;1.32006;1.32006;1.31985;1.31987;341
20260618 2154;1.31987;1.31989;1.31968;1.31969;305
20260618 2157;1.31969;1.31977;1.31946;1.31953;318
20260618 2200;1.31953;1.31966;1.31948;1.31956;353
20260618 2203;1.31956;1.31959;1.31947;1.31951;255
20260618 2206;1.31951;1.31964;1.31933;1.31936;291
20260618 2209;1.31936;1.31958;1.31935;1.31955;258
20260618 2212;1.31955;1.31968;1.31954;1.31967;242
20260618 2215;1.31967;1.31968;1.31954;1.31955;154
20260618 2218;1.31955;1.31974;1.31955;1.31966;360
20260618 2221;1.31966;1.32023;1.31966;1.32023;448
20260618 2224;1.32023;1.32035;1.32012;1.32014;258
20260618 2227;1.32014;1.32039;1.32013;1.32038;287
20260618 2230;1.32038;1.32052;1.32034;1.32046;364
20260618 2233;1.32046;1.32054;1.32036;1.32044;353
20260618 2236;1.32044;1.32044;1.32032;1.3204;251
20260618 2239;1.3204;1.32053;1.32032;1.32039;324
20260618 2242;1.32039;1.32039;1.32027;1.32032;199
20260618 2245;1.32032;1.32034;1.3201;1.32015;233
20260618 2248;1.32015;1.32026;1.32014;1.32022;226
20260618 2251;1.32022;1.32022;1.32003;1.32004;208
20260618 2254;1.32004;1.32017;1.32003;1.32015;180
20260618 2257;1.32015;1.32019;1.32007;1.32011;208
20260618 2300;1.32011;1.32016;1.31985;1.31985;363
20260618 2303;1.31985;1.31987;1.31971;1.31977;385
20260618 2306;1.31977;1.31983;1.31972;1.31979;313
20260618 2309;1.31979;1.31982;1.31957;1.3196;323
20260618 2312;1.3196;1.31961;1.31934;1.31934;358
20260618 2315;1.31934;1.31936;1.31858;1.31864;649
20260618 2318;1.31864;1.31887;1.3186;1.31885;363
20260618 2321;1.31885;1.31911;1.31885;1.31898;567
20260618 2324;1.31898;1.31905;1.31886;1.31892;331
20260618 2327;1.31892;1.31894;1.31866;1.31874;350
20260618 2330;1.31874;1.31879;1.31864;1.31877;441
20260618 2333;1.31877;1.31879;1.3187;1.31876;389
20260618 2336;1.31876;1.31903;1.31876;1.31888;335
20260618 2339;1.31888;1.31909;1.31886;1.31908;271
20260618 2342;1.31908;1.31916;1.31897;1.31916;439
20260618 2345;1.31916;1.31918;1.319;1.31902;201
20260618 2348;1.31902;1.31908;1.31895;1.31904;415
20260618 2351;1.31904;1.31912;1.31893;1.31894;424
20260618 2354;1.31894;1.31895;1.31885;1.31889;436
20260618 2357;1.31889;1.31892;1.31863;1.31873;503
20260619 0000;1.31873;1.31879;1.3185;1.31859;437
20260619 0003;1.31859;1.31859;1.31833;1.31848;566
20260619 0006;1.31848;1.31854;1.31837;1.31848;444
20260619 0009;1.31848;1.31858;1.31837;1.31858;467
20260619 0012;1.31858;1.31865;1.31845;1.31865;335
20260619 0015;1.31865;1.31866;1.31847;1.31857;395
20260619 0018;1.31857;1.31861;1.31849;1.31855;218
20260619 0021;1.31855;1.31872;1.31855;1.31872;289
20260619 0024;1.31872;1.31872;1.31863;1.31863;230
20260619 0027;1.31863;1.31864;1.31843;1.31861;382
20260619 0030;1.31861;1.31879;1.31854;1.31877;493
20260619 0033;1.31877;1.31879;1.31807;1.31807;452
20260619 0036;1.31807;1.31814;1.3179;1.31797;405
20260619 0039;1.31797;1.31802;1.31756;1.31757;429
20260619 0042;1.31757;1.31774;1.31755;1.31756;499
20260619 0045;1.31756;1.31759;1.3171;1.31722;350
20260619 0048;1.31722;1.31742;1.31702;1.31723;592
20260619 0051;1.31723;1.31734;1.31713;1.31714;361
20260619 0054;1.31714;1.31722;1.31697;1.317;390
20260619 0057;1.317;1.31703;1.31682;1.31696;380
20260619 0100;1.31696;1.31698;1.31675;1.3169;501
20260619 0103;1.3169;1.31717;1.3167;1.31694;790
20260619 0106;1.31694;1.31694;1.31663;1.31675;514
20260619 0109;1.31675;1.31697;1.3167;1.31684;494
20260619 0112;1.31684;1.31696;1.31673;1.31675;461
20260619 0115;1.31675;1.31682;1.31649;1.31654;359
20260619 0118;1.31654;1.31664;1.31651;1.31656;357
20260619 0121;1.31656;1.31676;1.31655;1.31675;322
20260619 0124;1.31675;1.31676;1.31656;1.31664;325
20260619 0127;1.31664;1.31685;1.3163;1.31681;711
20260619 0130;1.31681;1.31726;1.31681;1.31711;524
20260619 0133;1.31711;1.3174;1.31708;1.31739;449
20260619 0136;1.31739;1.31756;1.31725;1.31733;613
20260619 0139;1.31733;1.31763;1.3173;1.31755;370
20260619 0142;1.31755;1.31794;1.31754;1.31792;416
20260619 0145;1.31792;1.31814;1.31792;1.31813;350
20260619 0148;1.31813;1.31892;1.31811;1.31892;552
20260619 0151;1.31892;1.31953;1.31892;1.31953;930
20260619 0154;1.31953;1.31992;1.3192;1.3192;671
20260619 0157;1.3192;1.31946;1.31909;1.31925;594
20260619 0200;1.31925;1.3198;1.31865;1.31937;1029
20260619 0203;1.31937;1.31979;1.31933;1.31941;633
20260619 0206;1.31941;1.31959;1.31926;1.31955;616
20260619 0209;1.31955;1.31967;1.31918;1.31925;573
20260619 0212;1.31925;1.31993;1.31925;1.31984;543
20260619 0215;1.31984;1.31985;1.31951;1.31975;590
20260619 0218;1.31975;1.31995;1.31962;1.31975;490
20260619 0221;1.31975;1.31989;1.31963;1.31965;526
20260619 0224;1.31965;1.31978;1.31952;1.31962;619
20260619 0227;1.31962;1.31981;1.31944;1.31944;614
20260619 0230;1.31944;1.31985;1.31905;1.31914;759
20260619 0233;1.31914;1.31917;1.31841;1.31863;956
20260619 0236;1.31863;1.31894;1.31853;1.31892;374
20260619 0239;1.31892;1.31927;1.31889;1.31897;504
20260619 0242;1.31897;1.3192;1.3189;1.31893;389
20260619 0245;1.31893;1.31909;1.31871;1.31892;442
20260619 0248;1.31892;1.31914;1.31873;1.31879;392
20260619 0251;1.31879;1.31915;1.31876;1.3191;336
20260619 0254;1.3191;1.31943;1.31908;1.31935;382
20260619 0257;1.31935;1.31987;1.31934;1.31984;563
20260619 0300;1.31984;1.32079;1.31984;1.32065;973
20260619 0303;1.32065;1.32074;1.3202;1.3203;528
20260619 0306;1.3203;1.32051;1.32011;1.32019;429
20260619 0309;1.32019;1.32033;1.31999;1.32033;608
20260619 0312;1.32033;1.32035;1.32;1.32013;551
20260619 0315;1.32013;1.32033;1.31979;1.31995;667
20260619 0318;1.31995;1.32013;1.31946;1.3196;641
20260619 0321;1.3196;1.31962;1.31921;1.31955;622
20260619 0324;1.31955;1.31956;1.31912;1.31914;561
20260619 0327;1.31914;1.31957;1.31909;1.31945;573
20260619 0330;1.31945;1.31975;1.31941;1.31966;786
20260619 0333;1.31966;1.31977;1.31958;1.31969;478
20260619 0336;1.31969;1.31998;1.31968;1.31982;390
20260619 0339;1.31982;1.32014;1.31979;1.32013;489
20260619 0342;1.32013;1.3204;1.31992;1.31993;566
20260619 0345;1.31993;1.32001;1.31978;1.31989;336
20260619 0348;1.31989;1.31996;1.3196;1.31977;443
20260619 0351;1.31977;1.31985;1.31958;1.3196;393
20260619 0354;1.3196;1.31963;1.31938;1.3194;407
20260619 0357;1.3194;1.31968;1.31939;1.31953;531
20260619 0400;1.31953;1.32;1.31952;1.31976;610
20260619 0403;1.31976;1.32021;1.31971;1.32013;491
20260619 0406;1.32013;1.32033;1.32;1.32023;555
20260619 0409;1.32023;1.3206;1.32023;1.32041;531
20260619 0412;1.32041;1.32048;1.32011;1.32027;653
20260619 0415;1.32027;1.32131;1.32022;1.32131;670
20260619 0418;1.32131;1.32153;1.32122;1.32144;555
20260619 0421;1.32144;1.32196;1.32136;1.32196;704
20260619 0424;1.32196;1.32213;1.32185;1.32202;725
20260619 0427;1.32202;1.32202;1.3217;1.32187;505
20260619 0430;1.32187;1.32228;1.32184;1.32224;540
20260619 0433;1.32224;1.32264;1.3222;1.32245;506
20260619 0436;1.32245;1.32264;1.32233;1.32246;593
20260619 0439;1.32246;1.32295;1.32236;1.32295;592
20260619 0442;1.32295;1.32326;1.32291;1.32291;651
20260619 0445;1.32291;1.32298;1.32268;1.32294;434
20260619 0448;1.32294;1.32306;1.32294;1.32296;471
20260619 0451;1.32296;1.32301;1.32263;1.32299;455
20260619 0454;1.32299;1.32317;1.32282;1.32314;409
20260619 0457;1.32314;1.32328;1.3231;1.32323;479
20260619 0500;1.32323;1.32336;1.32278;1.32281;876
20260619 0503;1.32281;1.32305;1.32272;1.32293;806
20260619 0506;1.32293;1.32312;1.32292;1.32294;613
20260619 0509;1.32294;1.3231;1.32285;1.32308;571
20260619 0512;1.32308;1.32328;1.32302;1.32302;615
20260619 0515;1.32302;1.32333;1.32295;1.32321;667
20260619 0518;1.32321;1.32357;1.32316;1.32356;728
20260619 0521;1.32356;1.32367;1.3232;1.32325;695
20260619 0524;1.32325;1.32326;1.32303;1.32315;443
20260619 0527;1.32315;1.32325;1.32305;1.32312;489
20260619 0530;1.32312;1.32343;1.32311;1.32334;483
20260619 0533;1.32334;1.32352;1.32331;1.32342;447
20260619 0536;1.32342;1.32376;1.32338;1.32358;551
20260619 0539;1.32358;1.32388;1.32355;1.32384;363
20260619 0542;1.32384;1.32386;1.32366;1.32371;424
20260619 0545;1.32371;1.32378;1.32355;1.32377;431
20260619 0548;1.32377;1.32377;1.32342;1.32365;497
20260619 0551;1.32365;1.32407;1.32362;1.32406;418
20260619 0554;1.32406;1.32408;1.32359;1.32365;679
20260619 0557;1.32365;1.32365;1.32343;1.32345;661
20260619 0600;1.32345;1.32358;1.32333;1.32358;444
20260619 0603;1.32358;1.32359;1.32325;1.32346;457
20260619 0606;1.32346;1.32347;1.32313;1.32314;334
20260619 0609;1.32314;1.32334;1.32304;1.32313;396
20260619 0612;1.32313;1.32317;1.32294;1.32295;396
20260619 0615;1.32295;1.32305;1.32273;1.32273;497
20260619 0618;1.32273;1.32282;1.32236;1.32236;731
20260619 0621;1.32236;1.32248;1.32232;1.32244;904
20260619 0624;1.32244;1.32277;1.32235;1.32274;642
20260619 0627;1.32274;1.32278;1.32261;1.32265;553
20260619 0630;1.32265;1.32266;1.32243;1.32253;675
20260619 0633;1.32253;1.32283;1.32252;1.32268;647
20260619 0636;1.32268;1.32272;1.32242;1.32266;735
20260619 0639;1.32266;1.32276;1.32251;1.32263;733
20260619 0642;1.32263;1.32273;1.3225;1.32265;487
20260619 0645;1.32265;1.32302;1.32265;1.32271;905
20260619 0648;1.32271;1.32291;1.32265;1.32273;605
20260619 0651;1.32273;1.32281;1.32252;1.32274;394
20260619 0654;1.32274;1.32315;1.32265;1.32315;526
20260619 0657;1.32315;1.32348;1.32302;1.32347;726
20260619 0700;1.32347;1.32373;1.32335;1.32354;859
20260619 0703;1.32354;1.32403;1.32343;1.32373;946
20260619 0706;1.32373;1.32374;1.32306;1.32327;896
20260619 0709;1.32327;1.32363;1.32325;1.32355;492
20260619 0712;1.32355;1.32364;1.32342;1.32343;465
20260619 0715;1.32343;1.32377;1.32342;1.3237;307
20260619 0718;1.3237;1.32394;1.32363;1.32383;416
20260619 0721;1.32383;1.32404;1.32375;1.32375;346
20260619 0724;1.32375;1.3238;1.32349;1.32349;302
20260619 0727;1.32349;1.32381;1.32341;1.32343;507
20260619 0730;1.32343;1.32348;1.32312;1.32322;365
20260619 0733;1.32322;1.32322;1.32299;1.32314;416
20260619 0736;1.32314;1.32314;1.32266;1.32275;382
20260619 0739;1.32275;1.32303;1.32275;1.32302;332
20260619 0742;1.32302;1.32321;1.32291;1.32319;330
20260619 0745;1.32319;1.32333;1.32313;1.32331;230
20260619 0748;1.32331;1.32332;1.32284;1.32284;380
20260619 0751;1.32284;1.32305;1.32283;1.32295;427
20260619 0754;1.32295;1.323;1.32269;1.32282;545
20260619 0757;1.32282;1.32295;1.32279;1.32292;497
20260619 0800;1.32292;1.32321;1.32289;1.32303;794
20260619 0803;1.32303;1.32316;1.32289;1.32292;512
20260619 0806;1.32292;1.32329;1.3229;1.3232;634
20260619 0809;1.3232;1.32344;1.3232;1.32333;556
20260619 0812;1.32333;1.32336;1.3232;1.32321;312
20260619 0815;1.32321;1.32322;1.32293;1.3231;455
20260619 0818;1.3231;1.32317;1.32295;1.32306;504
20260619 0821;1.32306;1.32321;1.32293;1.32294;479
20260619 0824;1.32294;1.3232;1.32291;1.32314;316
20260619 0827;1.32314;1.32314;1.32253;1.32254;375
20260619 0830;1.32254;1.32282;1.32251;1.32275;194
20260619 0833;1.32275;1.32296;1.32274;1.32293;285
20260619 0836;1.32293;1.32295;1.32255;1.32289;752
20260619 0839;1.32289;1.32292;1.32272;1.32284;657
20260619 0842;1.32284;1.32286;1.32261;1.32272;476
20260619 0845;1.32272;1.32282;1.3227;1.32272;378
20260619 0848;1.32272;1.32337;1.32271;1.32334;1055
20260619 0851;1.32334;1.32394;1.32317;1.32378;2700
20260619 0854;1.32378;1.32399;1.32351;1.32366;1193
20260619 0857;1.32366;1.32382;1.32347;1.32351;885
20260619 0900;1.32351;1.32365;1.32326;1.32329;987
20260619 0903;1.32329;1.32329;1.32298;1.32302;707
20260619 0906;1.32302;1.32329;1.32293;1.32323;596
20260619 0909;1.32323;1.32334;1.32313;1.32321;601
20260619 0912;1.32321;1.32331;1.32283;1.32286;549
20260619 0915;1.32286;1.32308;1.3227;1.3227;522
20260619 0918;1.3227;1.32286;1.3223;1.32231;535
20260619 0921;1.32231;1.32232;1.32213;1.32214;637
20260619 0924;1.32214;1.32232;1.32211;1.32225;594
20260619 0927;1.32225;1.32263;1.32223;1.32261;850
20260619 0930;1.32261;1.32265;1.32209;1.32213;843
20260619 0933;1.32213;1.3222;1.322;1.32203;635
20260619 0936;1.32203;1.3221;1.32169;1.32188;703
20260619 0939;1.32188;1.32192;1.3217;1.3218;591
20260619 0942;1.3218;1.32184;1.32163;1.3218;514
20260619 0945;1.3218;1.322;1.3218;1.32199;571
20260619 0948;1.32199;1.32201;1.32187;1.322;606
20260619 0951;1.322;1.32242;1.32198;1.32237;684
20260619 0954;1.32237;1.32261;1.3223;1.32232;686
20260619 0957;1.32232;1.32233;1.32203;1.32203;557
20260619 1000;1.32203;1.3221;1.3218;1.32188;714
20260619 1003;1.32188;1.32191;1.32156;1.32189;602
20260619 1006;1.32189;1.32189;1.32158;1.32165;762
20260619 1009;1.32165;1.32171;1.32135;1.3214;675
20260619 1012;1.3214;1.32162;1.3214;1.3216;478
20260619 1015;1.3216;1.32183;1.3216;1.32182;390
20260619 1018;1.32182;1.32192;1.32161;1.32184;409
20260619 1021;1.32184;1.3219;1.3217;1.3218;530
20260619 1024;1.3218;1.32215;1.32172;1.32215;609
20260619 1027;1.32215;1.32222;1.32203;1.32209;733
20260619 1030;1.32209;1.32229;1.32207;1.32224;645
20260619 1033;1.32224;1.32253;1.32223;1.32252;289
20260619 1036;1.32252;1.32254;1.32238;1.32245;470
20260619 1039;1.32245;1.32274;1.32241;1.32273;508
20260619 1042;1.32273;1.32334;1.32263;1.32323;517
20260619 1045;1.32323;1.32356;1.3231;1.32352;549
20260619 1048;1.32352;1.32353;1.32245;1.32259;527
20260619 1051;1.32259;1.32273;1.32168;1.32171;1403
20260619 1054;1.32171;1.32334;1.32162;1.32314;2046
20260619 1057;1.32314;1.32354;1.32283;1.32302;2396
20260619 1100;1.32302;1.32355;1.32302;1.32309;1348
20260619 1103;1.32309;1.32309;1.32261;1.32273;943
20260619 1106;1.32273;1.32304;1.32239;1.32248;985
20260619 1109;1.32248;1.32296;1.32248;1.32259;683
20260619 1112;1.32259;1.32263;1.32241;1.32242;289
20260619 1115;1.32242;1.32273;1.32241;1.32271;470
20260619 1118;1.32271;1.32299;1.3226;1.32299;354
20260619 1121;1.32299;1.32304;1.32262;1.3227;414
20260619 1124;1.3227;1.32278;1.32261;1.32271;306
20260619 1127;1.32271;1.32292;1.32269;1.32284;396
20260619 1130;1.32284;1.32286;1.32207;1.32221;600
20260619 1133;1.32221;1.32228;1.32214;1.32222;269
20260619 1136;1.32222;1.32228;1.32181;1.32184;313
20260619 1139;1.32184;1.32205;1.3218;1.322;304
20260619 1142;1.322;1.32216;1.32196;1.32211;321
20260619 1145;1.32211;1.32246;1.32211;1.32242;278
20260619 1148;1.32242;1.32245;1.32221;1.32222;124
20260619 1151;1.32222;1.32224;1.32201;1.32213;316
20260619 1154;1.32213;1.32231;1.3219;1.32203;265
20260619 1157;1.32203;1.32206;1.32186;1.32198;354
20260619 1200;1.32198;1.32206;1.32182;1.32194;403
20260619 1203;1.32194;1.32201;1.32187;1.32187;247
20260619 1206;1.32187;1.32193;1.32179;1.32187;290
20260619 1209;1.32187;1.32211;1.32187;1.32203;207
20260619 1212;1.32203;1.32214;1.32197;1.32214;200
20260619 1215;1.32214;1.32215;1.32196;1.32201;233
20260619 1218;1.32201;1.32213;1.32192;1.32213;201
20260619 1221;1.32213;1.32238;1.32212;1.32236;234
20260619 1224;1.32236;1.32266;1.32234;1.32265;318
20260619 1227;1.32265;1.32268;1.32262;1.32265;180
20260619 1230;1.32265;1.32278;1.32265;1.32269;132
20260619 1233;1.32269;1.32269;1.32251;1.32252;198
20260619 1236;1.32252;1.32255;1.32226;1.32253;296
20260619 1239;1.32253;1.32255;1.32243;1.32245;182
20260619 1242;1.32245;1.32248;1.32233;1.32245;110
20260619 1245;1.32245;1.32258;1.32245;1.32253;62
20260619 1248;1.32253;1.32259;1.32252;1.32258;88
20260619 1251;1.32258;1.32258;1.32243;1.32254;193
20260619 1254;1.32254;1.32259;1.3224;1.32257;307
20260619 1257;1.32257;1.32297;1.32254;1.32284;311
20260619 1300;1.32284;1.32322;1.32284;1.32318;795
20260619 1303;1.32318;1.32329;1.3231;1.32311;291
20260619 1306;1.32311;1.32318;1.32307;1.32308;112
20260619 1309;1.32308;1.32312;1.32282;1.32288;162
20260619 1312;1.32288;1.32301;1.32281;1.32296;286
20260619 1315;1.32296;1.32313;1.32296;1.3231;360
20260619 1318;1.3231;1.32329;1.32295;1.32322;480
20260619 1321;1.32322;1.32331;1.32309;1.32312;125
20260619 1324;1.32312;1.32322;1.32301;1.3231;293
20260619 1327;1.3231;1.32326;1.3231;1.32318;476
20260619 1330;1.32318;1.3233;1.32317;1.32327;304
20260619 1333;1.32327;1.32338;1.3232;1.32333;241
20260619 1336;1.32333;1.32341;1.32333;1.3234;296
20260619 1339;1.3234;1.32379;1.3234;1.32373;201
20260619 1342;1.32373;1.32375;1.32352;1.32361;359
20260619 1345;1.32361;1.32365;1.32352;1.3236;134
20260619 1348;1.3236;1.32376;1.3236;1.32375;155
20260619 1351;1.32375;1.32379;1.32368;1.32373;135
20260619 1354;1.32373;1.32374;1.32314;1.32329;754
20260619 1357;1.32329;1.32332;1.32295;1.32314;1032
20260619 1400;1.32314;1.32335;1.32301;1.3233;1178
20260619 1403;1.3233;1.32344;1.3233;1.32334;186
20260619 1406;1.32334;1.32339;1.32328;1.32333;99
20260619 1409;1.32333;1.32335;1.32328;1.32331;80
20260619 1412;1.32331;1.32332;1.3232;1.3232;71
20260619 1415;1.3232;1.32341;1.32318;1.32339;427
20260619 1418;1.32339;1.32344;1.32333;1.32336;222
20260619 1421;1.32336;1.32341;1.32335;1.32341;88
20260619 1424;1.32341;1.3235;1.3234;1.32347;50
20260619 1427;1.32347;1.32359;1.32343;1.32355;57
20260619 1430;1.32355;1.32359;1.32351;1.32356;185
20260619 1433;1.32356;1.32356;1.32349;1.3235;75
20260619 1436;1.3235;1.32365;1.3235;1.32361;231
20260619 1439;1.32361;1.32367;1.32356;1.32365;515
20260619 1442;1.32365;1.32369;1.32348;1.32361;595
20260619 1445;1.32361;1.3237;1.32358;1.32361;127
20260619 1448;1.32361;1.32368;1.32355;1.32359;174
20260619 1451;1.32359;1.32364;1.32333;1.32338;650
20260619 1454;1.32338;1.3235;1.32331;1.32335;289
20260619 1457;1.32335;1.32335;1.32307;1.32333;275
20260619 1500;1.32333;1.3234;1.32323;1.32332;318
20260619 1503;1.32332;1.3234;1.32317;1.32324;136
20260619 1506;1.32324;1.32336;1.32322;1.32323;78
20260619 1509;1.32323;1.32324;1.32321;1.32321;30
20260619 1512;1.32321;1.32362;1.32321;1.32342;73
20260619 1515;1.32342;1.32349;1.32341;1.32348;31
20260619 1518;1.32348;1.32348;1.32286;1.32299;1033
20260619 1521;1.32299;1.3235;1.32285;1.32347;1924
20260619 1524;1.32347;1.32352;1.32327;1.32349;149
20260619 1527;1.32349;1.32354;1.32333;1.32349;65
20260619 1530;1.32349;1.3235;1.32341;1.32341;27
20260619 1533;1.32341;1.32347;1.32321;1.32325;118
20260619 1536;1.32325;1.32329;1.32318;1.32329;58
20260619 1539;1.32329;1.32329;1.32298;1.32304;983
20260619 1542;1.32304;1.32318;1.32304;1.32314;133
20260619 1545;1.32314;1.32357;1.32306;1.32329;388
20260619 1548;1.32329;1.32332;1.32314;1.32314;51
20260619 1551;1.32314;1.32324;1.32306;1.32309;97
20260619 1554;1.32309;1.3232;1.32298;1.32308;100
20260619 1557;1.32308;1.32341;1.32283;1.32328;340
20260619 1600;1.32328;1.32329;1.32307;1.32307;73
20260619 1603;1.32307;1.32311;1.32283;1.32292;998
20260619 1606;1.32292;1.32302;1.32258;1.32298;1129
20260619 1609;1.32298;1.32348;1.32283;1.32322;1095
20260619 1612;1.32322;1.32345;1.32308;1.32342;174
20260619 1615;1.32342;1.32373;1.32289;1.32302;352
20260619 1618;1.32302;1.32302;1.32265;1.32269;308
20260619 1621;1.32269;1.32287;1.32247;1.32287;362
20260619 1624;1.32287;1.32308;1.32243;1.32303;650
20260619 1627;1.32303;1.32325;1.32279;1.32284;269
20260619 1630;1.32284;1.32295;1.32281;1.32288;101
20260619 1633;1.32288;1.32289;1.32277;1.32281;98
20260619 1636;1.32281;1.32281;1.32256;1.32261;262
20260619 1639;1.32261;1.32272;1.3225;1.32261;294
20260619 1642;1.32261;1.32309;1.32207;1.32265;700
20260619 1645;1.32265;1.32303;1.32163;1.32237;592
20260619 1648;1.32237;1.32268;1.32233;1.32256;244
20260619 1651;1.32256;1.3226;1.32232;1.32259;118
20260619 1654;1.32259;1.32263;1.3224;1.32246;49
20260619 1657;1.32246;1.32283;1.32246;1.32283;12
20260621 1703;1.3186;1.31885;1.31833;1.31881;30
20260621 1706;1.31881;1.31899;1.31881;1.31894;78
20260621 1709;1.31894;1.31895;1.31892;1.31894;14
20260621 1712;1.31894;1.31894;1.3189;1.31893;5
20260621 1715;1.31893;1.3195;1.31884;1.31945;56
20260621 1718;1.31945;1.31945;1.31882;1.31895;54
20260621 1721;1.31895;1.31955;1.31883;1.3192;56
20260621 1724;1.3192;1.3193;1.31909;1.31926;18
20260621 1727;1.31926;1.3193;1.31898;1.31928;28
20260621 1730;1.31928;1.31928;1.31897;1.31911;54
20260621 1733;1.31911;1.31912;1.31894;1.31904;32
20260621 1736;1.31904;1.31938;1.31904;1.31936;27
20260621 1739;1.31936;1.31961;1.31922;1.31943;97
20260621 1742;1.31943;1.31974;1.31913;1.31954;158
20260621 1745;1.31954;1.31965;1.31912;1.31951;88
20260621 1748;1.31951;1.31987;1.31934;1.31958;111
20260621 1751;1.31958;1.31966;1.31926;1.31938;122
20260621 1754;1.31938;1.31944;1.31937;1.31944;12
20260621 1757;1.31944;1.31945;1.31883;1.31892;51
20260621 1800;1.31892;1.32063;1.31892;1.32062;300
20260621 1803;1.32062;1.32106;1.32046;1.32092;242
20260621 1806;1.32092;1.32092;1.32032;1.32046;265
20260621 1809;1.32046;1.32055;1.32024;1.32035;337
20260621 1812;1.32035;1.32043;1.3202;1.32035;219
20260621 1815;1.32035;1.32085;1.32035;1.32082;232
20260621 1818;1.32082;1.3211;1.32079;1.321;198
20260621 1821;1.321;1.32101;1.32091;1.32098;104
20260621 1824;1.32098;1.32102;1.32082;1.32086;92
20260621 1827;1.32086;1.32089;1.32064;1.32069;112
20260621 1830;1.32069;1.32074;1.32055;1.32064;151
20260621 1833;1.32064;1.32065;1.32046;1.32046;151
20260621 1836;1.32046;1.32066;1.32046;1.32064;91
20260621 1839;1.32064;1.32065;1.32047;1.3205;82
20260621 1842;1.3205;1.32064;1.32048;1.32056;103
20260621 1845;1.32056;1.32063;1.32049;1.32052;89
20260621 1848;1.32052;1.32077;1.32052;1.32072;153
20260621 1851;1.32072;1.32074;1.32067;1.32073;20
20260621 1854;1.32073;1.32076;1.32068;1.3207;78
20260621 1857;1.3207;1.32072;1.32066;1.32072;29
20260621 1900;1.32072;1.32091;1.32071;1.32079;242
20260621 1903;1.32079;1.32087;1.32075;1.3208;95
20260621 1906;1.3208;1.32091;1.32074;1.32085;84
20260621 1909;1.32085;1.32094;1.32082;1.32085;189
20260621 1912;1.32085;1.32087;1.32074;1.32077;120
20260621 1915;1.32077;1.32078;1.3206;1.32072;226
20260621 1918;1.32072;1.32076;1.32053;1.32065;196
20260621 1921;1.32065;1.32093;1.3206;1.32093;135
20260621 1924;1.32093;1.32093;1.3208;1.32081;164
20260621 1927;1.32081;1.32095;1.32078;1.32095;88
20260621 1930;1.32095;1.32095;1.3208;1.32085;142
20260621 1933;1.32085;1.32086;1.32071;1.32074;107
20260621 1936;1.32074;1.32076;1.32053;1.32057;230
20260621 1939;1.32057;1.32065;1.3203;1.32033;251
20260621 1942;1.32033;1.32035;1.32022;1.32032;261
20260621 1945;1.32032;1.32046;1.32027;1.32037;240
20260621 1948;1.32037;1.32037;1.32017;1.32022;274
20260621 1951;1.32022;1.3203;1.32012;1.32025;284
20260621 1954;1.32025;1.32037;1.32023;1.32036;275
20260621 1957;1.32036;1.32075;1.32036;1.32074;361
20260621 2000;1.32074;1.32146;1.32074;1.32122;1064
20260621 2003;1.32122;1.32133;1.3211;1.32114;518
20260621 2006;1.32114;1.32124;1.32103;1.32119;424
20260621 2009;1.32119;1.32144;1.32115;1.32116;487
20260621 2012;1.32116;1.32141;1.32114;1.32127;519
20260621 2015;1.32127;1.32142;1.32122;1.32125;475
20260621 2018;1.32125;1.32142;1.32118;1.32122;401
20260621 2021;1.32122;1.32125;1.32102;1.32125;462
20260621 2024;1.32125;1.32142;1.32115;1.32141;472
20260621 2027;1.32141;1.32168;1.32122;1.3214;507
20260621 2030;1.3214;1.32146;1.32127;1.32131;347
20260621 2033;1.32131;1.32143;1.32122;1.32135;415
20260621 2036;1.32135;1.32144;1.32124;1.32143;273
20260621 2039;1.32143;1.32153;1.32125;1.32133;359
20260621 2042;1.32133;1.32133;1.32123;1.32126;370
20260621 2045;1.32126;1.32135;1.32113;1.32121;406
20260621 2048;1.32121;1.32123;1.32109;1.32121;511
20260621 2051;1.32121;1.32145;1.3212;1.32131;641
20260621 2054;1.32131;1.32195;1.32124;1.3219;871
20260621 2057;1.3219;1.32224;1.32187;1.32221;783
20260621 2100;1.32221;1.3227;1.32221;1.32263;1595
20260621 2103;1.32263;1.32333;1.32261;1.32328;1002
20260621 2106;1.32328;1.32336;1.32317;1.32324;746
20260621 2109;1.32324;1.3233;1.323;1.32313;496
20260621 2112;1.32313;1.32324;1.32294;1.32307;620
20260621 2115;1.32307;1.32313;1.32252;1.32262;664
20260621 2118;1.32262;1.32266;1.32235;1.32254;504
20260621 2121;1.32254;1.32256;1.3223;1.32238;412
20260621 2124;1.32238;1.32254;1.32225;1.32251;677
20260621 2127;1.32251;1.32266;1.32251;1.32257;727
20260621 2130;1.32257;1.32257;1.32216;1.32233;750
20260621 2133;1.32233;1.3224;1.32214;1.32216;377
20260621 2136;1.32216;1.32258;1.32211;1.32252;470
20260621 2139;1.32252;1.32253;1.32219;1.32225;365
20260621 2142;1.32225;1.32251;1.32221;1.32249;467
20260621 2145;1.32249;1.32258;1.32241;1.32256;415
20260621 2148;1.32256;1.3226;1.32226;1.32241;424
20260621 2151;1.32241;1.32247;1.3222;1.32224;440
20260621 2154;1.32224;1.32233;1.32215;1.32223;315
20260621 2157;1.32223;1.32226;1.32197;1.32198;338
20260621 2200;1.32198;1.32212;1.32189;1.32211;444
20260621 2203;1.32211;1.32216;1.32194;1.32215;405
20260621 2206;1.32215;1.32238;1.32205;1.32223;277
20260621 2209;1.32223;1.32234;1.32216;1.32225;344
20260621 2212;1.32225;1.32225;1.32186;1.32187;245
20260621 2215;1.32187;1.32193;1.32175;1.32177;281
20260621 2218;1.32177;1.32194;1.32177;1.32187;282
20260621 2221;1.32187;1.32207;1.32174;1.32197;341
20260621 2224;1.32197;1.32206;1.32194;1.32196;292
20260621 2227;1.32196;1.32201;1.32184;1.32201;304
20260621 2230;1.32201;1.32226;1.322;1.32225;336
20260621 2233;1.32225;1.32272;1.32223;1.32246;446
20260621 2236;1.32246;1.32255;1.3224;1.32241;278
20260621 2239;1.32241;1.32252;1.32235;1.32252;308
20260621 2242;1.32252;1.32253;1.32246;1.3225;294
20260621 2245;1.3225;1.32254;1.32241;1.32241;319
20260621 2248;1.32241;1.32251;1.32235;1.32251;428
20260621 2251;1.32251;1.32263;1.32243;1.32253;384
20260621 2254;1.32253;1.32275;1.32252;1.32266;373
20260621 2257;1.32266;1.32275;1.32247;1.32248;402
20260621 2300;1.32248;1.32265;1.32232;1.32262;639
20260621 2303;1.32262;1.32272;1.32241;1.32243;601
20260621 2306;1.32243;1.32269;1.32241;1.32254;476
20260621 2309;1.32254;1.3226;1.32234;1.32244;502
20260621 2312;1.32244;1.32245;1.32223;1.32233;338
20260621 2315;1.32233;1.32252;1.32231;1.32233;349
20260621 2318;1.32233;1.32255;1.32232;1.32255;406
20260621 2321;1.32255;1.32259;1.3224;1.32254;355
20260621 2324;1.32254;1.32262;1.32227;1.32229;330
20260621 2327;1.32229;1.32234;1.32223;1.32232;334
20260621 2330;1.32232;1.3225;1.32222;1.32222;382
20260621 2333;1.32222;1.32223;1.32195;1.32197;489
20260621 2336;1.32197;1.322;1.32184;1.32194;447
20260621 2339;1.32194;1.32198;1.32184;1.32184;348
20260621 2342;1.32184;1.32185;1.32169;1.32173;368
20260621 2345;1.32173;1.32202;1.32171;1.32197;383
20260621 2348;1.32197;1.32206;1.32195;1.32197;225
20260621 2351;1.32197;1.32197;1.32181;1.3219;244
20260621 2354;1.3219;1.3219;1.32141;1.32141;249
20260621 2357;1.32141;1.32142;1.32093;1.32123;855
20260622 0000;1.32123;1.32131;1.321;1.32116;761
20260622 0003;1.32116;1.32123;1.32103;1.32105;314
20260622 0006;1.32105;1.32105;1.32075;1.32083;388
20260622 0009;1.32083;1.32093;1.32065;1.32093;421
20260622 0012;1.32093;1.32102;1.32063;1.32066;424
20260622 0015;1.32066;1.32073;1.32048;1.3205;336
20260622 0018;1.3205;1.32054;1.32038;1.32042;420
20260622 0021;1.32042;1.32069;1.32037;1.32064;355
20260622 0024;1.32064;1.32079;1.32058;1.32061;334
20260622 0027;1.32061;1.32061;1.32045;1.32055;280
20260622 0030;1.32055;1.32077;1.32052;1.32073;253
20260622 0033;1.32073;1.32084;1.32064;1.32073;238
20260622 0036;1.32073;1.32081;1.32064;1.32077;294
20260622 0039;1.32077;1.32091;1.3207;1.32072;233
20260622 0042;1.32072;1.32075;1.32063;1.32072;232
20260622 0045;1.32072;1.32095;1.32063;1.32065;584
20260622 0048;1.32065;1.3207;1.32051;1.32061;316
20260622 0051;1.32061;1.32072;1.32061;1.32064;340
20260622 0054;1.32064;1.32065;1.32046;1.32053;177
20260622 0057;1.32053;1.32072;1.32051;1.32072;368
20260622 0100;1.32072;1.32096;1.3207;1.32094;390
20260622 0103;1.32094;1.32101;1.32089;1.32092;332
20260622 0106;1.32092;1.32102;1.32084;1.32099;379
20260622 0109;1.32099;1.32105;1.32088;1.32098;327
20260622 0112;1.32098;1.32114;1.32094;1.3211;380
20260622 0115;1.3211;1.32115;1.32102;1.32115;289
20260622 0118;1.32115;1.32127;1.32109;1.32126;347
20260622 0121;1.32126;1.3214;1.3212;1.32135;266
20260622 0124;1.32135;1.32159;1.32134;1.32153;278
20260622 0127;1.32153;1.32162;1.32144;1.3216;369
20260622 0130;1.3216;1.32172;1.32153;1.3217;399
20260622 0133;1.3217;1.32183;1.3217;1.3218;382
20260622 0136;1.3218;1.32207;1.32179;1.32197;487
20260622 0139;1.32197;1.32202;1.32176;1.32179;397
20260622 0142;1.32179;1.32198;1.32176;1.32184;364
20260622 0145;1.32184;1.32185;1.32163;1.32167;374
20260622 0148;1.32167;1.32175;1.32155;1.32162;384
20260622 0151;1.32162;1.32175;1.3215;1.32173;330
20260622 0154;1.32173;1.32176;1.32124;1.32124;356
20260622 0157;1.32124;1.32125;1.32086;1.32089;683
20260622 0200;1.32089;1.32118;1.32059;1.32107;1015
20260622 0203;1.32107;1.32116;1.32084;1.32105;781
20260622 0206;1.32105;1.32145;1.32104;1.32134;497
20260622 0209;1.32134;1.32165;1.32125;1.32131;494
20260622 0212;1.32131;1.32143;1.32105;1.3214;541
20260622 0215;1.3214;1.32151;1.32129;1.32142;701
20260622 0218;1.32142;1.32143;1.32085;1.32104;727
20260622 0221;1.32104;1.32111;1.32074;1.32082;450
20260622 0224;1.32082;1.32123;1.32074;1.32116;652
20260622 0227;1.32116;1.32121;1.32085;1.32085;716
20260622 0230;1.32085;1.32091;1.32045;1.32052;1147
20260622 0233;1.32052;1.32076;1.32044;1.32075;468
20260622 0236;1.32075;1.32082;1.32051;1.32052;530
20260622 0239;1.32052;1.32055;1.32031;1.32053;618
20260622 0242;1.32053;1.32055;1.32022;1.32024;507
20260622 0245;1.32024;1.32032;1.3201;1.32032;586
20260622 0248;1.32032;1.32054;1.3203;1.32051;454
20260622 0251;1.32051;1.32076;1.32041;1.32074;576
20260622 0254;1.32074;1.32129;1.32071;1.32122;738
20260622 0257;1.32122;1.3213;1.32088;1.321;823
20260622 0300;1.321;1.32118;1.32078;1.3211;895
20260622 0303;1.3211;1.32113;1.32062;1.32113;897
20260622 0306;1.32113;1.32116;1.32092;1.3211;895
20260622 0309;1.3211;1.32166;1.32104;1.32121;860
20260622 0312;1.32121;1.32172;1.32119;1.32163;840
20260622 0315;1.32163;1.32183;1.32136;1.32142;983
20260622 0318;1.32142;1.32147;1.32107;1.32109;754
20260622 0321;1.32109;1.3211;1.32063;1.32066;739
20260622 0324;1.32066;1.32068;1.32034;1.32036;767
20260622 0327;1.32036;1.32056;1.32014;1.32015;902
20260622 0330;1.32015;1.32015;1.31952;1.31995;1083
20260622 0333;1.31995;1.32016;1.31962;1.31974;723
20260622 0336;1.31974;1.31978;1.31929;1.31942;674
20260622 0339;1.31942;1.31964;1.31933;1.31937;465
20260622 0342;1.31937;1.31946;1.31925;1.31943;376
20260622 0345;1.31943;1.31945;1.31926;1.31929;451
20260622 0348;1.31929;1.31964;1.31928;1.31962;445
20260622 0351;1.31962;1.31963;1.31925;1.31942;522
20260622 0354;1.31942;1.31968;1.31924;1.31924;552
20260622 0357;1.31924;1.31956;1.31895;1.31941;755
20260622 0400;1.31941;1.31969;1.31941;1.31943;699
20260622 0403;1.31943;1.31953;1.31893;1.31913;520
20260622 0406;1.31913;1.31915;1.31851;1.31853;653
20260622 0409;1.31853;1.31895;1.31847;1.31862;602
20260622 0412;1.31862;1.31918;1.31862;1.31906;415
20260622 0415;1.31906;1.31906;1.31835;1.31854;572
20260622 0418;1.31854;1.31934;1.31835;1.31933;604
20260622 0421;1.31933;1.32108;1.31927;1.32051;2369
20260622 0424;1.32051;1.32072;1.31939;1.31945;1029
20260622 0427;1.31945;1.31974;1.31935;1.31944;794
20260622 0430;1.31944;1.31994;1.31934;1.31989;878
20260622 0433;1.31989;1.32113;1.31949;1.32032;1658
20260622 0436;1.32032;1.32042;1.31921;1.31921;800
20260622 0439;1.31921;1.31956;1.31915;1.31916;989
20260622 0442;1.31916;1.31971;1.31913;1.3197;694
20260622 0445;1.3197;1.32017;1.31962;1.32016;696
20260622 0448;1.32016;1.32095;1.32013;1.32087;739
20260622 0451;1.32087;1.32087;1.32028;1.32055;604
20260622 0454;1.32055;1.32088;1.32051;1.32053;577
20260622 0457;1.32053;1.32067;1.32024;1.32058;906
20260622 0500;1.32058;1.32121;1.32053;1.32121;780
20260622 0503;1.32121;1.32227;1.32097;1.32223;1240
20260622 0506;1.32223;1.32272;1.32188;1.32213;1260
20260622 0509;1.32213;1.32235;1.32202;1.32215;642
20260622 0512;1.32215;1.32235;1.3219;1.32234;669
20260622 0515;1.32234;1.32238;1.3221;1.32213;512
20260622 0518;1.32213;1.32257;1.3221;1.32244;504
20260622 0521;1.32244;1.32244;1.32201;1.32233;678
20260622 0524;1.32233;1.32256;1.32217;1.32235;738
20260622 0527;1.32235;1.32237;1.322;1.32237;563
20260622 0530;1.32237;1.32247;1.32216;1.32246;645
20260622 0533;1.32246;1.32309;1.32233;1.32246;1034
20260622 0536;1.32246;1.32264;1.32212;1.32264;577
20260622 0539;1.32264;1.32269;1.32243;1.32255;611
20260622 0542;1.32255;1.32279;1.32242;1.32266;429
20260622 0545;1.32266;1.32328;1.32264;1.32319;495
20260622 0548;1.32319;1.32333;1.32303;1.32319;539
20260622 0551;1.32319;1.32349;1.32303;1.32343;627
20260622 0554;1.32343;1.32346;1.32304;1.32309;493
20260622 0557;1.32309;1.32313;1.32284;1.32284;500
20260622 0600;1.32284;1.3231;1.3228;1.32297;678
20260622 0603;1.32297;1.32326;1.32293;1.32318;418
20260622 0606;1.32318;1.32386;1.32318;1.32386;1000
20260622 0609;1.32386;1.32477;1.32373;1.32375;1476
20260622 0612;1.32375;1.32445;1.32363;1.32419;1001
20260622 0615;1.32419;1.32434;1.32391;1.32415;772
20260622 0618;1.32415;1.32449;1.32404;1.32429;505
20260622 0621;1.32429;1.32462;1.32404;1.32445;652
20260622 0624;1.32445;1.32456;1.32423;1.32424;603
20260622 0627;1.32424;1.32435;1.32404;1.32435;713
20260622 0630;1.32435;1.32436;1.32388;1.32415;890
20260622 0633;1.32415;1.32416;1.32374;1.32377;691
20260622 0636;1.32377;1.32386;1.3236;1.32366;410
20260622 0639;1.32366;1.32391;1.32355;1.32379;368
20260622 0642;1.32379;1.32408;1.32379;1.32406;395
20260622 0645;1.32406;1.32446;1.32394;1.32396;404
20260622 0648;1.32396;1.32428;1.32392;1.32399;598
20260622 0651;1.32399;1.32415;1.32394;1.32407;465
20260622 0654;1.32407;1.32414;1.3237;1.32384;548
20260622 0657;1.32384;1.32385;1.32358;1.3237;926
20260622 0700;1.3237;1.32374;1.32316;1.32325;1110
20260622 0703;1.32325;1.32385;1.32323;1.32375;1588
20260622 0706;1.32375;1.32437;1.3237;1.32385;1904
20260622 0709;1.32385;1.32387;1.32347;1.32354;749
20260622 0712;1.32354;1.32365;1.32349;1.32361;618
20260622 0715;1.32361;1.32365;1.32342;1.32362;489
20260622 0718;1.32362;1.32386;1.32361;1.32386;368
20260622 0721;1.32386;1.32405;1.32356;1.32367;489
20260622 0724;1.32367;1.32376;1.32346;1.32352;414
20260622 0727;1.32352;1.32374;1.32341;1.32372;414
20260622 0730;1.32372;1.32416;1.32371;1.32415;495
20260622 0733;1.32415;1.32423;1.324;1.32402;409
20260622 0736;1.32402;1.32426;1.32388;1.32407;498
20260622 0739;1.32407;1.32407;1.32383;1.32403;501
20260622 0742;1.32403;1.32425;1.32393;1.32424;510
20260622 0745;1.32424;1.32426;1.32403;1.32416;734
20260622 0748;1.32416;1.32437;1.32409;1.32425;607
20260622 0751;1.32425;1.32426;1.3238;1.32381;775
20260622 0754;1.32381;1.32392;1.32355;1.32355;948
20260622 0757;1.32355;1.32369;1.32353;1.32353;828
20260622 0800;1.32353;1.32373;1.32346;1.32372;997
20260622 0803;1.32372;1.32473;1.32371;1.32444;1261
20260622 0806;1.32444;1.32494;1.32433;1.32483;1003
20260622 0809;1.32483;1.3252;1.32464;1.3252;868
20260622 0812;1.3252;1.32554;1.32514;1.32521;790
20260622 0815;1.32521;1.32523;1.32472;1.32485;634
20260622 0818;1.32485;1.32528;1.32477;1.32519;677
20260622 0821;1.32519;1.32587;1.32519;1.32585;918
20260622 0824;1.32585;1.32594;1.32551;1.32562;660
20260622 0827;1.32562;1.32596;1.32542;1.32595;527
20260622 0830;1.32595;1.32643;1.32586;1.32643;776
20260622 0833;1.32643;1.32704;1.32616;1.32695;1091
20260622 0836;1.32695;1.32718;1.32676;1.32686;995
20260622 0839;1.32686;1.32723;1.32681;1.32707;826
20260622 0842;1.32707;1.32731;1.32695;1.327;839
20260622 0845;1.327;1.32705;1.3267;1.32693;659
20260622 0848;1.32693;1.32717;1.32673;1.32682;830
20260622 0851;1.32682;1.32684;1.32656;1.32665;841
20260622 0854;1.32665;1.32673;1.32631;1.32636;845
20260622 0857;1.32636;1.32644;1.32572;1.32614;859
20260622 0900;1.32614;1.32616;1.32528;1.3257;2482
20260622 0903;1.3257;1.32656;1.32564;1.32641;1034
20260622 0906;1.32641;1.32641;1.3257;1.32605;1044
20260622 0909;1.32605;1.32634;1.32569;1.3262;1200
20260622 0912;1.3262;1.32636;1.32585;1.32621;1076
20260622 0915;1.32621;1.32646;1.32603;1.32639;943
20260622 0918;1.32639;1.32648;1.32604;1.32637;848
20260622 0921;1.32637;1.32644;1.32582;1.32602;989
20260622 0924;1.32602;1.32606;1.32522;1.32522;1275
20260622 0927;1.32522;1.32525;1.32496;1.32503;864
20260622 0930;1.32503;1.32549;1.32492;1.32542;1264
20260622 0933;1.32542;1.32545;1.32499;1.32514;1097
20260622 0936;1.32514;1.32576;1.32514;1.32541;1222
20260622 0939;1.32541;1.32557;1.32448;1.32451;1174
20260622 0942;1.32451;1.32471;1.32413;1.32433;1346
20260622 0945;1.32433;1.32486;1.3242;1.32484;1530
20260622 0948;1.32484;1.32491;1.32424;1.32427;1387
20260622 0951;1.32427;1.32443;1.32412;1.32435;1194
20260622 0954;1.32435;1.32437;1.32379;1.3238;1181
20260622 0957;1.3238;1.32415;1.32379;1.32388;728
20260622 1000;1.32388;1.32408;1.32377;1.32382;835
20260622 1003;1.32382;1.32485;1.3238;1.32472;1185
20260622 1006;1.32472;1.32605;1.3246;1.3256;3180
20260622 1009;1.3256;1.32568;1.32489;1.32489;2024
20260622 1012;1.32489;1.32562;1.32489;1.32559;1159
20260622 1015;1.32559;1.32586;1.325;1.32503;1450
20260622 1018;1.32503;1.32534;1.32486;1.32525;1345
20260622 1021;1.32525;1.32552;1.3251;1.32531;1413
20260622 1024;1.32531;1.32577;1.32524;1.32567;1124
20260622 1027;1.32567;1.32584;1.32555;1.32559;1192
20260622 1030;1.32559;1.32564;1.32482;1.32482;1181
20260622 1033;1.32482;1.32487;1.32413;1.32432;1066
20260622 1036;1.32432;1.32442;1.32395;1.32412;1213
20260622 1039;1.32412;1.32425;1.32391;1.32412;1165
20260622 1042;1.32412;1.32479;1.32408;1.32445;2202
20260622 1045;1.32445;1.32538;1.32444;1.32505;2248
20260622 1048;1.32505;1.32588;1.32498;1.32572;2123
20260622 1051;1.32572;1.32651;1.32554;1.32622;2524
20260622 1054;1.32622;1.32631;1.32508;1.32535;1964
20260622 1057;1.32535;1.32642;1.32522;1.32622;1851
20260622 1100;1.32622;1.32661;1.3261;1.32652;1573
20260622 1103;1.32652;1.32667;1.32631;1.3266;1078
20260622 1106;1.3266;1.32673;1.32623;1.32645;1125
20260622 1109;1.32645;1.32653;1.32606;1.32613;1003
20260622 1112;1.32613;1.32617;1.32587;1.32608;966
20260622 1115;1.32608;1.32623;1.32586;1.32597;1031
20260622 1118;1.32597;1.32608;1.32576;1.32583;1056
20260622 1121;1.32583;1.32616;1.32581;1.32616;1058
20260622 1124;1.32616;1.32616;1.32561;1.3257;1232
20260622 1127;1.3257;1.32573;1.32541;1.32556;1023
20260622 1130;1.32556;1.32566;1.32537;1.32543;825
20260622 1133;1.32543;1.32549;1.32518;1.32542;1054
20260622 1136;1.32542;1.32546;1.32521;1.32531;602
20260622 1139;1.32531;1.32545;1.32521;1.32522;561
20260622 1142;1.32522;1.32545;1.32521;1.32524;593
20260622 1145;1.32524;1.32525;1.32491;1.32505;737
20260622 1148;1.32505;1.32522;1.32457;1.32486;998
20260622 1151;1.32486;1.32495;1.32471;1.32485;766
20260622 1154;1.32485;1.32494;1.32458;1.32465;699
20260622 1157;1.32465;1.32482;1.3246;1.32472;667
20260622 1200;1.32472;1.32485;1.32443;1.32446;706
20260622 1203;1.32446;1.32446;1.32419;1.32427;816
20260622 1206;1.32427;1.32453;1.32423;1.32452;575
20260622 1209;1.32452;1.32455;1.32412;1.32422;620
20260622 1212;1.32422;1.32453;1.32411;1.32445;872
20260622 1215;1.32445;1.32446;1.3242;1.32445;721
20260622 1218;1.32445;1.32462;1.32419;1.32461;806
20260622 1221;1.32461;1.3247;1.32433;1.32442;934
20260622 1224;1.32442;1.32442;1.32419;1.3243;861
20260622 1227;1.3243;1.32434;1.32414;1.32417;654
20260622 1230;1.32417;1.32419;1.32397;1.32408;699
20260622 1233;1.32408;1.32423;1.32405;1.32423;545
20260622 1236;1.32423;1.32453;1.32423;1.3244;750
20260622 1239;1.3244;1.32442;1.32417;1.32417;617
20260622 1242;1.32417;1.32423;1.32399;1.32411;509
20260622 1245;1.32411;1.32425;1.32401;1.32423;516
20260622 1248;1.32423;1.32433;1.3241;1.32432;530
20260622 1251;1.32432;1.32454;1.3243;1.32448;412
20260622 1254;1.32448;1.32453;1.3243;1.32435;517
20260622 1257;1.32435;1.32469;1.32429;1.32445;947
20260622 1300;1.32445;1.3246;1.32436;1.32448;657
20260622 1303;1.32448;1.32457;1.3244;1.32448;561
20260622 1306;1.32448;1.32449;1.32434;1.32446;365
20260622 1309;1.32446;1.32456;1.3243;1.32438;450
20260622 1312;1.32438;1.32444;1.32426;1.32428;314
20260622 1315;1.32428;1.32441;1.32428;1.32435;462
20260622 1318;1.32435;1.32445;1.32432;1.32441;543
20260622 1321;1.32441;1.3245;1.3244;1.32444;324
20260622 1324;1.32444;1.32451;1.3244;1.32449;495
20260622 1327;1.32449;1.32454;1.32421;1.32421;569
20260622 1330;1.32421;1.32433;1.32419;1.32425;488
20260622 1333;1.32425;1.32428;1.32406;1.32408;576
20260622 1336;1.32408;1.3242;1.32404;1.32412;566
20260622 1339;1.32412;1.32422;1.3241;1.32413;439
20260622 1342;1.32413;1.32424;1.32411;1.3242;360
20260622 1345;1.3242;1.32439;1.32418;1.32435;408
20260622 1348;1.32435;1.32454;1.3243;1.32431;405
20260622 1351;1.32431;1.32448;1.3243;1.32446;472
20260622 1354;1.32446;1.32453;1.32445;1.3245;194
20260622 1357;1.3245;1.32453;1.32436;1.32441;333
20260622 1400;1.32441;1.32448;1.32434;1.32438;403
20260622 1403;1.32438;1.32443;1.3243;1.32432;440
20260622 1406;1.32432;1.32446;1.3243;1.32442;271
20260622 1409;1.32442;1.32461;1.32439;1.32458;276
20260622 1412;1.32458;1.32459;1.32439;1.3244;426
20260622 1415;1.3244;1.32449;1.32438;1.3244;385
20260622 1418;1.3244;1.32459;1.32437;1.32457;364
20260622 1421;1.32457;1.32459;1.32439;1.32441;573
20260622 1424;1.32441;1.3246;1.32439;1.32458;392
20260622 1427;1.32458;1.32458;1.32439;1.32444;508
20260622 1430;1.32444;1.32445;1.32405;1.32414;433
20260622 1433;1.32414;1.32433;1.3241;1.32426;346
20260622 1436;1.32426;1.32439;1.3242;1.32423;329
20260622 1439;1.32423;1.32425;1.32405;1.32414;220
20260622 1442;1.32414;1.32425;1.32414;1.32425;274
20260622 1445;1.32425;1.32443;1.32424;1.32439;348
20260622 1448;1.32439;1.3244;1.32428;1.32436;365
20260622 1451;1.32436;1.32457;1.32429;1.32452;469
20260622 1454;1.32452;1.32458;1.32433;1.32444;645
20260622 1457;1.32444;1.32444;1.32415;1.32436;765
20260622 1500;1.32436;1.32446;1.32423;1.32433;575
20260622 1503;1.32433;1.32442;1.32422;1.32425;489
20260622 1506;1.32425;1.32435;1.32422;1.32431;513
20260622 1509;1.32431;1.32451;1.3243;1.3244;451
20260622 1512;1.3244;1.32446;1.32432;1.32442;331
20260622 1515;1.32442;1.3245;1.32423;1.32438;418
20260622 1518;1.32438;1.32455;1.32434;1.32444;467
20260622 1521;1.32444;1.32455;1.32438;1.32454;395
20260622 1524;1.32454;1.32462;1.32442;1.32453;510
20260622 1527;1.32453;1.32457;1.32443;1.32444;486
20260622 1530;1.32444;1.32446;1.32424;1.32425;620
20260622 1533;1.32425;1.32434;1.32419;1.32419;489
20260622 1536;1.32419;1.32441;1.32415;1.32431;453
20260622 1539;1.32431;1.32443;1.32429;1.32442;385
20260622 1542;1.32442;1.32443;1.32423;1.32424;419
20260622 1545;1.32424;1.32434;1.32414;1.32434;511
20260622 1548;1.32434;1.3245;1.32431;1.32448;540
20260622 1551;1.32448;1.32483;1.32439;1.32482;566
20260622 1554;1.32482;1.32496;1.32451;1.32456;815
20260622 1557;1.32456;1.32481;1.32453;1.32478;572
20260622 1600;1.32478;1.32497;1.3247;1.32495;575
20260622 1603;1.32495;1.32511;1.32482;1.32511;482
20260622 1606;1.32511;1.32511;1.32499;1.325;330
20260622 1609;1.325;1.32518;1.32496;1.32509;297
20260622 1612;1.32509;1.32511;1.32499;1.32503;153
20260622 1615;1.32503;1.32503;1.32494;1.32501;144
20260622 1618;1.32501;1.32504;1.32485;1.32492;164
20260622 1621;1.32492;1.32493;1.32471;1.32472;200
20260622 1624;1.32472;1.32474;1.32469;1.32474;52
20260622 1627;1.32474;1.32494;1.32473;1.32482;137
20260622 1630;1.32482;1.32483;1.32478;1.32479;58
20260622 1633;1.32479;1.32491;1.32477;1.32481;123
20260622 1636;1.32481;1.32481;1.32473;1.3248;111
20260622 1639;1.3248;1.32482;1.32477;1.32482;108
20260622 1642;1.32482;1.32491;1.3248;1.32488;202
20260622 1645;1.32488;1.32488;1.32474;1.32476;191
20260622 1648;1.32476;1.32485;1.32476;1.32483;195
20260622 1651;1.32483;1.32494;1.32482;1.32492;176
20260622 1654;1.32492;1.32498;1.32486;1.32494;176
20260622 1657;1.32494;1.32506;1.32479;1.32481;404
20260622 1703;1.32481;1.32481;1.32418;1.32422;8
20260622 1706;1.32422;1.32445;1.32422;1.32444;3
20260622 1709;1.32444;1.32447;1.32438;1.32447;4
20260622 1712;1.32447;1.32448;1.32439;1.32447;4
20260622 1718;1.32447;1.32447;1.3241;1.32429;63
20260622 1721;1.32429;1.32436;1.32414;1.32421;37
20260622 1724;1.32421;1.3246;1.32413;1.32446;108
20260622 1727;1.32446;1.32446;1.32414;1.32426;70
20260622 1730;1.32426;1.32448;1.32412;1.32428;184
20260622 1733;1.32428;1.32492;1.32417;1.32463;265
20260622 1736;1.32463;1.32511;1.32428;1.32473;530
20260622 1739;1.32473;1.32516;1.32422;1.32483;390
20260622 1742;1.32483;1.32502;1.32431;1.32447;260
20260622 1745;1.32447;1.32507;1.32447;1.32484;125
20260622 1748;1.32484;1.32518;1.32465;1.32511;212
20260622 1751;1.32511;1.32515;1.32468;1.32502;162
20260622 1754;1.32502;1.32506;1.32488;1.325;122
20260622 1757;1.325;1.32504;1.32436;1.32436;286
20260622 1800;1.32436;1.32521;1.32436;1.32513;142
20260622 1803;1.32513;1.32514;1.32485;1.32487;128
20260622 1806;1.32487;1.3249;1.32477;1.32478;67
20260622 1809;1.32478;1.32508;1.32477;1.32498;131
20260622 1812;1.32498;1.32498;1.32479;1.32495;67
20260622 1815;1.32495;1.32503;1.32481;1.32496;143
20260622 1818;1.32496;1.32503;1.32495;1.32501;63
20260622 1821;1.32501;1.32501;1.32491;1.32494;57
20260622 1824;1.32494;1.32495;1.32482;1.32486;54
20260622 1827;1.32486;1.32491;1.32486;1.32486;50
20260622 1830;1.32486;1.32491;1.32486;1.3249;20
20260622 1833;1.3249;1.3249;1.32479;1.3248;32
20260622 1836;1.3248;1.3248;1.3247;1.32472;84
20260622 1839;1.32472;1.32473;1.32456;1.3246;88
20260622 1842;1.3246;1.32468;1.32458;1.32466;66
20260622 1845;1.32466;1.32472;1.32465;1.3247;48
20260622 1848;1.3247;1.32473;1.3247;1.32472;45
20260622 1851;1.32472;1.32472;1.32462;1.32465;57
20260622 1854;1.32465;1.32478;1.32464;1.32477;77
20260622 1857;1.32477;1.32484;1.32477;1.32481;65
20260622 1900;1.32481;1.32497;1.3248;1.32492;149
20260622 1903;1.32492;1.32492;1.32482;1.32486;133
20260622 1906;1.32486;1.32492;1.32486;1.3249;79
20260622 1909;1.3249;1.32492;1.3248;1.32484;73
20260622 1912;1.32484;1.32486;1.32478;1.32479;69
20260622 1915;1.32479;1.3248;1.32477;1.3248;38
20260622 1918;1.3248;1.32481;1.32476;1.32479;62
20260622 1921;1.32479;1.3248;1.3247;1.32473;69
20260622 1924;1.32473;1.32482;1.3247;1.32481;102
20260622 1927;1.32481;1.32489;1.32478;1.32478;98
20260622 1930;1.32478;1.32481;1.32477;1.3248;59
20260622 1933;1.3248;1.32481;1.32477;1.32481;30
20260622 1936;1.32481;1.32485;1.32479;1.32481;36
20260622 1939;1.32481;1.32483;1.32479;1.32481;48
20260622 1942;1.32481;1.32483;1.32469;1.32471;64
20260622 1945;1.32471;1.32472;1.3246;1.32471;155
20260622 1948;1.32471;1.32472;1.32462;1.32463;126
20260622 1951;1.32463;1.32473;1.32463;1.32472;132
20260622 1954;1.32472;1.32472;1.32459;1.32461;145
20260622 1957;1.32461;1.32472;1.32458;1.32467;208
20260622 2000;1.32467;1.3247;1.3245;1.32463;724
20260622 2003;1.32463;1.32467;1.32448;1.3246;509
20260622 2006;1.3246;1.3246;1.32445;1.3245;451
20260622 2009;1.3245;1.32454;1.32422;1.32434;475
20260622 2012;1.32434;1.32435;1.32413;1.32413;463
20260622 2015;1.32413;1.32427;1.32407;1.32408;453
20260622 2018;1.32408;1.32418;1.32399;1.32413;377
20260622 2021;1.32413;1.3242;1.324;1.32402;440
20260622 2024;1.32402;1.32414;1.324;1.32412;467
20260622 2027;1.32412;1.32424;1.32391;1.32416;528
20260622 2030;1.32416;1.3246;1.32415;1.32448;663
20260622 2033;1.32448;1.32449;1.32423;1.32424;369
20260622 2036;1.32424;1.32435;1.32424;1.32435;307
20260622 2039;1.32435;1.32439;1.32427;1.32435;289
20260622 2042;1.32435;1.3246;1.32427;1.32456;313
20260622 2045;1.32456;1.32479;1.32449;1.32464;605
20260622 2048;1.32464;1.32467;1.32449;1.32454;405
20260622 2051;1.32454;1.32458;1.32442;1.3245;510
20260622 2054;1.3245;1.32463;1.32449;1.32451;480
20260622 2057;1.32451;1.32455;1.32437;1.32449;487
20260622 2100;1.32449;1.32462;1.32402;1.32411;617
20260622 2103;1.32411;1.32447;1.3241;1.3243;587
20260622 2106;1.3243;1.32432;1.32405;1.32418;475
20260622 2109;1.32418;1.32426;1.32398;1.32402;475
20260622 2112;1.32402;1.32411;1.32398;1.32403;457
20260622 2115;1.32403;1.32411;1.32388;1.3239;451
20260622 2118;1.3239;1.32404;1.32389;1.32398;423
20260622 2121;1.32398;1.32411;1.32397;1.32409;396
20260622 2124;1.32409;1.32422;1.32408;1.32421;360
20260622 2127;1.32421;1.32428;1.32404;1.32409;409
20260622 2130;1.32409;1.32417;1.32401;1.32406;415
20260622 2133;1.32406;1.32422;1.32396;1.32414;492
20260622 2136;1.32414;1.32419;1.32403;1.32413;488
20260622 2139;1.32413;1.32429;1.3241;1.32427;422
20260622 2142;1.32427;1.32428;1.32412;1.32419;508
20260622 2145;1.32419;1.3242;1.32402;1.32409;528
20260622 2148;1.32409;1.32413;1.32391;1.32398;490
20260622 2151;1.32398;1.32444;1.32397;1.32434;748
20260622 2154;1.32434;1.32442;1.32419;1.32437;441
20260622 2157;1.32437;1.32457;1.3243;1.32431;404
20260622 2200;1.32431;1.32446;1.32425;1.32438;663
20260622 2203;1.32438;1.32471;1.32438;1.3246;592
20260622 2206;1.3246;1.32462;1.32441;1.32441;508
20260622 2209;1.32441;1.32452;1.32436;1.32443;487
20260622 2212;1.32443;1.32471;1.3244;1.32467;436
20260622 2215;1.32467;1.32485;1.32467;1.32481;472
20260622 2218;1.32481;1.32491;1.32476;1.32477;428
20260622 2221;1.32477;1.32489;1.32476;1.32484;355
20260622 2224;1.32484;1.32485;1.32473;1.32479;306
20260622 2227;1.32479;1.32486;1.3247;1.32477;370
20260622 2230;1.32477;1.32483;1.32466;1.3248;473
20260622 2233;1.3248;1.32481;1.32461;1.32471;451
20260622 2236;1.32471;1.32475;1.32468;1.32472;276
20260622 2239;1.32472;1.3248;1.32467;1.32478;374
20260622 2242;1.32478;1.32483;1.32471;1.32471;291
20260622 2245;1.32471;1.32472;1.32443;1.32446;453
20260622 2248;1.32446;1.32456;1.32444;1.32455;527
20260622 2251;1.32455;1.32457;1.32449;1.32454;265
20260622 2254;1.32454;1.32455;1.3243;1.32431;391
20260622 2257;1.32431;1.32432;1.32414;1.32417;395
20260622 2300;1.32417;1.3243;1.32414;1.32416;573
20260622 2303;1.32416;1.32428;1.32412;1.32416;480
20260622 2306;1.32416;1.32419;1.32388;1.3239;426
20260622 2309;1.3239;1.32393;1.32368;1.3237;387
20260622 2312;1.3237;1.32407;1.32369;1.32401;464
20260622 2315;1.32401;1.32403;1.32343;1.32357;506
20260622 2318;1.32357;1.32378;1.32342;1.3237;446
20260622 2321;1.3237;1.32392;1.32366;1.32385;333
20260622 2324;1.32385;1.32429;1.32384;1.32429;381
20260622 2327;1.32429;1.32434;1.32413;1.32428;389
20260622 2330;1.32428;1.32429;1.32411;1.32413;392
20260622 2333;1.32413;1.32424;1.32407;1.32419;315
20260622 2336;1.32419;1.32419;1.32397;1.32401;352
20260622 2339;1.32401;1.32418;1.32398;1.32414;302
20260622 2342;1.32414;1.32428;1.32411;1.32423;330
20260622 2345;1.32423;1.32431;1.3241;1.32417;300
20260622 2348;1.32417;1.32432;1.32414;1.32429;275
20260622 2351;1.32429;1.32441;1.32427;1.32429;245
20260622 2354;1.32429;1.3246;1.32428;1.32449;233
20260622 2357;1.32449;1.32494;1.32449;1.32487;421
20260623 0000;1.32487;1.32496;1.32466;1.32468;423
20260623 0003;1.32468;1.32484;1.32465;1.32474;237
20260623 0006;1.32474;1.32478;1.32469;1.32469;309
20260623 0009;1.32469;1.32478;1.32464;1.32466;314
20260623 0012;1.32466;1.32475;1.32454;1.32456;285
20260623 0015;1.32456;1.3246;1.32449;1.32457;288
20260623 0018;1.32457;1.32458;1.3245;1.32452;296
20260623 0021;1.32452;1.32452;1.3242;1.32424;436
20260623 0024;1.32424;1.32437;1.32423;1.32435;221
20260623 0027;1.32435;1.32437;1.32425;1.32427;340
20260623 0030;1.32427;1.32427;1.32397;1.32407;317
20260623 0033;1.32407;1.32417;1.32405;1.32409;340
20260623 0036;1.32409;1.32417;1.32399;1.32401;280
20260623 0039;1.32401;1.32408;1.32397;1.32403;268
20260623 0042;1.32403;1.32409;1.32401;1.32408;343
20260623 0045;1.32408;1.32413;1.32398;1.32408;220
20260623 0048;1.32408;1.32414;1.32404;1.32412;233
20260623 0051;1.32412;1.32412;1.32395;1.324;190
20260623 0054;1.324;1.32402;1.32373;1.32373;238
20260623 0057;1.32373;1.32376;1.32348;1.32366;467
20260623 0100;1.32366;1.32367;1.32338;1.32358;743
20260623 0103;1.32358;1.32379;1.32356;1.32379;404
20260623 0106;1.32379;1.32383;1.32367;1.32368;327
20260623 0109;1.32368;1.32373;1.32357;1.32366;395
20260623 0112;1.32366;1.32367;1.32357;1.32357;319
20260623 0115;1.32357;1.32376;1.32349;1.32376;466
20260623 0118;1.32376;1.32381;1.32368;1.32376;337
20260623 0121;1.32376;1.32378;1.32356;1.32367;298
20260623 0124;1.32367;1.32367;1.32351;1.32354;333
20260623 0127;1.32354;1.32369;1.32351;1.32369;374
20260623 0130;1.32369;1.32369;1.32354;1.32355;486
20260623 0133;1.32355;1.32388;1.32354;1.32385;435
20260623 0136;1.32385;1.32404;1.32384;1.32391;459
20260623 0139;1.32391;1.32396;1.32358;1.32368;383
20260623 0142;1.32368;1.32385;1.3235;1.32382;388
20260623 0145;1.32382;1.32384;1.3234;1.3234;623
20260623 0148;1.3234;1.32351;1.32331;1.32349;539
20260623 0151;1.32349;1.32381;1.32338;1.32381;500
20260623 0154;1.32381;1.3241;1.32381;1.32402;274
20260623 0157;1.32402;1.32426;1.32395;1.32424;249
20260623 0200;1.32424;1.32425;1.32379;1.3239;819
20260623 0203;1.3239;1.32418;1.32378;1.32394;804
20260623 0206;1.32394;1.32417;1.32376;1.324;746
20260623 0209;1.324;1.32409;1.32378;1.32386;673
20260623 0212;1.32386;1.32406;1.32378;1.32398;525
20260623 0215;1.32398;1.32411;1.32381;1.32398;752
20260623 0218;1.32398;1.32451;1.32395;1.32448;722
20260623 0221;1.32448;1.32461;1.32433;1.32446;795
20260623 0224;1.32446;1.3246;1.32394;1.32398;1727
20260623 0227;1.32398;1.32422;1.32383;1.32406;1789
20260623 0230;1.32406;1.32407;1.32355;1.32378;1371
20260623 0233;1.32378;1.32396;1.32367;1.32381;743
20260623 0236;1.32381;1.32387;1.32328;1.32328;1042
20260623 0239;1.32328;1.3236;1.32325;1.32344;628
20260623 0242;1.32344;1.32345;1.32309;1.32311;525
20260623 0245;1.32311;1.3232;1.32301;1.32312;598
20260623 0248;1.32312;1.32346;1.32287;1.32334;672
20260623 0251;1.32334;1.32345;1.32307;1.32319;680
20260623 0254;1.32319;1.3235;1.32318;1.32339;615
20260623 0257;1.32339;1.32361;1.32337;1.32344;539
20260623 0300;1.32344;1.32373;1.32308;1.32343;2204
20260623 0303;1.32343;1.32395;1.32341;1.32373;1533
20260623 0306;1.32373;1.32442;1.32361;1.32442;1277
20260623 0309;1.32442;1.32495;1.32438;1.32461;866
20260623 0312;1.32461;1.3247;1.32441;1.32452;915
20260623 0315;1.32452;1.32483;1.32452;1.3247;640
20260623 0318;1.3247;1.32494;1.32432;1.3247;735
20260623 0321;1.3247;1.3249;1.3245;1.3246;710
20260623 0324;1.3246;1.3246;1.32439;1.32449;741
20260623 0327;1.32449;1.32482;1.32449;1.32479;529
20260623 0330;1.32479;1.3248;1.32379;1.3238;1158
20260623 0333;1.3238;1.32412;1.32379;1.32379;1013
20260623 0336;1.32379;1.3238;1.32315;1.32328;1280
20260623 0339;1.32328;1.32341;1.3231;1.32311;1012
20260623 0342;1.32311;1.32311;1.32263;1.3228;1493
20260623 0345;1.3228;1.32316;1.32263;1.32302;933
20260623 0348;1.32302;1.3231;1.32256;1.32257;786
20260623 0351;1.32257;1.32258;1.32205;1.32219;1310
20260623 0354;1.32219;1.32242;1.32208;1.32238;1047
20260623 0357;1.32238;1.32267;1.32225;1.32263;1056
20260623 0400;1.32263;1.32341;1.32256;1.32326;1812
20260623 0403;1.32326;1.32356;1.32311;1.32348;1392
20260623 0406;1.32348;1.32354;1.32298;1.323;1201
20260623 0409;1.323;1.32326;1.32287;1.3232;1159
20260623 0412;1.3232;1.32324;1.32284;1.32288;692
20260623 0415;1.32288;1.32288;1.32239;1.32249;991
20260623 0418;1.32249;1.3227;1.32242;1.32257;564
20260623 0421;1.32257;1.32277;1.32227;1.32228;663
20260623 0424;1.32228;1.32238;1.32205;1.32205;833
20260623 0427;1.32205;1.32217;1.32186;1.32214;631
20260623 0430;1.32214;1.32214;1.3215;1.32156;935
20260623 0433;1.32156;1.32166;1.32133;1.3216;654
20260623 0436;1.3216;1.3217;1.32125;1.32152;658
20260623 0439;1.32152;1.32185;1.32152;1.32177;471
20260623 0442;1.32177;1.32202;1.32174;1.32188;528
20260623 0445;1.32188;1.32204;1.32175;1.32178;742
20260623 0448;1.32178;1.32181;1.32157;1.32176;556
20260623 0451;1.32176;1.32207;1.32163;1.322;715
20260623 0454;1.322;1.32227;1.32199;1.32224;891
20260623 0457;1.32224;1.32224;1.32177;1.32202;955
20260623 0500;1.32202;1.32246;1.32186;1.32225;1366
20260623 0503;1.32225;1.32234;1.32174;1.32183;530
20260623 0506;1.32183;1.32189;1.32166;1.32169;625
20260623 0509;1.32169;1.32191;1.32165;1.32176;560
20260623 0512;1.32176;1.32192;1.32164;1.32178;513
20260623 0515;1.32178;1.32189;1.32156;1.32167;419
20260623 0518;1.32167;1.32181;1.32157;1.32174;505
20260623 0521;1.32174;1.3221;1.32166;1.32205;603
20260623 0524;1.32205;1.32223;1.32193;1.32208;605
20260623 0527;1.32208;1.32232;1.32207;1.32232;552
20260623 0530;1.32232;1.32282;1.3223;1.32281;798
20260623 0533;1.32281;1.32285;1.32261;1.32271;855
20260623 0536;1.32271;1.3228;1.32234;1.32235;652
20260623 0539;1.32235;1.32259;1.32228;1.32245;538
20260623 0542;1.32245;1.32256;1.32227;1.32241;413
20260623 0545;1.32241;1.3225;1.32226;1.32229;393
20260623 0548;1.32229;1.32238;1.32216;1.3223;414
20260623 0551;1.3223;1.3226;1.32228;1.32249;485
20260623 0554;1.32249;1.32283;1.32249;1.3228;796
20260623 0557;1.3228;1.32307;1.32279;1.323;617
20260623 0600;1.323;1.32315;1.32289;1.32309;537
20260623 0603;1.32309;1.3231;1.32266;1.3227;449
20260623 0606;1.3227;1.32275;1.32235;1.32237;509
20260623 0609;1.32237;1.32237;1.3221;1.32215;567
20260623 0612;1.32215;1.32223;1.32192;1.32222;468
20260623 0615;1.32222;1.32243;1.32218;1.3224;394
20260623 0618;1.3224;1.32244;1.32179;1.32181;717
20260623 0621;1.32181;1.32197;1.32164;1.32195;990
20260623 0624;1.32195;1.32204;1.32182;1.3219;675
20260623 0627;1.3219;1.32191;1.32163;1.32165;388
20260623 0630;1.32165;1.32183;1.3215;1.32172;432
20260623 0633;1.32172;1.32199;1.32172;1.32195;330
20260623 0636;1.32195;1.32196;1.32174;1.32188;353
20260623 0639;1.32188;1.32199;1.32179;1.32189;551
20260623 0642;1.32189;1.32198;1.32181;1.32186;667
20260623 0645;1.32186;1.322;1.32167;1.32169;482
20260623 0648;1.32169;1.32177;1.32126;1.32139;1187
20260623 0651;1.32139;1.32148;1.32102;1.32136;1071
20260623 0654;1.32136;1.32169;1.32128;1.32159;781
20260623 0657;1.32159;1.32221;1.32159;1.32197;883
20260623 0700;1.32197;1.32253;1.32193;1.3224;662
20260623 0703;1.3224;1.32243;1.3219;1.32204;581
20260623 0706;1.32204;1.32234;1.32204;1.32226;503
20260623 0709;1.32226;1.32228;1.32185;1.32227;520
20260623 0712;1.32227;1.3224;1.32214;1.32237;429
20260623 0715;1.32237;1.32242;1.32215;1.32221;441
20260623 0718;1.32221;1.32265;1.32215;1.32256;615
20260623 0721;1.32256;1.32261;1.32213;1.32225;678
20260623 0724;1.32225;1.32225;1.32187;1.32205;358
20260623 0727;1.32205;1.32205;1.32162;1.32163;375
20260623 0730;1.32163;1.32167;1.32131;1.32143;531
20260623 0733;1.32143;1.32151;1.32129;1.32144;451
20260623 0736;1.32144;1.32144;1.32115;1.32124;740
20260623 0739;1.32124;1.32154;1.32124;1.32145;652
20260623 0742;1.32145;1.32162;1.32136;1.32152;409
20260623 0745;1.32152;1.32162;1.32122;1.32125;393
20260623 0748;1.32125;1.32159;1.32123;1.32154;485
20260623 0751;1.32154;1.32161;1.32103;1.32118;1281
20260623 0754;1.32118;1.32129;1.32089;1.3209;550
20260623 0757;1.3209;1.32098;1.32068;1.3208;829
20260623 0800;1.3208;1.32166;1.32069;1.3214;1220
20260623 0803;1.3214;1.32163;1.32136;1.3215;949
20260623 0806;1.3215;1.3219;1.32146;1.32189;321
20260623 0809;1.32189;1.32191;1.3216;1.32178;623
20260623 0812;1.32178;1.32185;1.32161;1.32164;662
20260623 0815;1.32164;1.32203;1.3214;1.32193;839
20260623 0818;1.32193;1.32193;1.32166;1.32179;719
20260623 0821;1.32179;1.3218;1.32109;1.32132;1277
20260623 0824;1.32132;1.32148;1.32108;1.32137;911
20260623 0827;1.32137;1.32138;1.32118;1.32122;619
20260623 0830;1.32122;1.32186;1.32118;1.32171;748
20260623 0833;1.32171;1.32191;1.32158;1.32181;789
20260623 0836;1.32181;1.32189;1.3217;1.32188;771
20260623 0839;1.32188;1.32191;1.32148;1.3215;632
20260623 0842;1.3215;1.32162;1.32129;1.3213;509
20260623 0845;1.3213;1.32155;1.32105;1.32116;905
20260623 0848;1.32116;1.32169;1.32115;1.3216;516
20260623 0851;1.3216;1.32162;1.32098;1.32116;828
20260623 0854;1.32116;1.3213;1.32106;1.32119;666
20260623 0857;1.32119;1.32124;1.32079;1.32117;912
20260623 0900;1.32117;1.3212;1.32072;1.32089;1111
20260623 0903;1.32089;1.32153;1.32088;1.3215;777
20260623 0906;1.3215;1.32171;1.3214;1.3215;813
20260623 0909;1.3215;1.32151;1.32097;1.32098;767
20260623 0912;1.32098;1.32104;1.32069;1.32069;689
20260623 0915;1.32069;1.32077;1.3205;1.32072;474
20260623 0918;1.32072;1.32114;1.32048;1.32084;881
20260623 0921;1.32084;1.32145;1.32079;1.32123;1052
20260623 0924;1.32123;1.32151;1.32115;1.32116;1041
20260623 0927;1.32116;1.32127;1.32104;1.32123;1039
20260623 0930;1.32123;1.32134;1.32071;1.32109;1828
20260623 0933;1.32109;1.3217;1.321;1.32159;1545
20260623 0936;1.32159;1.32185;1.32143;1.32158;1365
20260623 0939;1.32158;1.32193;1.32154;1.32178;1239
20260623 0942;1.32178;1.3219;1.32152;1.32155;631
20260623 0945;1.32155;1.32217;1.32153;1.32202;579
20260623 0948;1.32202;1.32221;1.32171;1.32179;1020
20260623 0951;1.32179;1.32216;1.32156;1.32201;1054
20260623 0954;1.32201;1.3221;1.32141;1.32147;940
20260623 0957;1.32147;1.32157;1.32117;1.32136;935
20260623 1000;1.32136;1.32153;1.32113;1.32125;994
20260623 1003;1.32125;1.32142;1.32102;1.32107;1006
20260623 1006;1.32107;1.32119;1.32066;1.32083;1050
20260623 1009;1.32083;1.32109;1.3205;1.32058;1250
20260623 1012;1.32058;1.32118;1.32057;1.32077;1248
20260623 1015;1.32077;1.32092;1.32055;1.32068;882
20260623 1018;1.32068;1.32078;1.32045;1.32078;937
20260623 1021;1.32078;1.32079;1.32034;1.32057;765
20260623 1024;1.32057;1.32057;1.32037;1.32049;816
20260623 1027;1.32049;1.32059;1.32029;1.32036;936
20260623 1030;1.32036;1.32043;1.3201;1.32041;1137
20260623 1033;1.32041;1.32069;1.32002;1.32012;1107
20260623 1036;1.32012;1.32013;1.31973;1.3198;1047
20260623 1039;1.3198;1.3199;1.3195;1.31951;823
20260623 1042;1.31951;1.31978;1.31948;1.31971;1059
20260623 1045;1.31971;1.32049;1.3197;1.32016;1145
20260623 1048;1.32016;1.32029;1.31986;1.31994;1161
20260623 1051;1.31994;1.32009;1.31972;1.31995;1232
20260623 1054;1.31995;1.32021;1.31979;1.31987;1347
20260623 1057;1.31987;1.32048;1.31986;1.32008;1069
20260623 1100;1.32008;1.32019;1.31959;1.31986;1015
20260623 1103;1.31986;1.32019;1.31944;1.31948;1367
20260623 1106;1.31948;1.31973;1.31939;1.31957;990
20260623 1109;1.31957;1.3197;1.31936;1.3197;928
20260623 1112;1.3197;1.31996;1.31963;1.31981;976
20260623 1115;1.31981;1.32021;1.31981;1.32012;855
20260623 1118;1.32012;1.32012;1.31975;1.31987;892
20260623 1121;1.31987;1.31996;1.31957;1.31971;967
20260623 1124;1.31971;1.31991;1.31968;1.31972;980
20260623 1127;1.31972;1.31982;1.31958;1.31962;837
20260623 1130;1.31962;1.31979;1.31955;1.31976;1150
20260623 1133;1.31976;1.31991;1.31952;1.31954;778
20260623 1136;1.31954;1.31971;1.31933;1.31936;682
20260623 1139;1.31936;1.31936;1.31864;1.31875;703
20260623 1142;1.31875;1.31905;1.31866;1.31888;620
20260623 1145;1.31888;1.31892;1.31856;1.31866;631
20260623 1148;1.31866;1.31868;1.31849;1.31865;543
20260623 1151;1.31865;1.31897;1.31864;1.31874;377
20260623 1154;1.31874;1.31893;1.3187;1.31878;434
20260623 1157;1.31878;1.31901;1.31866;1.31898;546
20260623 1200;1.31898;1.31908;1.31883;1.31888;837
20260623 1203;1.31888;1.31906;1.31886;1.31899;690
20260623 1206;1.31899;1.31911;1.31858;1.31887;665
20260623 1209;1.31887;1.31896;1.31876;1.31886;492
20260623 1212;1.31886;1.31947;1.31882;1.31939;720
20260623 1215;1.31939;1.31959;1.31915;1.31959;603
20260623 1218;1.31959;1.31967;1.31947;1.31966;502
20260623 1221;1.31966;1.31967;1.31939;1.31953;430
20260623 1224;1.31953;1.3197;1.31921;1.31921;415
20260623 1227;1.31921;1.31931;1.31905;1.31906;469
20260623 1230;1.31906;1.31906;1.31887;1.31898;547
20260623 1233;1.31898;1.319;1.31878;1.31888;357
20260623 1236;1.31888;1.31917;1.31888;1.31908;406
20260623 1239;1.31908;1.31929;1.31907;1.3192;472
20260623 1242;1.3192;1.31937;1.3191;1.31935;338
20260623 1245;1.31935;1.31935;1.31897;1.31914;426
20260623 1248;1.31914;1.31925;1.31901;1.31909;443
20260623 1251;1.31909;1.3191;1.31879;1.31894;513
20260623 1254;1.31894;1.31901;1.31875;1.31877;480
20260623 1257;1.31877;1.31879;1.31862;1.31866;530
20260623 1300;1.31866;1.31882;1.31856;1.31878;658
20260623 1303;1.31878;1.3188;1.31834;1.31838;588
20260623 1306;1.31838;1.3189;1.3183;1.31876;576
20260623 1309;1.31876;1.31881;1.31869;1.31879;375
20260623 1312;1.31879;1.31891;1.31876;1.31879;388
20260623 1315;1.31879;1.31888;1.31868;1.31869;310
20260623 1318;1.31869;1.31879;1.31858;1.3186;239
20260623 1321;1.3186;1.31887;1.31848;1.31876;345
20260623 1324;1.31876;1.31879;1.31854;1.31868;238
20260623 1327;1.31868;1.31872;1.3186;1.3186;268
20260623 1330;1.3186;1.3188;1.31855;1.31879;302
20260623 1333;1.31879;1.31891;1.31871;1.31872;250
20260623 1336;1.31872;1.31901;1.31871;1.31896;461
20260623 1339;1.31896;1.31912;1.31893;1.31909;348
20260623 1342;1.31909;1.31912;1.31898;1.31907;210
20260623 1345;1.31907;1.3191;1.31885;1.31888;288
20260623 1348;1.31888;1.31897;1.31883;1.31888;247
20260623 1351;1.31888;1.319;1.31879;1.31888;358
20260623 1354;1.31888;1.31899;1.31874;1.31882;325
20260623 1357;1.31882;1.31885;1.31869;1.31875;364
20260623 1400;1.31875;1.31889;1.31871;1.31876;445
20260623 1403;1.31876;1.31882;1.3186;1.3188;369
20260623 1406;1.3188;1.3188;1.31863;1.31871;194
20260623 1409;1.31871;1.31883;1.31869;1.31879;283
20260623 1412;1.31879;1.31881;1.31869;1.31877;266
20260623 1415;1.31877;1.31881;1.31868;1.31869;371
20260623 1418;1.31869;1.31871;1.31857;1.31859;222
20260623 1421;1.31859;1.31879;1.31858;1.31879;191
20260623 1424;1.31879;1.31879;1.31863;1.31867;230
20260623 1427;1.31867;1.31868;1.31851;1.31854;242
20260623 1430;1.31854;1.31854;1.31829;1.31831;312
20260623 1433;1.31831;1.31841;1.31828;1.31835;240
20260623 1436;1.31835;1.31862;1.31822;1.31859;431
20260623 1439;1.31859;1.31859;1.31849;1.31857;398
20260623 1442;1.31857;1.31857;1.31836;1.31838;235
20260623 1445;1.31838;1.31856;1.31838;1.31849;309
20260623 1448;1.31849;1.31881;1.31847;1.31878;290
20260623 1451;1.31878;1.31881;1.31868;1.31874;416
20260623 1454;1.31874;1.31879;1.31869;1.31877;269
20260623 1457;1.31877;1.31886;1.31862;1.31886;381
20260623 1500;1.31886;1.31911;1.31881;1.31909;494
20260623 1503;1.31909;1.31966;1.31907;1.31959;679
20260623 1506;1.31959;1.31981;1.31949;1.31957;567
20260623 1509;1.31957;1.31978;1.31957;1.31969;453
20260623 1512;1.31969;1.31974;1.3196;1.31964;238
20260623 1515;1.31964;1.31976;1.31959;1.31959;392
20260623 1518;1.31959;1.3196;1.31947;1.31949;352
20260623 1521;1.31949;1.31966;1.31947;1.31962;325
20260623 1524;1.31962;1.31963;1.31952;1.31958;249
20260623 1527;1.31958;1.31989;1.31954;1.31988;373
20260623 1530;1.31988;1.32008;1.31979;1.3199;583
20260623 1533;1.3199;1.32006;1.3199;1.32;540
20260623 1536;1.32;1.32;1.31975;1.31978;372
20260623 1539;1.31978;1.31984;1.31976;1.31979;278
20260623 1542;1.31979;1.31983;1.31966;1.31973;413
20260623 1545;1.31973;1.31982;1.31967;1.31974;417
20260623 1548;1.31974;1.31978;1.31961;1.31968;557
20260623 1551;1.31968;1.3197;1.31959;1.31965;377
20260623 1554;1.31965;1.31977;1.31961;1.31971;471
20260623 1557;1.31971;1.3198;1.31952;1.31952;501
20260623 1600;1.31952;1.31971;1.31947;1.31969;497
20260623 1603;1.31969;1.3201;1.31968;1.32009;318
20260623 1606;1.32009;1.32011;1.31998;1.31999;238
20260623 1609;1.31999;1.3201;1.31998;1.3201;130
20260623 1612;1.3201;1.32014;1.32006;1.3201;122
20260623 1615;1.3201;1.3201;1.31999;1.32;139
20260623 1618;1.32;1.32011;1.31999;1.32007;111
20260623 1621;1.32007;1.32009;1.32004;1.32006;95
20260623 1624;1.32006;1.3203;1.32006;1.3203;162
20260623 1627;1.3203;1.3203;1.32014;1.32019;139
20260623 1630;1.32019;1.32021;1.32013;1.3202;132
20260623 1633;1.3202;1.3202;1.32016;1.32016;64
20260623 1636;1.32016;1.32019;1.32009;1.32016;164
20260623 1639;1.32016;1.32016;1.32007;1.3201;51
20260623 1642;1.3201;1.32018;1.32008;1.32008;150
20260623 1645;1.32008;1.32017;1.32007;1.32013;104
20260623 1648;1.32013;1.32021;1.3201;1.32019;137
20260623 1651;1.32019;1.32028;1.32011;1.32022;107
20260623 1654;1.32022;1.32025;1.32018;1.32023;101
20260623 1657;1.32023;1.32039;1.32021;1.32034;232
20260623 1700;1.32034;1.32034;1.31981;1.31981;5
20260623 1703;1.31981;1.32002;1.31927;1.32001;18
20260623 1706;1.32001;1.32004;1.32001;1.32003;47
20260623 1709;1.32003;1.32012;1.32002;1.32007;22
20260623 1712;1.32007;1.32013;1.32006;1.32013;20
20260623 1715;1.32013;1.32013;1.32007;1.32011;23
20260623 1718;1.32011;1.32012;1.3201;1.32011;17
20260623 1721;1.32011;1.32013;1.32011;1.32012;21
20260623 1724;1.32012;1.32012;1.3201;1.3201;5
20260623 1727;1.3201;1.32013;1.32006;1.32012;14
20260623 1730;1.32012;1.32012;1.32008;1.3201;13
20260623 1733;1.3201;1.32012;1.32008;1.32009;24
20260623 1736;1.32009;1.32012;1.32008;1.32008;65
20260623 1739;1.32008;1.32013;1.32008;1.32012;40
20260623 1742;1.32012;1.32013;1.32008;1.3201;60
20260623 1745;1.3201;1.32012;1.32005;1.3201;145
20260623 1748;1.3201;1.32012;1.32005;1.32011;159
20260623 1751;1.32011;1.32012;1.32005;1.32011;147
20260623 1754;1.32011;1.32012;1.32004;1.3201;154
20260623 1757;1.3201;1.32012;1.31999;1.31999;94
20260623 1800;1.31999;1.32016;1.3199;1.31996;180
20260623 1803;1.31996;1.31997;1.31984;1.31993;70
20260623 1806;1.31993;1.31996;1.31985;1.31996;30
20260623 1809;1.31996;1.32005;1.3199;1.31999;63
20260623 1812;1.31999;1.32008;1.31997;1.32006;63
20260623 1815;1.32006;1.32009;1.31995;1.31997;51
20260623 1818;1.31997;1.31999;1.31993;1.31996;39
20260623 1821;1.31996;1.31996;1.31988;1.31991;112
20260623 1824;1.31991;1.31998;1.31988;1.31997;105
20260623 1827;1.31997;1.31999;1.31988;1.31988;39
20260623 1830;1.31988;1.32;1.31988;1.31999;46
20260623 1833;1.31999;1.31999;1.31985;1.31993;123
20260623 1836;1.31993;1.31998;1.31989;1.31997;95
20260623 1839;1.31997;1.32007;1.31996;1.32003;74
20260623 1842;1.32003;1.32004;1.31999;1.32001;85
20260623 1845;1.32001;1.32009;1.32001;1.32006;35
20260623 1848;1.32006;1.32007;1.32004;1.32007;20
20260623 1851;1.32007;1.32013;1.32004;1.32012;67
20260623 1854;1.32012;1.32012;1.32001;1.32003;57
20260623 1857;1.32003;1.32005;1.31998;1.31998;71
20260623 1900;1.31998;1.3201;1.31997;1.32009;182
20260623 1903;1.32009;1.3201;1.32001;1.32005;81
20260623 1906;1.32005;1.32006;1.31994;1.31996;97
20260623 1909;1.31996;1.31998;1.31994;1.31995;76
20260623 1912;1.31995;1.31997;1.31994;1.31997;85
20260623 1915;1.31997;1.32006;1.31993;1.31993;80
20260623 1918;1.31993;1.31995;1.31992;1.31994;59
20260623 1921;1.31994;1.31996;1.31994;1.31995;66
20260623 1924;1.31995;1.31996;1.31985;1.31985;47
20260623 1927;1.31985;1.31989;1.31984;1.31987;99
20260623 1930;1.31987;1.31988;1.3197;1.31978;156
20260623 1933;1.31978;1.31984;1.31974;1.31983;126
20260623 1936;1.31983;1.31987;1.31982;1.31986;126
20260623 1939;1.31986;1.31986;1.31974;1.31975;120
20260623 1942;1.31975;1.32012;1.31975;1.32009;266
20260623 1945;1.32009;1.32034;1.32006;1.32031;393
20260623 1948;1.32031;1.32036;1.32024;1.32026;257
20260623 1951;1.32026;1.32028;1.3202;1.32023;242
20260623 1954;1.32023;1.32026;1.32008;1.32008;254
20260623 1957;1.32008;1.32008;1.31986;1.31993;262
20260623 2000;1.31993;1.32015;1.31983;1.31996;1106
20260623 2003;1.31996;1.32014;1.31994;1.32003;923
20260623 2006;1.32003;1.32024;1.32;1.32016;707
20260623 2009;1.32016;1.32029;1.32009;1.32027;542
20260623 2012;1.32027;1.32027;1.31983;1.31986;647
20260623 2015;1.31986;1.31997;1.31976;1.3198;652
20260623 2018;1.3198;1.31985;1.31965;1.31973;813
20260623 2021;1.31973;1.31981;1.31966;1.31967;691
20260623 2024;1.31967;1.31968;1.31937;1.31957;809
20260623 2027;1.31957;1.31957;1.31938;1.31954;703
20260623 2030;1.31954;1.31977;1.31953;1.31971;434
20260623 2033;1.31971;1.31975;1.31964;1.31968;522
20260623 2036;1.31968;1.31977;1.31951;1.31967;467
20260623 2039;1.31967;1.31973;1.3195;1.31955;441
20260623 2042;1.31955;1.31975;1.31955;1.3197;430
20260623 2045;1.3197;1.31984;1.31968;1.31977;565
20260623 2048;1.31977;1.32002;1.31977;1.31996;599
20260623 2051;1.31996;1.32007;1.31991;1.31997;376
20260623 2054;1.31997;1.32008;1.31971;1.31972;539
20260623 2057;1.31972;1.31993;1.31971;1.3199;535
20260623 2100;1.3199;1.31991;1.31964;1.31968;703
20260623 2103;1.31968;1.31968;1.31906;1.31942;859
20260623 2106;1.31942;1.31958;1.31935;1.31945;600
20260623 2109;1.31945;1.31946;1.31929;1.3194;487
20260623 2112;1.3194;1.31957;1.31939;1.31957;471
20260623 2115;1.31957;1.31957;1.3192;1.31921;542
20260623 2118;1.31921;1.31936;1.31915;1.31929;520
20260623 2121;1.31929;1.31933;1.31911;1.31918;396
20260623 2124;1.31918;1.31943;1.31917;1.31932;473
20260623 2127;1.31932;1.3194;1.31923;1.31936;297
20260623 2130;1.31936;1.31951;1.31921;1.3195;583
20260623 2133;1.3195;1.31969;1.31932;1.31936;638
20260623 2136;1.31936;1.31957;1.3193;1.31957;419
20260623 2139;1.31957;1.31978;1.31949;1.31978;493
20260623 2142;1.31978;1.31996;1.31967;1.31977;664
20260623 2145;1.31977;1.3198;1.31956;1.31967;634
20260623 2148;1.31967;1.31986;1.31961;1.31982;566
20260623 2151;1.31982;1.31986;1.31967;1.31985;480
20260623 2154;1.31985;1.32001;1.31984;1.31995;455
20260623 2157;1.31995;1.32018;1.31993;1.32009;493
20260623 2200;1.32009;1.32016;1.31998;1.31999;577
20260623 2203;1.31999;1.32015;1.31993;1.32006;315
20260623 2206;1.32006;1.32006;1.31985;1.31999;369
20260623 2209;1.31999;1.3202;1.31997;1.31998;360
20260623 2212;1.31998;1.32015;1.31995;1.32011;315
20260623 2215;1.32011;1.32033;1.32008;1.32009;335
20260623 2218;1.32009;1.32028;1.32004;1.32026;325
20260623 2221;1.32026;1.32031;1.32014;1.32014;239
20260623 2224;1.32014;1.32029;1.3201;1.32025;296
20260623 2227;1.32025;1.32047;1.32015;1.32026;273
20260623 2230;1.32026;1.32029;1.32012;1.32017;290
20260623 2233;1.32017;1.32036;1.32016;1.32023;307
20260623 2236;1.32023;1.32025;1.32011;1.32015;318
20260623 2239;1.32015;1.32016;1.31995;1.31996;668
20260623 2242;1.31996;1.32005;1.31976;1.31982;411
20260623 2245;1.31982;1.31986;1.31964;1.31971;353
20260623 2248;1.31971;1.31976;1.31953;1.31954;590
20260623 2251;1.31954;1.31968;1.31936;1.31949;646
20260623 2254;1.31949;1.31959;1.31941;1.31954;384
20260623 2257;1.31954;1.31957;1.31906;1.31908;624
20260623 2300;1.31908;1.31918;1.31894;1.31917;649
20260623 2303;1.31917;1.31919;1.31872;1.31889;510
20260623 2306;1.31889;1.31898;1.31877;1.31887;550
20260623 2309;1.31887;1.31919;1.31882;1.31919;592
20260623 2312;1.31919;1.31928;1.31908;1.31908;579
20260623 2315;1.31908;1.31914;1.31889;1.31899;525
20260623 2318;1.31899;1.31927;1.31898;1.31917;522
20260623 2321;1.31917;1.31949;1.3191;1.3194;386
20260623 2324;1.3194;1.3195;1.31935;1.31946;302
20260623 2327;1.31946;1.31974;1.31942;1.31972;561
20260623 2330;1.31972;1.31976;1.31957;1.3196;484
20260623 2333;1.3196;1.31971;1.31945;1.3196;508
20260623 2336;1.3196;1.31969;1.31955;1.3196;503
20260623 2339;1.3196;1.3198;1.31955;1.31968;425
20260623 2342;1.31968;1.32016;1.31966;1.31996;387
20260623 2345;1.31996;1.31997;1.31977;1.31977;301
20260623 2348;1.31977;1.31996;1.31977;1.31989;406
20260623 2351;1.31989;1.31999;1.31986;1.31987;509
20260623 2354;1.31987;1.31996;1.31981;1.31993;368
20260623 2357;1.31993;1.31996;1.31986;1.31987;244
20260624 0000;1.31987;1.31989;1.31955;1.31956;349
20260624 0003;1.31956;1.3196;1.31937;1.31939;351
20260624 0006;1.31939;1.31941;1.31917;1.31919;494
20260624 0009;1.31919;1.31928;1.31915;1.3192;471
20260624 0012;1.3192;1.31925;1.31907;1.31921;463
20260624 0015;1.31921;1.31937;1.3192;1.31928;769
20260624 0018;1.31928;1.31934;1.31924;1.3193;554
20260624 0021;1.3193;1.31937;1.31926;1.31927;553
20260624 0024;1.31927;1.31955;1.31927;1.31955;409
20260624 0027;1.31955;1.31973;1.31949;1.3195;666
20260624 0030;1.3195;1.31955;1.31943;1.31946;293
20260624 0033;1.31946;1.31953;1.31937;1.3194;445
20260624 0036;1.3194;1.31952;1.3194;1.31947;355
20260624 0039;1.31947;1.31962;1.31945;1.31957;329
20260624 0042;1.31957;1.31965;1.31946;1.31948;336
20260624 0045;1.31948;1.31956;1.31945;1.31948;545
20260624 0048;1.31948;1.31948;1.31935;1.31938;406
20260624 0051;1.31938;1.31944;1.31918;1.3192;415
20260624 0054;1.3192;1.31931;1.31918;1.31928;375
20260624 0057;1.31928;1.31932;1.31924;1.3193;348
20260624 0100;1.3193;1.31941;1.31921;1.3194;420
20260624 0103;1.3194;1.31941;1.31925;1.31938;399
20260624 0106;1.31938;1.31957;1.31931;1.31955;297
20260624 0109;1.31955;1.31979;1.31954;1.31979;363
20260624 0112;1.31979;1.31979;1.31956;1.31966;414
20260624 0115;1.31966;1.31975;1.31954;1.31965;782
20260624 0118;1.31965;1.31974;1.31955;1.31956;492
20260624 0121;1.31956;1.31959;1.31946;1.31955;530
20260624 0124;1.31955;1.31963;1.31949;1.31952;625
20260624 0127;1.31952;1.31958;1.31938;1.31947;772
20260624 0130;1.31947;1.31957;1.31944;1.3195;588
20260624 0133;1.3195;1.31955;1.31938;1.31946;417
20260624 0136;1.31946;1.31947;1.31937;1.31942;402
20260624 0139;1.31942;1.31949;1.31936;1.31936;408
20260624 0142;1.31936;1.31956;1.31934;1.31941;341
20260624 0145;1.31941;1.31974;1.31936;1.31973;389
20260624 0148;1.31973;1.31974;1.31947;1.31952;281
20260624 0151;1.31952;1.31955;1.3194;1.31946;501
20260624 0154;1.31946;1.3196;1.31938;1.31958;312
20260624 0157;1.31958;1.3196;1.31946;1.3195;220
20260624 0200;1.3195;1.3195;1.31931;1.31944;449
20260624 0203;1.31944;1.31975;1.31939;1.31969;522
20260624 0206;1.31969;1.31997;1.31962;1.31995;666
20260624 0209;1.31995;1.32078;1.31994;1.32078;917
20260624 0212;1.32078;1.32091;1.32065;1.32075;448
20260624 0215;1.32075;1.32075;1.31986;1.31989;876
20260624 0218;1.31989;1.32001;1.31978;1.31998;575
20260624 0221;1.31998;1.32032;1.31998;1.32019;626
20260624 0224;1.32019;1.32021;1.31972;1.31974;636
20260624 0227;1.31974;1.31989;1.319;1.31928;1304
20260624 0230;1.31928;1.31952;1.319;1.31951;914
20260624 0233;1.31951;1.31962;1.31919;1.31926;575
20260624 0236;1.31926;1.3193;1.31897;1.31897;425
20260624 0239;1.31897;1.31927;1.31888;1.31919;663
20260624 0242;1.31919;1.3195;1.31915;1.31942;455
20260624 0245;1.31942;1.31943;1.31923;1.31941;526
20260624 0248;1.31941;1.31951;1.31897;1.319;543
20260624 0251;1.319;1.31928;1.319;1.31918;559
20260624 0254;1.31918;1.31931;1.31872;1.31879;962
20260624 0257;1.31879;1.31879;1.31841;1.31868;1166
20260624 0300;1.31868;1.31878;1.3182;1.3182;1395
20260624 0303;1.3182;1.31835;1.318;1.31815;1062
20260624 0306;1.31815;1.31851;1.31808;1.31831;965
20260624 0309;1.31831;1.31841;1.318;1.31823;770
20260624 0312;1.31823;1.31836;1.31803;1.31805;949
20260624 0315;1.31805;1.31827;1.31801;1.31826;702
20260624 0318;1.31826;1.31858;1.31824;1.3185;759
20260624 0321;1.3185;1.31881;1.31845;1.31869;931
20260624 0324;1.31869;1.31888;1.31849;1.31885;1032
20260624 0327;1.31885;1.31907;1.31874;1.31891;951
20260624 0330;1.31891;1.31963;1.31891;1.31954;645
20260624 0333;1.31954;1.31975;1.31904;1.31909;796
20260624 0336;1.31909;1.31942;1.31899;1.31926;861
20260624 0339;1.31926;1.31957;1.31909;1.31923;1089
20260624 0342;1.31923;1.31967;1.31905;1.31965;751
20260624 0345;1.31965;1.31987;1.31941;1.31972;853
20260624 0348;1.31972;1.31972;1.31921;1.31945;1050
20260624 0351;1.31945;1.3195;1.31925;1.31932;871
20260624 0354;1.31932;1.31946;1.31923;1.31929;563
20260624 0357;1.31929;1.31929;1.3186;1.31868;855
20260624 0400;1.31868;1.31887;1.31853;1.31883;1139
20260624 0403;1.31883;1.31906;1.31864;1.31865;852
20260624 0406;1.31865;1.31887;1.31854;1.31872;700
20260624 0409;1.31872;1.31872;1.31847;1.31853;549
20260624 0412;1.31853;1.31857;1.31712;1.31743;1682
20260624 0415;1.31743;1.31804;1.31725;1.31798;1299
20260624 0418;1.31798;1.31828;1.31791;1.31817;899
20260624 0421;1.31817;1.31823;1.31796;1.31816;929
20260624 0424;1.31816;1.31854;1.31816;1.3185;883
20260624 0427;1.3185;1.31875;1.3184;1.31874;887
20260624 0430;1.31874;1.31941;1.31869;1.31927;1020
20260624 0433;1.31927;1.31938;1.31907;1.31911;866
20260624 0436;1.31911;1.31917;1.31859;1.31875;853
20260624 0439;1.31875;1.31887;1.31855;1.31885;679
20260624 0442;1.31885;1.31945;1.31884;1.3191;672
20260624 0445;1.3191;1.3191;1.31889;1.31895;631
20260624 0448;1.31895;1.31941;1.31892;1.31936;569
20260624 0451;1.31936;1.31938;1.31914;1.31935;533
20260624 0454;1.31935;1.31975;1.31928;1.31944;758
20260624 0457;1.31944;1.31946;1.3192;1.31926;698
20260624 0500;1.31926;1.31956;1.31899;1.3191;1174
20260624 0503;1.3191;1.31912;1.31855;1.31873;929
20260624 0506;1.31873;1.31885;1.31857;1.31867;659
20260624 0509;1.31867;1.31886;1.3184;1.31865;727
20260624 0512;1.31865;1.31915;1.31864;1.31909;868
20260624 0515;1.31909;1.31923;1.31893;1.31897;861
20260624 0518;1.31897;1.31932;1.31897;1.31917;765
20260624 0521;1.31917;1.3192;1.31871;1.31871;714
20260624 0524;1.31871;1.31876;1.3182;1.31824;809
20260624 0527;1.31824;1.31848;1.31809;1.31823;870
20260624 0530;1.31823;1.31843;1.31793;1.31794;711
20260624 0533;1.31794;1.31803;1.31772;1.31786;511
20260624 0536;1.31786;1.31796;1.31769;1.31774;399
20260624 0539;1.31774;1.31811;1.31773;1.31793;563
20260624 0542;1.31793;1.31797;1.31747;1.31765;645
20260624 0545;1.31765;1.31793;1.31761;1.31785;393
20260624 0548;1.31785;1.31802;1.31774;1.31802;418
20260624 0551;1.31802;1.31829;1.31802;1.31827;591
20260624 0554;1.31827;1.31827;1.31786;1.31786;542
20260624 0557;1.31786;1.31786;1.31755;1.31757;875
20260624 0600;1.31757;1.31759;1.3171;1.31717;669
20260624 0603;1.31717;1.31725;1.31701;1.31703;689
20260624 0606;1.31703;1.31705;1.31656;1.31673;599
20260624 0609;1.31673;1.31682;1.3165;1.31655;578
20260624 0612;1.31655;1.31674;1.31653;1.31673;392
20260624 0615;1.31673;1.31682;1.31599;1.31622;797
20260624 0618;1.31622;1.31642;1.31599;1.31599;498
20260624 0621;1.31599;1.31608;1.3156;1.31582;563
20260624 0624;1.31582;1.31594;1.31565;1.31583;614
20260624 0627;1.31583;1.31587;1.31548;1.31581;622
20260624 0630;1.31581;1.31581;1.31558;1.31575;378
20260624 0633;1.31575;1.31604;1.31563;1.31563;490
20260624 0636;1.31563;1.31573;1.31551;1.31554;470
20260624 0639;1.31554;1.31593;1.31554;1.31589;467
20260624 0642;1.31589;1.31657;1.31588;1.31612;981
20260624 0645;1.31612;1.31628;1.31579;1.31589;516
20260624 0648;1.31589;1.31612;1.31583;1.316;582
20260624 0651;1.316;1.31602;1.31565;1.3159;524
20260624 0654;1.3159;1.31592;1.3156;1.31563;459
20260624 0657;1.31563;1.31577;1.31552;1.31556;559
20260624 0700;1.31556;1.31587;1.31551;1.31567;476
20260624 0703;1.31567;1.31567;1.31485;1.31494;862
20260624 0706;1.31494;1.31551;1.31484;1.31546;553
20260624 0709;1.31546;1.31569;1.3154;1.31568;457
20260624 0712;1.31568;1.31568;1.31532;1.31535;341
20260624 0715;1.31535;1.31559;1.31527;1.31555;562
20260624 0718;1.31555;1.31555;1.31515;1.31521;532
20260624 0721;1.31521;1.3156;1.31512;1.31559;584
20260624 0724;1.31559;1.31578;1.31542;1.31575;597
20260624 0727;1.31575;1.31599;1.31571;1.31595;594
20260624 0730;1.31595;1.31615;1.31585;1.31614;588
20260624 0733;1.31614;1.31634;1.31599;1.31631;666
20260624 0736;1.31631;1.31665;1.31627;1.31656;881
20260624 0739;1.31656;1.31657;1.31621;1.31624;650
20260624 0742;1.31624;1.31644;1.316;1.31626;631
20260624 0745;1.31626;1.31636;1.31606;1.31606;563
20260624 0748;1.31606;1.31671;1.31605;1.31667;748
20260624 0751;1.31667;1.31732;1.31667;1.31702;803
20260624 0754;1.31702;1.31714;1.31619;1.31634;1110
20260624 0757;1.31634;1.31638;1.31594;1.31628;1024
20260624 0800;1.31628;1.31683;1.31625;1.31674;1246
20260624 0803;1.31674;1.31688;1.31618;1.31618;1019
20260624 0806;1.31618;1.3162;1.3158;1.31607;1067
20260624 0809;1.31607;1.31633;1.31598;1.31622;1234
20260624 0812;1.31622;1.31629;1.31575;1.31584;877
20260624 0815;1.31584;1.31588;1.31543;1.31557;784
20260624 0818;1.31557;1.31628;1.31554;1.31615;852
20260624 0821;1.31615;1.3163;1.31603;1.31625;584
20260624 0824;1.31625;1.31628;1.31589;1.31596;713
20260624 0827;1.31596;1.3162;1.31589;1.31606;485
20260624 0830;1.31606;1.31616;1.31535;1.31547;1001
20260624 0833;1.31547;1.31575;1.31532;1.31569;822
20260624 0836;1.31569;1.3159;1.31514;1.31531;1010
20260624 0839;1.31531;1.31533;1.31416;1.31444;1155
20260624 0842;1.31444;1.31508;1.31444;1.31481;1078
20260624 0845;1.31481;1.31522;1.31452;1.31473;891
20260624 0848;1.31473;1.31484;1.31443;1.31465;665
20260624 0851;1.31465;1.31507;1.31456;1.31506;907
20260624 0854;1.31506;1.31517;1.31472;1.31473;643
20260624 0857;1.31473;1.31506;1.31471;1.31502;893
20260624 0900;1.31502;1.31525;1.3148;1.31515;1836
20260624 0903;1.31515;1.31558;1.31492;1.31494;1423
20260624 0906;1.31494;1.31494;1.31462;1.31474;1238
20260624 0909;1.31474;1.31475;1.31442;1.31446;1150
20260624 0912;1.31446;1.31468;1.31435;1.31446;1075
20260624 0915;1.31446;1.31485;1.31444;1.31475;991
20260624 0918;1.31475;1.31517;1.31466;1.31497;1256
20260624 0921;1.31497;1.31558;1.31496;1.31532;1180
20260624 0924;1.31532;1.31615;1.31532;1.31606;1237
20260624 0927;1.31606;1.31657;1.31601;1.31646;928
20260624 0930;1.31646;1.31668;1.31619;1.31637;1511
20260624 0933;1.31637;1.31656;1.3158;1.31599;1323
20260624 0936;1.31599;1.31627;1.3156;1.31566;1124
20260624 0939;1.31566;1.316;1.31549;1.31577;1300
20260624 0942;1.31577;1.31639;1.31576;1.31629;1280
20260624 0945;1.31629;1.31636;1.31536;1.31547;1431
20260624 0948;1.31547;1.31604;1.31537;1.3157;1591
20260624 0951;1.3157;1.31636;1.3156;1.31598;1239
20260624 0954;1.31598;1.31658;1.31587;1.31641;1298
20260624 0957;1.31641;1.3166;1.31601;1.31618;993
20260624 1000;1.31618;1.31637;1.31587;1.31628;1097
20260624 1003;1.31628;1.31669;1.31616;1.31627;1097
20260624 1006;1.31627;1.31648;1.31595;1.31614;1121
20260624 1009;1.31614;1.3163;1.31548;1.31554;996
20260624 1012;1.31554;1.31587;1.31546;1.31584;886
20260624 1015;1.31584;1.31601;1.31525;1.31529;1180
20260624 1018;1.31529;1.31558;1.31497;1.31502;1056
20260624 1021;1.31502;1.3154;1.31489;1.31517;1004
20260624 1024;1.31517;1.31579;1.31512;1.31569;935
20260624 1027;1.31569;1.31583;1.31554;1.31571;1159
20260624 1030;1.31571;1.31585;1.31534;1.31557;1153
20260624 1033;1.31557;1.31575;1.31546;1.31556;1095
20260624 1036;1.31556;1.31556;1.31466;1.31466;972
20260624 1039;1.31466;1.31499;1.31451;1.31471;983
20260624 1042;1.31471;1.31499;1.31466;1.31498;878
20260624 1045;1.31498;1.3153;1.31489;1.31513;641
20260624 1048;1.31513;1.31513;1.31456;1.31484;795
20260624 1051;1.31484;1.31487;1.31443;1.31464;1007
20260624 1054;1.31464;1.31465;1.31404;1.31421;1230
20260624 1057;1.31421;1.31471;1.31402;1.31471;1412
20260624 1100;1.31471;1.31551;1.31454;1.31537;1348
20260624 1103;1.31537;1.31564;1.31509;1.31531;1025
20260624 1106;1.31531;1.31531;1.31495;1.31505;601
20260624 1109;1.31505;1.31528;1.31494;1.31526;746
20260624 1112;1.31526;1.31579;1.31522;1.31564;908
20260624 1115;1.31564;1.31582;1.31552;1.31581;659
20260624 1118;1.31581;1.31648;1.3158;1.31648;593
20260624 1121;1.31648;1.31715;1.31632;1.31709;934
20260624 1124;1.31709;1.31709;1.31612;1.31679;1140
20260624 1127;1.31679;1.31714;1.31647;1.31666;1430
20260624 1130;1.31666;1.31666;1.31623;1.31637;1154
20260624 1133;1.31637;1.31656;1.31632;1.31644;868
20260624 1136;1.31644;1.31647;1.31619;1.3162;852
20260624 1139;1.3162;1.31636;1.31602;1.31628;636
20260624 1142;1.31628;1.31658;1.31625;1.31641;755
20260624 1145;1.31641;1.31642;1.31609;1.31616;950
20260624 1148;1.31616;1.31649;1.31615;1.31631;935
20260624 1151;1.31631;1.31631;1.31563;1.31566;1058
20260624 1154;1.31566;1.31597;1.31564;1.31575;952
20260624 1157;1.31575;1.3159;1.31575;1.31582;812
20260624 1200;1.31582;1.31594;1.31557;1.31588;965
20260624 1203;1.31588;1.31634;1.31584;1.31633;952
20260624 1206;1.31633;1.31636;1.31614;1.31614;669
20260624 1209;1.31614;1.31646;1.31605;1.31606;789
20260624 1212;1.31606;1.31634;1.31606;1.31614;785
20260624 1215;1.31614;1.31667;1.31611;1.31662;636
20260624 1218;1.31662;1.31671;1.31651;1.31666;615
20260624 1221;1.31666;1.31694;1.31664;1.31682;605
20260624 1224;1.31682;1.31689;1.31674;1.31688;476
20260624 1227;1.31688;1.31734;1.31682;1.31734;690
20260624 1230;1.31734;1.31746;1.31722;1.31724;709
20260624 1233;1.31724;1.31772;1.31721;1.31771;588
20260624 1236;1.31771;1.31788;1.31759;1.3178;729
20260624 1239;1.3178;1.31783;1.31712;1.31724;820
20260624 1242;1.31724;1.31725;1.31692;1.31713;1161
20260624 1245;1.31713;1.31719;1.31686;1.31688;507
20260624 1248;1.31688;1.31708;1.31684;1.31706;567
20260624 1251;1.31706;1.31708;1.31697;1.31703;396
20260624 1254;1.31703;1.3171;1.31683;1.31696;392
20260624 1257;1.31696;1.31705;1.31688;1.31705;341
20260624 1300;1.31705;1.31722;1.31689;1.31707;627
20260624 1303;1.31707;1.31714;1.31689;1.31689;427
20260624 1306;1.31689;1.31695;1.31652;1.31664;535
20260624 1309;1.31664;1.31673;1.31654;1.3166;453
20260624 1312;1.3166;1.3166;1.31643;1.31645;343
20260624 1315;1.31645;1.31657;1.3163;1.31655;494
20260624 1318;1.31655;1.3166;1.3162;1.3162;467
20260624 1321;1.3162;1.31623;1.316;1.31618;500
20260624 1324;1.31618;1.31633;1.31587;1.3159;559
20260624 1327;1.3159;1.31602;1.31585;1.31594;548
20260624 1330;1.31594;1.31646;1.3159;1.31646;688
20260624 1333;1.31646;1.31677;1.31639;1.31643;999
20260624 1336;1.31643;1.3165;1.31595;1.31604;812
20260624 1339;1.31604;1.3162;1.31594;1.31607;770
20260624 1342;1.31607;1.3161;1.31583;1.31595;556
20260624 1345;1.31595;1.31599;1.31572;1.31578;761
20260624 1348;1.31578;1.31579;1.31549;1.31556;594
20260624 1351;1.31556;1.3156;1.31537;1.31553;912
20260624 1354;1.31553;1.31592;1.31551;1.31591;684
20260624 1357;1.31591;1.31591;1.31558;1.31558;525
20260624 1400;1.31558;1.31579;1.31554;1.31557;717
20260624 1403;1.31557;1.316;1.31553;1.31596;632
20260624 1406;1.31596;1.31607;1.31578;1.31586;598
20260624 1409;1.31586;1.31617;1.31586;1.31614;486
20260624 1412;1.31614;1.31616;1.31588;1.31596;488
20260624 1415;1.31596;1.31627;1.31596;1.31618;747
20260624 1418;1.31618;1.31625;1.31595;1.31614;789
20260624 1421;1.31614;1.31635;1.31607;1.31634;475
20260624 1424;1.31634;1.31658;1.31627;1.31656;576
20260624 1427;1.31656;1.31664;1.31647;1.31656;416
20260624 1430;1.31656;1.31676;1.31656;1.31672;561
20260624 1433;1.31672;1.31697;1.31631;1.31636;706
20260624 1436;1.31636;1.31643;1.31626;1.31637;559
20260624 1439;1.31637;1.3165;1.31623;1.31644;477
20260624 1442;1.31644;1.31647;1.31625;1.31629;450
20260624 1445;1.31629;1.31637;1.3162;1.3163;420
20260624 1448;1.3163;1.31641;1.31624;1.31626;360
20260624 1451;1.31626;1.31649;1.31626;1.31636;529
20260624 1454;1.31636;1.31649;1.31636;1.31643;554
20260624 1457;1.31643;1.31647;1.31596;1.3162;683
20260624 1500;1.3162;1.31642;1.3161;1.31628;560
20260624 1503;1.31628;1.31652;1.31625;1.31629;670
20260624 1506;1.31629;1.3163;1.31598;1.316;566
20260624 1509;1.316;1.31611;1.31596;1.316;558
20260624 1512;1.316;1.31607;1.31587;1.31588;560
20260624 1515;1.31588;1.31588;1.31558;1.31577;723
20260624 1518;1.31577;1.31585;1.31569;1.31578;656
20260624 1521;1.31578;1.31597;1.31578;1.31585;570
20260624 1524;1.31585;1.31595;1.31578;1.31586;535
20260624 1527;1.31586;1.316;1.31583;1.31596;593
20260624 1530;1.31596;1.31624;1.31596;1.31609;786
20260624 1533;1.31609;1.31609;1.31592;1.31606;559
20260624 1536;1.31606;1.31608;1.31599;1.31606;531
20260624 1539;1.31606;1.31619;1.31599;1.31603;596
20260624 1542;1.31603;1.31624;1.31599;1.31617;448
20260624 1545;1.31617;1.31629;1.31617;1.31618;292
20260624 1548;1.31618;1.31627;1.31603;1.31617;703
20260624 1551;1.31617;1.31644;1.31615;1.3164;504
20260624 1554;1.3164;1.31643;1.31622;1.31627;644
20260624 1557;1.31627;1.31628;1.31603;1.31608;595
20260624 1600;1.31608;1.31624;1.31593;1.31621;612
20260624 1603;1.31621;1.31639;1.31618;1.31628;635
20260624 1606;1.31628;1.31642;1.31627;1.31628;368
20260624 1609;1.31628;1.31645;1.31627;1.31636;302
20260624 1612;1.31636;1.31638;1.31624;1.31634;319
20260624 1615;1.31634;1.31638;1.31625;1.31636;380
20260624 1618;1.31636;1.31649;1.31634;1.31646;213
20260624 1621;1.31646;1.31648;1.31636;1.31646;209
20260624 1624;1.31646;1.31663;1.31646;1.3166;159
20260624 1627;1.3166;1.31675;1.31656;1.31669;199
20260624 1630;1.31669;1.31691;1.31665;1.31678;471
20260624 1633;1.31678;1.31679;1.31665;1.31667;229
20260624 1636;1.31667;1.31678;1.31666;1.31676;342
20260624 1639;1.31676;1.3168;1.31671;1.31677;273
20260624 1642;1.31677;1.31685;1.31674;1.31677;232
20260624 1645;1.31677;1.31678;1.31665;1.31668;389
20260624 1648;1.31668;1.31668;1.31643;1.31658;391
20260624 1651;1.31658;1.3167;1.31655;1.31669;260
20260624 1654;1.31669;1.31691;1.31656;1.31691;299
20260624 1657;1.31691;1.31698;1.31656;1.3166;441
20260624 1700;1.3166;1.3166;1.31637;1.31637;2
20260624 1709;1.31637;1.31637;1.31558;1.31574;18
20260624 1712;1.31574;1.31585;1.3156;1.31583;17
20260624 1715;1.31583;1.31661;1.31583;1.31609;49
20260624 1718;1.31609;1.31609;1.31576;1.31576;51
20260624 1721;1.31576;1.31587;1.31576;1.31586;61
20260624 1724;1.31586;1.31587;1.31586;1.31587;49
20260624 1727;1.31587;1.31587;1.31586;1.31586;11
20260624 1730;1.31586;1.31668;1.31558;1.31563;63
20260624 1733;1.31563;1.31572;1.31537;1.31545;33
20260624 1736;1.31545;1.31545;1.31537;1.31541;10
20260624 1739;1.31541;1.31541;1.31525;1.3153;7
20260624 1742;1.3153;1.3153;1.31529;1.3153;23
20260624 1745;1.3153;1.31555;1.3153;1.31555;1
20260624 1748;1.31555;1.31591;1.31555;1.3158;26
20260624 1751;1.3158;1.3158;1.3156;1.31563;26
20260624 1754;1.31563;1.31581;1.3156;1.31564;31
20260624 1757;1.31564;1.31596;1.31562;1.31592;33
20260624 1800;1.31592;1.31653;1.31592;1.3163;108
20260624 1803;1.3163;1.31655;1.3163;1.31647;58
20260624 1806;1.31647;1.31658;1.31635;1.31635;62
20260624 1809;1.31635;1.31648;1.31635;1.31643;63
20260624 1812;1.31643;1.31648;1.31641;1.31644;48
20260624 1815;1.31644;1.31644;1.31632;1.31638;85
20260624 1818;1.31638;1.31642;1.31636;1.31639;82
20260624 1821;1.31639;1.31641;1.31633;1.31637;32
20260624 1824;1.31637;1.3164;1.31637;1.31638;34
20260624 1827;1.31638;1.31648;1.31638;1.31644;37
20260624 1830;1.31644;1.31658;1.31644;1.31656;48
20260624 1833;1.31656;1.31657;1.31655;1.31657;41
20260624 1836;1.31657;1.31658;1.31654;1.31657;35
20260624 1839;1.31657;1.31669;1.31656;1.31667;38
20260624 1842;1.31667;1.31667;1.31666;1.31667;34
20260624 1845;1.31667;1.31668;1.31662;1.31668;37
20260624 1848;1.31668;1.31668;1.31654;1.31654;28
20260624 1851;1.31654;1.31656;1.31652;1.31654;14
20260624 1854;1.31654;1.31654;1.31645;1.31646;56
20260624 1857;1.31646;1.31655;1.31645;1.31652;51
20260624 1900;1.31652;1.31657;1.31643;1.31647;121
20260624 1903;1.31647;1.31648;1.31634;1.31639;106
20260624 1906;1.31637;1.31641;1.31635;1.31641;67
20260624 1909;1.31641;1.31647;1.31639;1.31646;129
20260624 1912;1.31646;1.31646;1.31635;1.31638;70
20260624 1915;1.31638;1.31655;1.31638;1.3165;157
20260624 1918;1.3165;1.31653;1.31645;1.31646;109
20260624 1921;1.31646;1.31651;1.3164;1.31644;72
20260624 1924;1.31644;1.31646;1.31644;1.31645;31
20260624 1927;1.31645;1.31646;1.31638;1.31639;22
20260624 1930;1.31639;1.31639;1.3163;1.31633;74
20260624 1933;1.31633;1.31638;1.31633;1.31635;65
20260624 1936;1.31635;1.31645;1.31634;1.31644;66
20260624 1939;1.31644;1.31658;1.31644;1.31655;137
20260624 1942;1.31655;1.31658;1.31639;1.31646;101
20260624 1945;1.31646;1.31664;1.31642;1.31644;284
20260624 1948;1.31644;1.31648;1.31638;1.31643;186
20260624 1951;1.31643;1.31645;1.31633;1.31635;224
20260624 1954;1.31635;1.31642;1.31635;1.31639;177
20260624 1957;1.31639;1.31654;1.31635;1.31639;199
20260624 2000;1.31639;1.31647;1.31608;1.31628;923
20260624 2003;1.31628;1.31651;1.31623;1.31648;554
20260624 2006;1.31648;1.31657;1.31634;1.31636;536
20260624 2009;1.31636;1.31644;1.31618;1.31626;419
20260624 2012;1.31626;1.31637;1.31609;1.31617;549
20260624 2015;1.31617;1.3163;1.31611;1.31627;667
20260624 2018;1.31627;1.31627;1.31606;1.31617;558
20260624 2021;1.31617;1.31636;1.31616;1.31628;634
20260624 2024;1.31628;1.3163;1.31607;1.3161;535
20260624 2027;1.3161;1.31621;1.31603;1.31619;366
20260624 2030;1.31619;1.31619;1.31592;1.31595;438
20260624 2033;1.31595;1.31598;1.31587;1.31587;256
20260624 2036;1.31587;1.31595;1.31586;1.31586;367
20260624 2039;1.31586;1.31597;1.31581;1.3159;335
20260624 2042;1.3159;1.31605;1.3159;1.31603;264
20260624 2045;1.31603;1.31606;1.31594;1.31603;274
20260624 2048;1.31603;1.31627;1.31603;1.31625;430
20260624 2051;1.31625;1.31651;1.31625;1.31649;479
20260624 2054;1.31649;1.3165;1.3163;1.31635;431
20260624 2057;1.31635;1.31641;1.31625;1.31627;356
20260624 2100;1.31627;1.3166;1.31623;1.31656;831
20260624 2103;1.31656;1.31682;1.31644;1.31674;671
20260624 2106;1.31674;1.31706;1.31673;1.31706;599
20260624 2109;1.31706;1.31713;1.31688;1.31709;580
20260624 2112;1.31709;1.31732;1.31705;1.31728;537
20260624 2115;1.31728;1.31763;1.31718;1.31758;703
20260624 2118;1.31758;1.31825;1.31749;1.31809;896
20260624 2121;1.31809;1.31824;1.31794;1.3182;726
20260624 2124;1.3182;1.31824;1.31773;1.31774;541
20260624 2127;1.31774;1.31784;1.31753;1.31765;389
20260624 2130;1.31765;1.31797;1.31743;1.31743;786
20260624 2133;1.31743;1.31752;1.31714;1.3172;781
20260624 2136;1.3172;1.31756;1.31719;1.31754;509
20260624 2139;1.31754;1.31761;1.31733;1.31737;591
20260624 2142;1.31737;1.31757;1.31729;1.31736;549
20260624 2145;1.31736;1.31737;1.31713;1.31715;494
20260624 2148;1.31715;1.31735;1.3171;1.31734;516
20260624 2151;1.31734;1.31738;1.31715;1.31716;593
20260624 2154;1.31716;1.31735;1.3171;1.31724;447
20260624 2157;1.31724;1.3173;1.31697;1.31708;657
20260624 2200;1.31708;1.31717;1.31687;1.31712;607
20260624 2203;1.31712;1.31736;1.31712;1.31735;440
20260624 2206;1.31735;1.31755;1.31721;1.31731;623
20260624 2209;1.31731;1.31744;1.31721;1.31724;537
20260624 2212;1.31724;1.31744;1.31718;1.3174;585
20260624 2215;1.3174;1.31747;1.31728;1.31743;556
20260624 2218;1.31743;1.31774;1.3174;1.31766;646
20260624 2221;1.31766;1.31793;1.31764;1.31779;340
20260624 2224;1.31779;1.31794;1.31771;1.31786;465
20260624 2227;1.31786;1.3179;1.3178;1.31784;406
20260624 2230;1.31784;1.31786;1.31767;1.31771;582
20260624 2233;1.31771;1.31774;1.31765;1.31773;447
20260624 2236;1.31773;1.31795;1.31772;1.31791;448
20260624 2239;1.31791;1.31796;1.31774;1.31776;372
20260624 2242;1.31776;1.31776;1.31759;1.31762;426
20260624 2245;1.31762;1.31767;1.31748;1.31752;345
20260624 2248;1.31752;1.31763;1.3175;1.31754;259
20260624 2251;1.31754;1.31764;1.31744;1.31761;497
20260624 2254;1.31761;1.31768;1.31757;1.31767;283
20260624 2257;1.31767;1.3178;1.31762;1.31779;331
20260624 2300;1.31779;1.31799;1.31772;1.31798;401
20260624 2303;1.31798;1.31817;1.3179;1.31815;435
20260624 2306;1.31815;1.31815;1.31795;1.318;380
20260624 2309;1.318;1.31801;1.31785;1.31788;377
20260624 2312;1.31788;1.31802;1.31785;1.31799;365
20260624 2315;1.31799;1.31808;1.31774;1.31807;591
20260624 2318;1.31807;1.31817;1.31799;1.31801;299
20260624 2321;1.31801;1.31803;1.31787;1.31797;268
20260624 2324;1.31797;1.31808;1.31794;1.31804;494
20260624 2327;1.31804;1.31807;1.31788;1.31794;518
20260624 2330;1.31794;1.31803;1.31784;1.31788;407
20260624 2333;1.31788;1.31791;1.31778;1.3178;295
20260624 2336;1.3178;1.31787;1.31776;1.3178;294
20260624 2339;1.3178;1.31788;1.31779;1.31787;238
20260624 2342;1.31787;1.31796;1.31784;1.31792;324
20260624 2345;1.31792;1.31798;1.31787;1.31798;344
20260624 2348;1.31798;1.31824;1.3179;1.31821;463
20260624 2351;1.31821;1.31835;1.31816;1.31822;363
20260624 2354;1.31822;1.31826;1.31813;1.31815;211
20260624 2357;1.31815;1.31823;1.31803;1.31823;327
20260625 0000;1.31823;1.31826;1.31815;1.3182;511
20260625 0003;1.3182;1.31825;1.318;1.31801;267
20260625 0006;1.31801;1.31817;1.31796;1.31804;277
20260625 0009;1.31804;1.31844;1.31804;1.31844;310
20260625 0012;1.31844;1.31845;1.31834;1.31835;438
20260625 0015;1.31835;1.31838;1.31824;1.31826;171
20260625 0018;1.31826;1.31845;1.31825;1.3184;366
20260625 0021;1.3184;1.31847;1.31838;1.31838;288
20260625 0024;1.31838;1.31848;1.31835;1.31846;380
20260625 0027;1.31846;1.31852;1.31838;1.31839;398
20260625 0030;1.31839;1.31846;1.31829;1.3183;314
20260625 0033;1.3183;1.31835;1.31822;1.31827;187
20260625 0036;1.31827;1.31837;1.31819;1.31821;174
20260625 0039;1.31821;1.31822;1.318;1.31807;320
20260625 0042;1.31807;1.31813;1.31805;1.31807;244
20260625 0045;1.31807;1.31808;1.31798;1.31805;233
20260625 0048;1.31805;1.3182;1.31802;1.31817;242
20260625 0051;1.31817;1.31819;1.31812;1.31815;193
20260625 0054;1.31815;1.31818;1.31812;1.31813;170
20260625 0057;1.31813;1.31827;1.31812;1.31822;214
20260625 0100;1.31822;1.31839;1.3182;1.31837;375
20260625 0103;1.31837;1.3185;1.31831;1.31835;288
20260625 0106;1.31835;1.31848;1.31829;1.31846;206
20260625 0109;1.31846;1.31848;1.31836;1.31846;298
20260625 0112;1.31846;1.31848;1.31817;1.31817;190
20260625 0115;1.31817;1.31819;1.31805;1.31806;240
20260625 0118;1.31806;1.31807;1.31795;1.31799;321
20260625 0121;1.31799;1.31804;1.31793;1.31797;288
20260625 0124;1.31797;1.31807;1.31792;1.31796;331
20260625 0127;1.31796;1.31808;1.31795;1.318;347
20260625 0130;1.318;1.31807;1.31785;1.31797;523
20260625 0133;1.31797;1.31799;1.31775;1.31786;273
20260625 0136;1.31786;1.31806;1.31786;1.31796;257
20260625 0139;1.31796;1.31796;1.31782;1.31787;363
20260625 0142;1.31787;1.31793;1.31778;1.31786;324
20260625 0145;1.31786;1.31788;1.31772;1.31778;293
20260625 0148;1.31778;1.31796;1.31778;1.31794;203
20260625 0151;1.31794;1.31796;1.31781;1.31782;226
20260625 0154;1.31782;1.31786;1.31754;1.3176;358
20260625 0157;1.3176;1.31768;1.31756;1.31757;300
20260625 0200;1.31757;1.31776;1.31751;1.31776;635
20260625 0203;1.31776;1.31776;1.31738;1.31738;500
20260625 0206;1.31738;1.31772;1.31735;1.31765;499
20260625 0209;1.31765;1.31769;1.31751;1.31768;423
20260625 0212;1.31768;1.31789;1.31764;1.31786;454
20260625 0215;1.31786;1.31786;1.31764;1.31767;600
20260625 0218;1.31767;1.31787;1.31761;1.31787;623
20260625 0221;1.31787;1.31788;1.31761;1.31783;502
20260625 0224;1.31783;1.31789;1.31759;1.31768;358
20260625 0227;1.31768;1.31768;1.31739;1.31741;636
20260625 0230;1.31741;1.31741;1.3169;1.31698;941
20260625 0233;1.31698;1.31699;1.31675;1.31677;664
20260625 0236;1.31677;1.31689;1.31676;1.31686;478
20260625 0239;1.31686;1.31712;1.31684;1.31699;577
20260625 0242;1.31699;1.31709;1.31697;1.31706;459
20260625 0245;1.31706;1.31718;1.31696;1.31707;411
20260625 0248;1.31707;1.31735;1.31707;1.31735;444
20260625 0251;1.31735;1.31751;1.31717;1.31731;838
20260625 0254;1.31731;1.31735;1.31701;1.31708;810
20260625 0257;1.31708;1.31738;1.31704;1.31732;1093
20260625 0300;1.31732;1.3176;1.31726;1.31756;783
20260625 0303;1.31756;1.31812;1.31754;1.31787;826
20260625 0306;1.31787;1.31824;1.31777;1.3179;502
20260625 0309;1.3179;1.31818;1.31782;1.31786;491
20260625 0312;1.31786;1.31787;1.3175;1.31752;530
20260625 0315;1.31752;1.31758;1.31706;1.31718;967
20260625 0318;1.31718;1.31782;1.31708;1.31759;706
20260625 0321;1.31759;1.31786;1.31728;1.31747;562
20260625 0324;1.31747;1.31768;1.31745;1.31747;417
20260625 0327;1.31747;1.31789;1.31746;1.31759;624
20260625 0330;1.31759;1.31817;1.31759;1.31816;619
20260625 0333;1.31816;1.31816;1.31799;1.31812;364
20260625 0336;1.31812;1.31814;1.31787;1.31795;387
20260625 0339;1.31795;1.31807;1.31781;1.31791;474
20260625 0342;1.31791;1.318;1.31771;1.31776;486
20260625 0345;1.31776;1.31797;1.31764;1.31784;692
20260625 0348;1.31784;1.31809;1.31777;1.31808;535
20260625 0351;1.31808;1.31835;1.31795;1.31832;454
20260625 0354;1.31832;1.31832;1.31798;1.31803;526
20260625 0357;1.31803;1.31853;1.31802;1.31847;596
20260625 0400;1.31847;1.31885;1.31843;1.31872;833
20260625 0403;1.31872;1.31875;1.31811;1.31846;891
20260625 0406;1.31846;1.31886;1.31835;1.31835;632
20260625 0409;1.31835;1.31867;1.31825;1.31862;552
20260625 0412;1.31862;1.31886;1.31845;1.31846;347
20260625 0415;1.31846;1.31886;1.31835;1.31874;424
20260625 0418;1.31874;1.31899;1.31862;1.31891;766
20260625 0421;1.31891;1.31917;1.31885;1.31904;481
20260625 0424;1.31904;1.31936;1.31904;1.31936;588
20260625 0427;1.31936;1.31944;1.31924;1.31943;482
20260625 0430;1.31943;1.31965;1.31938;1.31958;436
20260625 0433;1.31958;1.31965;1.31934;1.31947;545
20260625 0436;1.31947;1.31967;1.31946;1.31957;415
20260625 0439;1.31957;1.31962;1.31941;1.31954;384
20260625 0442;1.31954;1.31959;1.3194;1.31957;275
20260625 0445;1.31957;1.31957;1.31907;1.31907;859
20260625 0448;1.31907;1.31936;1.31905;1.31936;693
20260625 0451;1.31936;1.31944;1.31922;1.31924;466
20260625 0454;1.31924;1.31924;1.31885;1.31888;535
20260625 0457;1.31888;1.31906;1.31879;1.31906;533
20260625 0500;1.31906;1.31909;1.31863;1.31879;747
20260625 0503;1.31879;1.3192;1.31879;1.31902;597
20260625 0506;1.31902;1.31905;1.31887;1.31896;497
20260625 0509;1.31896;1.31908;1.31885;1.31904;425
20260625 0512;1.31904;1.31905;1.31888;1.31898;345
20260625 0515;1.31898;1.31916;1.31897;1.31905;462
20260625 0518;1.31905;1.31911;1.31889;1.31897;438
20260625 0521;1.31897;1.31907;1.31889;1.31903;444
20260625 0524;1.31903;1.31908;1.31887;1.31906;545
20260625 0527;1.31906;1.31941;1.31892;1.3194;608
20260625 0530;1.3194;1.31972;1.31939;1.31945;926
20260625 0533;1.31945;1.31953;1.31914;1.31917;371
20260625 0536;1.31917;1.31917;1.31885;1.31904;361
20260625 0539;1.31904;1.31906;1.31866;1.31868;370
20260625 0542;1.31868;1.31891;1.31866;1.31871;289
20260625 0545;1.31871;1.31871;1.31832;1.31841;498
20260625 0548;1.31841;1.31864;1.31841;1.31856;340
20260625 0551;1.31856;1.31884;1.31854;1.31879;316
20260625 0554;1.31879;1.31889;1.31866;1.31866;360
20260625 0557;1.31866;1.3187;1.31852;1.31852;361
20260625 0600;1.31852;1.31852;1.31811;1.31815;808
20260625 0603;1.31815;1.31815;1.31776;1.31777;576
20260625 0606;1.31777;1.31786;1.31762;1.31765;439
20260625 0609;1.31765;1.3177;1.31746;1.31754;435
20260625 0612;1.31754;1.31756;1.31733;1.31742;471
20260625 0615;1.31742;1.31743;1.31716;1.31719;308
20260625 0618;1.31719;1.31756;1.31719;1.31727;443
20260625 0621;1.31727;1.31745;1.31726;1.31737;359
20260625 0624;1.31737;1.31755;1.31737;1.31742;339
20260625 0627;1.31742;1.31752;1.31727;1.31749;273
20260625 0630;1.31749;1.31751;1.31711;1.31728;424
20260625 0633;1.31728;1.31753;1.31722;1.3173;293
20260625 0636;1.3173;1.31744;1.3172;1.3172;403
20260625 0639;1.3172;1.31735;1.3172;1.31726;357
20260625 0642;1.31726;1.31726;1.31693;1.31696;331
20260625 0645;1.31696;1.31696;1.31652;1.31664;450
20260625 0648;1.31664;1.31681;1.31654;1.31678;302
20260625 0651;1.31678;1.31681;1.31645;1.31647;325
20260625 0654;1.31647;1.3167;1.31647;1.31667;482
20260625 0657;1.31667;1.31687;1.31646;1.31687;584
20260625 0700;1.31687;1.31689;1.31652;1.31652;625
20260625 0703;1.31652;1.3166;1.31633;1.31643;401
20260625 0706;1.31643;1.31658;1.31641;1.31658;311
20260625 0709;1.31658;1.31658;1.31631;1.31641;578
20260625 0712;1.31641;1.31656;1.31639;1.31655;347
20260625 0715;1.31655;1.31664;1.31612;1.31621;588
20260625 0718;1.31621;1.31632;1.31612;1.31624;444
20260625 0721;1.31624;1.31626;1.31606;1.31607;395
20260625 0724;1.31607;1.31634;1.31605;1.31616;389
20260625 0727;1.31616;1.31616;1.31587;1.31587;440
20260625 0730;1.31587;1.31604;1.31579;1.31591;379
20260625 0733;1.31591;1.31591;1.31576;1.31577;446
20260625 0736;1.31577;1.31579;1.31553;1.31558;627
20260625 0739;1.31558;1.31606;1.31552;1.31595;395
20260625 0742;1.31595;1.31606;1.31585;1.31585;413
20260625 0745;1.31585;1.31585;1.31551;1.31562;371
20260625 0748;1.31562;1.31562;1.31534;1.31535;385
20260625 0751;1.31535;1.31585;1.31528;1.31535;1007
20260625 0754;1.31535;1.31548;1.31523;1.31532;555
20260625 0757;1.31532;1.31552;1.31511;1.31551;543
20260625 0800;1.31551;1.31594;1.31541;1.31593;892
20260625 0803;1.31593;1.31597;1.31559;1.31575;949
20260625 0806;1.31575;1.31593;1.31559;1.31593;495
20260625 0809;1.31593;1.31606;1.31577;1.31584;575
20260625 0812;1.31584;1.31593;1.31567;1.31584;482
20260625 0815;1.31584;1.31585;1.31542;1.31548;421
20260625 0818;1.31548;1.31579;1.31547;1.31569;311
20260625 0821;1.31569;1.31576;1.31549;1.31558;584
20260625 0824;1.31558;1.31569;1.31541;1.31546;518
20260625 0827;1.31546;1.31574;1.31542;1.31565;320
20260625 0830;1.31565;1.31752;1.3156;1.31652;1601
20260625 0833;1.31652;1.3171;1.31624;1.31704;1606
20260625 0836;1.31704;1.31789;1.31704;1.31773;2323
20260625 0839;1.31773;1.31778;1.31719;1.31778;1390
20260625 0842;1.31778;1.31862;1.31777;1.31837;1700
20260625 0845;1.31837;1.31861;1.31815;1.31859;1188
20260625 0848;1.31859;1.31865;1.31797;1.31797;1441
20260625 0851;1.31797;1.3182;1.31777;1.31802;1474
20260625 0854;1.31802;1.31819;1.31773;1.31777;1266
20260625 0857;1.31777;1.31784;1.31741;1.31762;1041
20260625 0900;1.31762;1.31797;1.31742;1.31788;1444
20260625 0903;1.31788;1.31798;1.31755;1.31766;828
20260625 0906;1.31766;1.31789;1.31751;1.31759;990
20260625 0909;1.31759;1.31781;1.31735;1.31777;842
20260625 0912;1.31777;1.31807;1.31766;1.31806;716
20260625 0915;1.31806;1.3183;1.31806;1.31828;862
20260625 0918;1.31828;1.31859;1.3181;1.3185;700
20260625 0921;1.3185;1.3194;1.31849;1.31927;988
20260625 0924;1.31927;1.31959;1.31925;1.31941;709
20260625 0927;1.31941;1.3197;1.31928;1.31963;707
20260625 0930;1.31963;1.31984;1.31934;1.31939;923
20260625 0933;1.31939;1.31961;1.31916;1.3196;1071
20260625 0936;1.3196;1.31968;1.31937;1.31953;896
20260625 0939;1.31953;1.31989;1.31931;1.31939;1031
20260625 0942;1.31939;1.3194;1.31878;1.31885;1313
20260625 0945;1.31885;1.31925;1.3186;1.31924;2165
20260625 0948;1.31924;1.3195;1.31919;1.3194;1959
20260625 0951;1.3194;1.3197;1.31901;1.31918;2058
20260625 0954;1.31918;1.31931;1.31845;1.3187;2288
20260625 0957;1.3187;1.31901;1.31869;1.31889;1722
20260625 1000;1.31889;1.31978;1.31889;1.31977;1886
20260625 1003;1.31977;1.32164;1.31974;1.32126;2404
20260625 1006;1.32126;1.32186;1.32055;1.32087;2070
20260625 1009;1.32087;1.32115;1.32057;1.3206;1213
20260625 1012;1.3206;1.32069;1.32032;1.32039;889
20260625 1015;1.32039;1.32067;1.32026;1.3204;964
20260625 1018;1.3204;1.32047;1.31985;1.31995;1362
20260625 1021;1.31995;1.32005;1.31936;1.31942;1354
20260625 1024;1.31942;1.31952;1.31915;1.31946;1174
20260625 1027;1.31946;1.31989;1.31936;1.31983;1388
20260625 1030;1.31983;1.32006;1.31959;1.32;1401
20260625 1033;1.32;1.32017;1.3197;1.32017;1204
20260625 1036;1.32017;1.32023;1.31971;1.31984;1150
20260625 1039;1.31984;1.32004;1.31959;1.31988;1188
20260625 1042;1.31988;1.3201;1.31974;1.3201;1201
20260625 1045;1.3201;1.32025;1.31983;1.31998;1004
20260625 1048;1.31998;1.3205;1.31982;1.32042;1032
20260625 1051;1.32042;1.32091;1.32013;1.32019;907
20260625 1054;1.32019;1.32063;1.32019;1.32039;1202
20260625 1057;1.32039;1.32088;1.32008;1.32011;1368
20260625 1100;1.32011;1.32085;1.32011;1.32083;1448
20260625 1103;1.32083;1.32172;1.32067;1.32139;1799
20260625 1106;1.32139;1.32153;1.32066;1.32068;1581
20260625 1109;1.32068;1.32074;1.32018;1.32018;1197
20260625 1112;1.32018;1.32032;1.31986;1.32012;1318
20260625 1115;1.32012;1.32038;1.31978;1.32029;1577
20260625 1118;1.32029;1.32065;1.32027;1.32048;1376
20260625 1121;1.32048;1.32114;1.32048;1.32087;1618
20260625 1124;1.32087;1.3215;1.32084;1.32117;1426
20260625 1127;1.32117;1.32158;1.32115;1.32147;1280
20260625 1130;1.32147;1.3217;1.32138;1.32146;1243
20260625 1133;1.32146;1.32155;1.32102;1.32127;1326
20260625 1136;1.32127;1.32127;1.32091;1.3211;1045
20260625 1139;1.3211;1.3211;1.32078;1.32094;841
20260625 1142;1.32094;1.32094;1.3206;1.32065;1070
20260625 1145;1.32065;1.3212;1.32044;1.32117;964
20260625 1148;1.32117;1.32117;1.32058;1.32067;872
20260625 1151;1.32067;1.32093;1.32056;1.3208;998
20260625 1154;1.3208;1.32127;1.32068;1.32127;1373
20260625 1157;1.32127;1.32157;1.32116;1.32147;694
20260625 1200;1.32147;1.32159;1.32123;1.32145;1152
20260625 1203;1.32145;1.3216;1.32121;1.32123;974
20260625 1206;1.32123;1.3213;1.32102;1.32109;1027
20260625 1209;1.32109;1.32145;1.32106;1.32134;627
20260625 1212;1.32134;1.32145;1.32127;1.32133;455
20260625 1215;1.32133;1.32174;1.32126;1.32174;952
20260625 1218;1.32174;1.32178;1.32152;1.32165;562
20260625 1221;1.32165;1.3219;1.32156;1.32171;675
20260625 1224;1.32171;1.32186;1.32155;1.32179;680
20260625 1227;1.32179;1.32189;1.32168;1.32168;656
20260625 1230;1.32168;1.32168;1.32135;1.32154;940
20260625 1233;1.32154;1.32166;1.32129;1.32148;865
20260625 1236;1.32148;1.3217;1.32139;1.32147;586
20260625 1239;1.32147;1.3216;1.32134;1.32134;558
20260625 1242;1.32134;1.32138;1.32089;1.32094;657
20260625 1245;1.32094;1.32096;1.3206;1.32067;687
20260625 1248;1.32067;1.32077;1.32044;1.32047;521
20260625 1251;1.32047;1.32069;1.32036;1.32058;642
20260625 1254;1.32058;1.32068;1.32045;1.32053;710
20260625 1257;1.32053;1.32065;1.32043;1.32057;687
20260625 1300;1.32057;1.32058;1.32037;1.32054;519
20260625 1303;1.32054;1.32057;1.32034;1.32034;666
20260625 1306;1.32034;1.32065;1.32025;1.32046;583
20260625 1309;1.32046;1.3205;1.32025;1.32047;549
20260625 1312;1.32047;1.32048;1.32027;1.32035;590
20260625 1315;1.32035;1.32046;1.32028;1.32036;608
20260625 1318;1.32036;1.32036;1.32015;1.32019;558
20260625 1321;1.32019;1.32028;1.32011;1.32016;424
20260625 1324;1.32016;1.3204;1.32014;1.32035;528
20260625 1327;1.32035;1.32035;1.32016;1.32024;325
20260625 1330;1.32024;1.32031;1.31992;1.31993;469
20260625 1333;1.31993;1.32007;1.31985;1.32005;278
20260625 1336;1.32005;1.32015;1.31987;1.32007;379
20260625 1339;1.32007;1.32018;1.31994;1.32015;431
20260625 1342;1.32015;1.32015;1.31995;1.31998;430
20260625 1345;1.31998;1.3201;1.31989;1.32005;367
20260625 1348;1.32005;1.32025;1.32001;1.32024;372
20260625 1351;1.32024;1.3204;1.32023;1.32036;583
20260625 1354;1.32036;1.32048;1.3203;1.32046;407
20260625 1357;1.32046;1.32051;1.32016;1.32019;558
20260625 1400;1.32019;1.32021;1.31943;1.31958;1075
20260625 1403;1.31958;1.3197;1.31943;1.31959;1074
20260625 1406;1.31959;1.31978;1.31954;1.31975;840
20260625 1409;1.31975;1.32005;1.31971;1.32004;811
20260625 1412;1.32004;1.32036;1.31999;1.32028;607
20260625 1415;1.32028;1.32046;1.32019;1.3204;429
20260625 1418;1.3204;1.32057;1.32037;1.32038;510
20260625 1421;1.32038;1.32045;1.32026;1.32036;536
20260625 1424;1.32036;1.32048;1.32033;1.32036;393
20260625 1427;1.32036;1.32047;1.32035;1.32046;320
20260625 1430;1.32046;1.32055;1.32022;1.32024;500
20260625 1433;1.32024;1.32028;1.32008;1.32017;484
20260625 1436;1.32017;1.32027;1.32014;1.3202;452
20260625 1439;1.3202;1.32024;1.31978;1.31984;672
20260625 1442;1.31984;1.31986;1.3197;1.31978;671
20260625 1445;1.31978;1.31982;1.31965;1.31966;501
20260625 1448;1.31966;1.31999;1.31966;1.31998;373
20260625 1451;1.31998;1.32031;1.31998;1.3202;449
20260625 1454;1.3202;1.3203;1.32008;1.32008;447
20260625 1457;1.32008;1.3201;1.31975;1.31978;500
20260625 1500;1.31978;1.31999;1.31978;1.3198;660
20260625 1503;1.3198;1.31997;1.31971;1.31988;713
20260625 1506;1.31988;1.31993;1.31978;1.31978;513
20260625 1509;1.31978;1.31989;1.31968;1.31987;496
20260625 1512;1.31987;1.32;1.31975;1.31999;459
20260625 1515;1.31999;1.32028;1.31998;1.32008;500
20260625 1518;1.32008;1.32013;1.31995;1.32011;538
20260625 1521;1.32011;1.32026;1.32009;1.32025;411
20260625 1524;1.32025;1.32041;1.32022;1.32028;498
20260625 1527;1.32028;1.32047;1.32021;1.32047;518
20260625 1530;1.32047;1.32054;1.32034;1.3204;572
20260625 1533;1.3204;1.32047;1.32037;1.32045;376
20260625 1536;1.32045;1.32047;1.32027;1.3204;425
20260625 1539;1.3204;1.32055;1.31975;1.31976;752
20260625 1542;1.31976;1.31995;1.31975;1.31988;400
20260625 1545;1.31988;1.31993;1.31964;1.31976;328
20260625 1548;1.31976;1.31976;1.31938;1.31944;438
20260625 1551;1.31944;1.31955;1.31943;1.31952;244
20260625 1554;1.31952;1.3197;1.31948;1.31966;512
20260625 1557;1.31966;1.32002;1.31966;1.31998;634
20260625 1600;1.31998;1.32015;1.31986;1.31996;1110
20260625 1603;1.31996;1.31999;1.31965;1.3198;770
20260625 1606;1.3198;1.31983;1.31968;1.31971;333
20260625 1609;1.31971;1.31976;1.31966;1.31975;269
20260625 1612;1.31975;1.31975;1.31961;1.3197;478
20260625 1615;1.3197;1.31977;1.31961;1.31963;353
20260625 1618;1.31963;1.31968;1.31963;1.31968;151
20260625 1621;1.31968;1.31977;1.3196;1.3197;194
20260625 1624;1.3197;1.31976;1.31966;1.31976;208
20260625 1627;1.31976;1.31979;1.3197;1.31978;224
20260625 1630;1.31978;1.31979;1.31974;1.31976;196
20260625 1633;1.31976;1.31977;1.31967;1.31968;236
20260625 1636;1.31968;1.31969;1.31965;1.31966;125
20260625 1639;1.31966;1.31967;1.3195;1.31956;219
20260625 1642;1.31956;1.31964;1.3195;1.31952;360
20260625 1645;1.31952;1.31953;1.31948;1.31948;127
20260625 1648;1.31948;1.31958;1.31948;1.31953;114
20260625 1651;1.31953;1.31955;1.31936;1.31936;74
20260625 1654;1.31936;1.31936;1.31909;1.31918;489
20260625 1657;1.31918;1.31925;1.3189;1.31896;788
20260625 1700;1.31896;1.31896;1.31879;1.31879;7
20260625 1703;1.31879;1.31901;1.31839;1.31888;282
20260625 1706;1.31888;1.31899;1.31879;1.31897;2708
20260625 1709;1.31897;1.31898;1.31869;1.31887;2386
20260625 1712;1.31887;1.31944;1.31881;1.3194;578
20260625 1715;1.3194;1.31946;1.31917;1.31945;3243
20260625 1718;1.31945;1.31951;1.31925;1.31929;72
20260625 1721;1.31929;1.31932;1.31888;1.31923;183
20260625 1724;1.31923;1.31932;1.31892;1.31897;111
20260625 1727;1.31897;1.3191;1.31867;1.3188;90
20260625 1730;1.3188;1.3188;1.31871;1.31875;80
20260625 1733;1.31875;1.31883;1.31873;1.31882;49
20260625 1736;1.31882;1.31887;1.31876;1.31887;79
20260625 1739;1.31887;1.31946;1.31887;1.31914;121
20260625 1742;1.31914;1.31951;1.31892;1.31951;184
20260625 1745;1.31951;1.3197;1.31903;1.31963;442
20260625 1748;1.31963;1.31971;1.3192;1.31928;770
20260625 1751;1.31928;1.31941;1.31901;1.31921;276
20260625 1754;1.31921;1.31933;1.31912;1.31932;131
20260625 1757;1.31932;1.31933;1.31892;1.31918;257
20260625 1800;1.31918;1.31935;1.3191;1.31926;115
20260625 1803;1.31926;1.31931;1.31926;1.3193;71
20260625 1806;1.3193;1.31933;1.3193;1.31932;107
20260625 1809;1.31932;1.31941;1.31927;1.31936;206
20260625 1812;1.31936;1.31938;1.31929;1.31929;78
20260625 1815;1.31929;1.31937;1.31929;1.31932;75
20260625 1818;1.31932;1.31935;1.31928;1.31931;125
20260625 1821;1.31931;1.31936;1.31928;1.31935;51
20260625 1824;1.31935;1.31936;1.31927;1.31928;89
20260625 1827;1.31928;1.31929;1.31917;1.31917;115
20260625 1830;1.31917;1.31926;1.31916;1.31918;121
20260625 1833;1.31918;1.31927;1.31917;1.31926;77
20260625 1836;1.31926;1.31927;1.31915;1.31919;79
20260625 1839;1.31919;1.31919;1.31912;1.31915;72
20260625 1842;1.31915;1.31916;1.31908;1.31908;59
20260625 1845;1.31908;1.31918;1.31908;1.3191;102
20260625 1848;1.3191;1.31914;1.31905;1.31909;75
20260625 1851;1.31909;1.31909;1.31901;1.31905;69
20260625 1854;1.31905;1.3192;1.31903;1.3192;89
20260625 1857;1.3192;1.31931;1.31918;1.31928;438
20260625 1900;1.31928;1.31937;1.31905;1.31905;470
20260625 1903;1.31905;1.31906;1.31878;1.31888;245
20260625 1906;1.31888;1.31899;1.31886;1.31893;122
20260625 1909;1.31893;1.31898;1.31884;1.31893;172
20260625 1912;1.31893;1.31895;1.31887;1.31894;180
20260625 1915;1.31894;1.31895;1.31869;1.31872;222
20260625 1918;1.31872;1.31887;1.3187;1.31884;234
20260625 1921;1.31884;1.31885;1.31874;1.31879;256
20260625 1924;1.31879;1.31879;1.3187;1.31876;169
20260625 1927;1.31876;1.31889;1.31875;1.31886;166
20260625 1930;1.31886;1.31896;1.31878;1.31883;222
20260625 1933;1.31883;1.31883;1.3186;1.31862;344
20260625 1936;1.31862;1.31869;1.31857;1.31869;144
20260625 1939;1.31869;1.31872;1.31867;1.31868;149
20260625 1942;1.31868;1.3188;1.31866;1.31879;118
20260625 1945;1.31879;1.31887;1.31869;1.31875;335
20260625 1948;1.31875;1.31879;1.31871;1.31873;248
20260625 1951;1.31873;1.31887;1.31866;1.31884;188
20260625 1954;1.31884;1.31884;1.31858;1.31858;189
20260625 1957;1.31858;1.31878;1.31844;1.31872;444
20260625 2000;1.31872;1.319;1.31869;1.31888;982
20260625 2003;1.31888;1.31899;1.31882;1.31896;700
20260625 2006;1.31896;1.31902;1.3189;1.319;649
20260625 2009;1.319;1.31909;1.31891;1.31893;465
20260625 2012;1.31893;1.31918;1.3189;1.31918;532
20260625 2015;1.31918;1.31922;1.31902;1.3192;512
20260625 2018;1.3192;1.31928;1.31912;1.31922;462
20260625 2021;1.31922;1.31935;1.31918;1.3193;311
20260625 2024;1.3193;1.31933;1.31913;1.31918;567
20260625 2027;1.31918;1.3193;1.31909;1.31929;642
20260625 2030;1.31929;1.3194;1.31919;1.31922;653
20260625 2033;1.31922;1.31927;1.31919;1.3192;503
20260625 2036;1.3192;1.3193;1.319;1.31902;643
20260625 2039;1.31902;1.31906;1.3189;1.31898;608
20260625 2042;1.31898;1.31918;1.31898;1.31913;484
20260625 2045;1.31913;1.31928;1.31911;1.31925;474
20260625 2048;1.31925;1.31925;1.31908;1.31914;380
20260625 2051;1.31914;1.31936;1.31914;1.31919;457
20260625 2054;1.31919;1.31926;1.319;1.31924;561
20260625 2057;1.31924;1.31936;1.31918;1.31928;350
20260625 2100;1.31928;1.3196;1.31925;1.31957;747
20260625 2103;1.31957;1.31967;1.3194;1.31945;595
20260625 2106;1.31945;1.31964;1.31945;1.31961;512
20260625 2109;1.31961;1.31978;1.31954;1.31973;592
20260625 2112;1.31973;1.31977;1.31957;1.31966;629
20260625 2115;1.31966;1.31996;1.31957;1.31988;567
20260625 2118;1.31988;1.31988;1.31977;1.31985;433
20260625 2121;1.31985;1.31986;1.31969;1.3197;379
20260625 2124;1.3197;1.31971;1.31957;1.31964;369
20260625 2127;1.31964;1.31974;1.31961;1.31974;427
20260625 2130;1.31974;1.31981;1.3195;1.3195;635
20260625 2133;1.3195;1.31962;1.31894;1.31894;948
20260625 2136;1.31894;1.31898;1.31878;1.31896;1103
20260625 2139;1.31896;1.31911;1.31893;1.31899;541
20260625 2142;1.31899;1.31911;1.31893;1.31897;441
20260625 2145;1.31897;1.31902;1.31878;1.31878;621
20260625 2148;1.31878;1.31892;1.31872;1.3188;386
20260625 2151;1.3188;1.31887;1.3187;1.31885;558
20260625 2154;1.31885;1.31897;1.3188;1.31887;392
20260625 2157;1.31887;1.31905;1.31874;1.31905;583
20260625 2200;1.31905;1.31914;1.31898;1.31908;445
20260625 2203;1.31908;1.31925;1.31908;1.31913;408
20260625 2206;1.31913;1.31924;1.31907;1.31919;415
20260625 2209;1.31919;1.31924;1.31884;1.31885;383
20260625 2212;1.31885;1.319;1.31881;1.31881;425
20260625 2215;1.31881;1.31888;1.31858;1.31886;545
20260625 2218;1.31886;1.31886;1.3184;1.31852;493
20260625 2221;1.31852;1.31856;1.31834;1.31839;442
20260625 2224;1.31839;1.31841;1.31819;1.31831;471
20260625 2227;1.31831;1.31836;1.31812;1.31826;556
20260625 2230;1.31826;1.31839;1.31821;1.31831;367
20260625 2233;1.31831;1.31841;1.31826;1.31833;424
20260625 2236;1.31833;1.3184;1.31819;1.31827;476
20260625 2239;1.31827;1.31847;1.31826;1.31847;361
20260625 2242;1.31847;1.31868;1.31841;1.3185;457
20260625 2245;1.3185;1.31852;1.31841;1.31842;552
20260625 2248;1.31842;1.3185;1.31834;1.31842;533
20260625 2251;1.31842;1.31842;1.31809;1.31818;526
20260625 2254;1.31818;1.31823;1.31802;1.31815;514
20260625 2257;1.31815;1.31835;1.31815;1.31832;625
20260625 2300;1.31832;1.31855;1.31823;1.31854;586
20260625 2303;1.31854;1.31866;1.31851;1.31861;457
20260625 2306;1.31861;1.31864;1.31855;1.31856;366
20260625 2309;1.31856;1.31899;1.31856;1.31896;451
20260625 2312;1.31896;1.31898;1.31884;1.31884;448
20260625 2315;1.31884;1.31892;1.31876;1.31886;430
20260625 2318;1.31886;1.31897;1.31878;1.31889;359
20260625 2321;1.31889;1.31889;1.31876;1.31877;257
20260625 2324;1.31877;1.31894;1.3187;1.31887;397
20260625 2327;1.31887;1.31888;1.31878;1.31888;514
20260625 2330;1.31888;1.31888;1.3187;1.31872;470
20260625 2333;1.31872;1.31876;1.3186;1.3187;467
20260625 2336;1.3187;1.31897;1.31869;1.31897;507
20260625 2339;1.31897;1.31909;1.31875;1.31896;618
20260625 2342;1.31896;1.3193;1.31887;1.3193;782
20260625 2345;1.3193;1.3193;1.31914;1.31928;636
20260625 2348;1.31928;1.31928;1.31909;1.3192;467
20260625 2351;1.3192;1.31947;1.31911;1.31947;533
20260625 2354;1.31947;1.31979;1.31947;1.31961;574
20260625 2357;1.31961;1.31979;1.31959;1.31976;367
20260626 0000;1.31976;1.3199;1.31963;1.31987;371
20260626 0003;1.31987;1.31996;1.31977;1.31986;355
20260626 0006;1.31986;1.31986;1.3197;1.31977;430
20260626 0009;1.31977;1.31992;1.31969;1.31989;454
20260626 0012;1.31989;1.31993;1.3198;1.31988;268
20260626 0015;1.31988;1.32;1.31982;1.31997;226
20260626 0018;1.31997;1.31998;1.31989;1.31991;233
20260626 0021;1.31991;1.32;1.31991;1.31995;364
20260626 0024;1.31995;1.31997;1.31986;1.31991;454
20260626 0027;1.31991;1.32014;1.31991;1.32;427
20260626 0030;1.32;1.32001;1.31979;1.31979;593
20260626 0033;1.31979;1.3199;1.31972;1.31987;583
20260626 0036;1.31987;1.3199;1.3197;1.31974;492
20260626 0039;1.31974;1.31974;1.3195;1.31954;427
20260626 0042;1.31954;1.31988;1.3195;1.31981;710
20260626 0045;1.31981;1.31985;1.31976;1.31977;369
20260626 0048;1.31977;1.31992;1.31976;1.31985;496
20260626 0051;1.31985;1.31998;1.31983;1.31995;251
20260626 0054;1.31995;1.32016;1.31993;1.32006;451
20260626 0057;1.32006;1.32013;1.31999;1.3201;426
20260626 0100;1.3201;1.3202;1.32;1.32009;499
20260626 0103;1.32009;1.32011;1.3199;1.31998;403
20260626 0106;1.31998;1.3201;1.3199;1.3201;408
20260626 0109;1.3201;1.3202;1.32003;1.32009;347
20260626 0112;1.32009;1.3202;1.32004;1.32018;408
20260626 0115;1.32018;1.32034;1.32001;1.32007;561
20260626 0118;1.32007;1.32021;1.32005;1.32009;451
20260626 0121;1.32009;1.32013;1.31998;1.31999;446
20260626 0124;1.31999;1.32032;1.31998;1.32029;463
20260626 0127;1.32029;1.32046;1.32027;1.3204;327
20260626 0130;1.3204;1.32051;1.3204;1.32049;356
20260626 0133;1.32049;1.32049;1.32027;1.32031;525
20260626 0136;1.32031;1.32049;1.32024;1.32043;434
20260626 0139;1.32043;1.32052;1.32037;1.32052;342
20260626 0142;1.32052;1.32071;1.32051;1.32059;339
20260626 0145;1.32059;1.32059;1.32039;1.32044;411
20260626 0148;1.32044;1.32062;1.32038;1.32059;431
20260626 0151;1.32059;1.32067;1.32042;1.32063;475
20260626 0154;1.32063;1.32074;1.32058;1.32065;703
20260626 0157;1.32065;1.32066;1.32047;1.32047;423
20260626 0200;1.32047;1.32059;1.3201;1.32012;812
20260626 0203;1.32012;1.3202;1.32002;1.32003;774
20260626 0206;1.32003;1.32011;1.31986;1.31989;622
20260626 0209;1.31989;1.3199;1.31969;1.31978;542
20260626 0212;1.31978;1.32006;1.31976;1.3199;528
20260626 0215;1.3199;1.32009;1.3199;1.31999;636
20260626 0218;1.31999;1.32019;1.3199;1.32016;762
20260626 0221;1.32016;1.32039;1.32016;1.32019;702
20260626 0224;1.32019;1.32039;1.32014;1.32019;531
20260626 0227;1.32019;1.32041;1.32015;1.32038;721
20260626 0230;1.32038;1.3207;1.32037;1.32054;757
20260626 0233;1.32054;1.32059;1.32022;1.32028;806
20260626 0236;1.32028;1.3203;1.3201;1.32017;905
20260626 0239;1.32017;1.32017;1.31984;1.31985;916
20260626 0242;1.31985;1.31988;1.31965;1.31966;741
20260626 0245;1.31966;1.3201;1.31965;1.32004;570
20260626 0248;1.32004;1.32013;1.31938;1.31953;803
20260626 0251;1.31953;1.31976;1.31945;1.31975;574
20260626 0254;1.31975;1.31996;1.31972;1.31983;790
20260626 0257;1.31983;1.31997;1.31968;1.31969;612
20260626 0300;1.31969;1.31987;1.31928;1.31967;1013
20260626 0303;1.31967;1.31967;1.31923;1.31926;810
20260626 0306;1.31926;1.31967;1.31922;1.31957;835
20260626 0309;1.31957;1.31981;1.31948;1.31961;603
20260626 0312;1.31961;1.3197;1.31952;1.31955;491
20260626 0315;1.31955;1.31988;1.31954;1.31976;644
20260626 0318;1.31976;1.31976;1.31948;1.31952;599
20260626 0321;1.31952;1.31968;1.31943;1.31954;548
20260626 0324;1.31954;1.31968;1.3195;1.3195;654
20260626 0327;1.3195;1.3195;1.31909;1.31916;863
20260626 0330;1.31916;1.31978;1.31908;1.31972;770
20260626 0333;1.31972;1.31999;1.31972;1.3199;583
20260626 0336;1.3199;1.32065;1.31982;1.32063;819
20260626 0339;1.32063;1.32115;1.32063;1.32097;866
20260626 0342;1.32097;1.32098;1.32061;1.32069;586
20260626 0345;1.32069;1.32069;1.32054;1.32057;392
20260626 0348;1.32057;1.32068;1.32044;1.32052;439
20260626 0351;1.32052;1.32063;1.32005;1.32029;698
20260626 0354;1.32029;1.32048;1.32026;1.32047;564
20260626 0357;1.32047;1.32056;1.32029;1.32047;489
20260626 0400;1.32047;1.32071;1.32012;1.32013;947
20260626 0403;1.32013;1.32015;1.31988;1.31996;635
20260626 0406;1.31996;1.32086;1.31989;1.32081;731
20260626 0409;1.32081;1.3214;1.32054;1.32099;1509
20260626 0412;1.32099;1.32106;1.32075;1.32096;1046
20260626 0415;1.32096;1.32115;1.32067;1.32115;896
20260626 0418;1.32115;1.32137;1.32037;1.32051;834
20260626 0421;1.32051;1.32085;1.3205;1.32082;673
20260626 0424;1.32082;1.321;1.32064;1.32094;1093
20260626 0427;1.32094;1.32141;1.32077;1.32138;895
20260626 0430;1.32138;1.32138;1.32079;1.32087;1161
20260626 0433;1.32087;1.32089;1.32059;1.3208;722
20260626 0436;1.3208;1.32108;1.32078;1.32108;560
20260626 0439;1.32108;1.32122;1.321;1.32103;802
20260626 0442;1.32103;1.32159;1.32101;1.32158;925
20260626 0445;1.32158;1.32197;1.32147;1.32147;798
20260626 0448;1.32147;1.32162;1.32134;1.32158;774
20260626 0451;1.32158;1.32222;1.32155;1.32214;897
20260626 0454;1.32214;1.32221;1.32171;1.32171;1044
20260626 0457;1.32171;1.32187;1.3216;1.32163;700
20260626 0500;1.32163;1.32165;1.32125;1.32147;1007
20260626 0503;1.32147;1.32152;1.3211;1.32119;1016
20260626 0506;1.32119;1.32145;1.32107;1.32143;1105
20260626 0509;1.32143;1.32144;1.32126;1.32132;512
20260626 0512;1.32132;1.32134;1.32098;1.32107;623
20260626 0515;1.32107;1.32146;1.32103;1.32117;851
20260626 0518;1.32117;1.32143;1.32076;1.32137;1424
20260626 0521;1.32137;1.32148;1.32125;1.32144;738
20260626 0524;1.32144;1.32157;1.32124;1.32156;551
20260626 0527;1.32156;1.32186;1.32143;1.32183;899
20260626 0530;1.32183;1.32188;1.32151;1.32177;617
20260626 0533;1.32177;1.32215;1.32176;1.32209;492
20260626 0536;1.32209;1.3222;1.32198;1.32214;473
20260626 0539;1.32214;1.32264;1.32208;1.32241;504
20260626 0542;1.32241;1.32243;1.3222;1.32226;535
20260626 0545;1.32226;1.32246;1.32215;1.32243;472
20260626 0548;1.32243;1.32282;1.32239;1.32274;707
20260626 0551;1.32274;1.32285;1.32265;1.32267;413
20260626 0554;1.32267;1.32267;1.32228;1.32229;575
20260626 0557;1.32229;1.32232;1.32192;1.32193;835
20260626 0600;1.32193;1.3222;1.32179;1.32181;904
20260626 0603;1.32181;1.3219;1.32158;1.32179;743
20260626 0606;1.32179;1.32218;1.32179;1.32197;677
20260626 0609;1.32197;1.32197;1.32151;1.32157;643
20260626 0612;1.32157;1.32206;1.32157;1.32205;673
20260626 0615;1.32205;1.32221;1.32194;1.32219;749
20260626 0618;1.32219;1.32219;1.3218;1.32186;793
20260626 0621;1.32186;1.32186;1.32157;1.32179;621
20260626 0624;1.32179;1.32187;1.32156;1.3218;493
20260626 0627;1.3218;1.32196;1.32174;1.32195;599
20260626 0630;1.32195;1.32198;1.32187;1.32193;598
20260626 0633;1.32193;1.32214;1.32188;1.32193;570
20260626 0636;1.32193;1.322;1.32175;1.32197;584
20260626 0639;1.32197;1.32204;1.32178;1.32178;671
20260626 0642;1.32178;1.32193;1.32168;1.32176;711
20260626 0645;1.32176;1.32193;1.32167;1.32186;491
20260626 0648;1.32186;1.32188;1.3217;1.32182;493
20260626 0651;1.32182;1.32218;1.32175;1.32216;574
20260626 0654;1.32216;1.32229;1.32209;1.32225;564
20260626 0657;1.32225;1.32235;1.32197;1.3222;731
20260626 0700;1.3222;1.3223;1.32194;1.32204;1094
20260626 0703;1.32204;1.32216;1.32191;1.32194;750
20260626 0706;1.32194;1.32207;1.32182;1.32201;588
20260626 0709;1.32201;1.32244;1.32194;1.32237;739
20260626 0712;1.32237;1.32237;1.32186;1.32188;733
20260626 0715;1.32188;1.32191;1.32154;1.32166;850
20260626 0718;1.32166;1.32217;1.32165;1.32207;859
20260626 0721;1.32207;1.32226;1.32191;1.32208;911
20260626 0724;1.32208;1.3221;1.32173;1.32187;761
20260626 0727;1.32187;1.32204;1.32177;1.32201;807
20260626 0730;1.32201;1.32219;1.32196;1.32207;814
20260626 0733;1.32207;1.32224;1.32173;1.32175;786
20260626 0736;1.32175;1.32183;1.32166;1.32172;910
20260626 0739;1.32172;1.32186;1.32168;1.32184;703
20260626 0742;1.32184;1.3219;1.32165;1.32169;665
20260626 0745;1.32169;1.3218;1.32165;1.32171;620
20260626 0748;1.32171;1.32181;1.32131;1.3214;684
20260626 0751;1.3214;1.32154;1.32105;1.32128;834
20260626 0754;1.32128;1.32159;1.32127;1.32144;1045
20260626 0757;1.32144;1.3217;1.3214;1.32166;823
20260626 0800;1.32166;1.32187;1.32158;1.32174;1040
20260626 0803;1.32174;1.32195;1.3217;1.32192;719
20260626 0806;1.32192;1.32204;1.32171;1.32174;505
20260626 0809;1.32174;1.32207;1.32167;1.32198;470
20260626 0812;1.32198;1.32203;1.32176;1.32185;550
20260626 0815;1.32185;1.32216;1.32185;1.32209;801
20260626 0818;1.32209;1.32212;1.32122;1.32134;1040
20260626 0821;1.32134;1.32148;1.32105;1.32107;1092
20260626 0824;1.32107;1.3214;1.32095;1.32128;930
20260626 0827;1.32128;1.32158;1.32128;1.32147;482
20260626 0830;1.32147;1.32173;1.32117;1.32118;625
20260626 0833;1.32118;1.32119;1.32048;1.32052;997
20260626 0836;1.32052;1.32087;1.32035;1.32073;1079
20260626 0839;1.32073;1.32095;1.32054;1.32091;890
20260626 0842;1.32091;1.32091;1.32062;1.32078;645
20260626 0845;1.32078;1.32079;1.32037;1.32044;776
20260626 0848;1.32044;1.32045;1.32;1.32022;1274
20260626 0851;1.32022;1.32139;1.32017;1.32138;1253
20260626 0854;1.32138;1.3214;1.32063;1.321;1484
20260626 0857;1.321;1.32181;1.32098;1.32106;2528
20260626 0900;1.32106;1.32141;1.3209;1.32132;2009
20260626 0903;1.32132;1.32158;1.32115;1.32148;1179
20260626 0906;1.32148;1.32219;1.32137;1.32196;893
20260626 0909;1.32196;1.322;1.32148;1.3218;1222
20260626 0912;1.3218;1.32185;1.32165;1.32171;874
20260626 0915;1.32171;1.3218;1.32147;1.3216;802
20260626 0918;1.3216;1.3216;1.32018;1.32105;2195
20260626 0921;1.32105;1.32183;1.32105;1.32163;1092
20260626 0924;1.32163;1.32185;1.32149;1.32175;971
20260626 0927;1.32175;1.32189;1.32153;1.32179;906
20260626 0930;1.32179;1.32189;1.32132;1.3215;1603
20260626 0933;1.3215;1.32189;1.32129;1.32177;1236
20260626 0936;1.32177;1.32194;1.32149;1.32158;1110
20260626 0939;1.32158;1.32176;1.32144;1.32152;1231
20260626 0942;1.32152;1.32181;1.32152;1.3217;1034
20260626 0945;1.3217;1.32175;1.32132;1.32132;1071
20260626 0948;1.32132;1.32166;1.32128;1.32149;1063
20260626 0951;1.32149;1.32189;1.32144;1.32168;922
20260626 0954;1.32168;1.32189;1.32161;1.32186;956
20260626 0957;1.32186;1.32254;1.32185;1.3225;837
20260626 1000;1.3225;1.3229;1.32236;1.32277;977
20260626 1003;1.32277;1.32284;1.32221;1.32239;1115
20260626 1006;1.32239;1.32274;1.32235;1.32237;1091
20260626 1009;1.32237;1.32257;1.32224;1.32243;1102
20260626 1012;1.32243;1.32269;1.32234;1.32258;1036
20260626 1015;1.32258;1.32309;1.32252;1.32258;1054
20260626 1018;1.32258;1.32291;1.32248;1.32288;714
20260626 1021;1.32288;1.3232;1.32286;1.32291;713
20260626 1024;1.32291;1.32314;1.32259;1.32278;828
20260626 1027;1.32278;1.32291;1.32223;1.32233;695
20260626 1030;1.32233;1.32256;1.32215;1.3225;539
20260626 1033;1.3225;1.32251;1.32208;1.32249;502
20260626 1036;1.32249;1.32251;1.32225;1.32235;523
20260626 1039;1.32235;1.32241;1.32166;1.32177;888
20260626 1042;1.32177;1.32209;1.32158;1.32187;620
20260626 1045;1.32187;1.32205;1.32183;1.32188;495
20260626 1048;1.32188;1.32213;1.32136;1.32176;1149
20260626 1051;1.32176;1.32176;1.32087;1.32088;953
20260626 1054;1.32088;1.32088;1.32025;1.32026;1252
20260626 1057;1.32026;1.32059;1.31973;1.31976;1476
20260626 1100;1.31976;1.32028;1.31974;1.32017;1562
20260626 1103;1.32017;1.32026;1.31995;1.32006;772
20260626 1106;1.32006;1.32039;1.31995;1.32039;539
20260626 1109;1.32039;1.3207;1.32038;1.32063;706
20260626 1112;1.32063;1.32103;1.32047;1.32089;751
20260626 1115;1.32089;1.32108;1.32077;1.321;775
20260626 1118;1.321;1.32119;1.32075;1.32118;886
20260626 1121;1.32118;1.32161;1.32106;1.32139;824
20260626 1124;1.32139;1.3216;1.32138;1.32147;568
20260626 1127;1.32147;1.32168;1.32127;1.32157;491
20260626 1130;1.32157;1.32178;1.32137;1.32144;836
20260626 1133;1.32144;1.32164;1.32124;1.32145;453
20260626 1136;1.32145;1.32179;1.32145;1.32167;304
20260626 1139;1.32167;1.32205;1.32167;1.32199;399
20260626 1142;1.32199;1.32199;1.32163;1.32178;538
20260626 1145;1.32178;1.32207;1.32173;1.32207;486
20260626 1148;1.32207;1.32225;1.32189;1.32189;472
20260626 1151;1.32189;1.3219;1.3211;1.32158;2257
20260626 1154;1.32158;1.32193;1.32154;1.32186;982
20260626 1157;1.32186;1.32222;1.32179;1.3221;768
20260626 1200;1.3221;1.32213;1.32168;1.32185;805
20260626 1203;1.32185;1.322;1.32176;1.32177;730
20260626 1206;1.32177;1.32198;1.32176;1.32188;554
20260626 1209;1.32188;1.32188;1.32153;1.32166;758
20260626 1212;1.32166;1.32175;1.3216;1.32169;357
20260626 1215;1.32169;1.32177;1.32156;1.32167;490
20260626 1218;1.32167;1.32176;1.32155;1.3216;624
20260626 1221;1.3216;1.32166;1.32112;1.32129;1187
20260626 1224;1.32129;1.32138;1.32108;1.32129;785
20260626 1227;1.32129;1.32134;1.32117;1.32122;702
20260626 1230;1.32122;1.32142;1.32115;1.32116;972
20260626 1233;1.32116;1.3212;1.32082;1.32088;581
20260626 1236;1.32088;1.32088;1.32044;1.32055;517
20260626 1239;1.32055;1.32075;1.32049;1.32061;468
20260626 1242;1.32061;1.32078;1.32049;1.32057;495
20260626 1245;1.32057;1.32069;1.32049;1.32051;396
20260626 1248;1.32051;1.32058;1.32044;1.32047;360
20260626 1251;1.32047;1.3207;1.32047;1.32064;260
20260626 1254;1.32064;1.32071;1.3205;1.32067;351
20260626 1257;1.32067;1.32068;1.32055;1.32058;256
20260626 1300;1.32058;1.32062;1.32045;1.32052;363
20260626 1303;1.32052;1.32066;1.32051;1.32052;237
20260626 1306;1.32052;1.32083;1.32046;1.32081;348
20260626 1309;1.32081;1.3209;1.32076;1.32077;457
20260626 1312;1.32077;1.32099;1.32067;1.32077;325
20260626 1315;1.32077;1.32079;1.32038;1.32042;396
20260626 1318;1.32042;1.3205;1.32036;1.32037;290
20260626 1321;1.32037;1.32052;1.32031;1.32036;354
20260626 1324;1.32036;1.32048;1.32027;1.3204;427
20260626 1327;1.3204;1.32046;1.32024;1.32028;527
20260626 1330;1.32028;1.32048;1.32001;1.32011;422
20260626 1333;1.32011;1.32019;1.31995;1.31996;360
20260626 1336;1.31996;1.32006;1.3199;1.31995;278
20260626 1339;1.31995;1.32;1.31984;1.31996;335
20260626 1342;1.31996;1.32035;1.31996;1.3203;477
20260626 1345;1.3203;1.32038;1.32007;1.3202;382
20260626 1348;1.3202;1.32026;1.32014;1.32026;357
20260626 1351;1.32026;1.32031;1.32022;1.32027;326
20260626 1354;1.32027;1.32029;1.32014;1.32019;348
20260626 1357;1.32019;1.3202;1.3199;1.32002;308
20260626 1400;1.32002;1.32028;1.32;1.32024;280
20260626 1403;1.32024;1.32061;1.3202;1.3205;442
20260626 1406;1.3205;1.32061;1.32048;1.32054;342
20260626 1409;1.32054;1.32056;1.32037;1.32042;355
20260626 1412;1.32042;1.3205;1.32036;1.32047;472
20260626 1415;1.32047;1.32049;1.32029;1.3203;496
20260626 1418;1.3203;1.32036;1.32017;1.32025;367
20260626 1421;1.32025;1.3203;1.32018;1.32018;373
20260626 1424;1.32018;1.32031;1.32013;1.3203;278
20260626 1427;1.3203;1.32034;1.32018;1.32029;325
20260626 1430;1.32029;1.32043;1.32029;1.32041;332
20260626 1433;1.32041;1.32055;1.3204;1.32046;318
20260626 1436;1.32046;1.32046;1.32029;1.32031;292
20260626 1439;1.32031;1.32037;1.32019;1.32021;242
20260626 1442;1.32021;1.32032;1.32021;1.32027;271
20260626 1445;1.32027;1.32027;1.31988;1.31995;525
20260626 1448;1.31995;1.32009;1.31993;1.32008;716
20260626 1451;1.32008;1.3202;1.32007;1.32018;399
20260626 1454;1.32018;1.3203;1.32015;1.32028;382
20260626 1457;1.32028;1.32036;1.31994;1.31995;434
20260626 1500;1.31995;1.31998;1.31984;1.31988;382
20260626 1503;1.31988;1.31988;1.31979;1.31988;139
20260626 1506;1.31988;1.3201;1.31985;1.32008;221
20260626 1509;1.32008;1.32008;1.31998;1.32007;172
20260626 1512;1.32007;1.32007;1.31995;1.32006;99
20260626 1515;1.32006;1.32006;1.31993;1.31995;143
20260626 1518;1.31995;1.32;1.31979;1.31984;186
20260626 1521;1.31984;1.31987;1.31962;1.31966;205
20260626 1524;1.31966;1.31966;1.31957;1.31957;214
20260626 1527;1.31957;1.31966;1.31957;1.31963;181
20260626 1530;1.31963;1.31965;1.31953;1.31963;243
20260626 1533;1.31963;1.31993;1.31963;1.31974;276
20260626 1536;1.31974;1.31977;1.31966;1.31973;300
20260626 1539;1.31973;1.31974;1.31956;1.31956;187
20260626 1542;1.31956;1.31966;1.31954;1.31963;158
20260626 1545;1.31963;1.31992;1.31956;1.3199;366
20260626 1548;1.3199;1.3201;1.3199;1.32003;289
20260626 1551;1.32003;1.32029;1.31997;1.32026;487
20260626 1554;1.32026;1.32027;1.32005;1.32021;336
20260626 1557;1.32021;1.32027;1.31984;1.31984;680
20260626 1600;1.31984;1.31997;1.3198;1.31997;594
20260626 1603;1.31997;1.32;1.31975;1.31994;260
20260626 1606;1.31994;1.31998;1.31985;1.31997;521
20260626 1609;1.31997;1.31998;1.31989;1.31996;313
20260626 1612;1.31996;1.32001;1.31995;1.31998;283
20260626 1615;1.31998;1.32012;1.31997;1.32;195
20260626 1618;1.32;1.32012;1.31998;1.32011;227
20260626 1621;1.32011;1.32027;1.3201;1.32026;162
20260626 1624;1.32026;1.32036;1.32018;1.32029;199
20260626 1627;1.32029;1.32036;1.32018;1.3202;167
20260626 1630;1.3202;1.32032;1.31978;1.31995;391
20260626 1633;1.31995;1.32;1.31979;1.31991;326
20260626 1636;1.31991;1.31991;1.31942;1.31959;897
20260626 1639;1.31959;1.31968;1.31942;1.31948;517
20260626 1642;1.31948;1.32006;1.31943;1.32006;297
20260626 1645;1.32006;1.32015;1.31973;1.31976;337
20260626 1648;1.31976;1.31977;1.3193;1.31942;292
20260626 1651;1.31942;1.31948;1.31929;1.31943;341
20260626 1654;1.31943;1.31945;1.31899;1.31906;471
20260626 1657;1.31906;1.31906;1.3187;1.3187;1
