Date,Message
"====================================
Chart Info: FX:GBPUSD
Timeframe: 3 Minute(s)
Timezone: America/New_York
Start Date: 2026-05-31 17:03 (Actual)
End Date: 2026-06-05 16:57 (Actual)
Data Format: YYYYMMDD HHMM;Open;High;Low;Close;Volume
===================================="
20260531 1703;1.34492;1.34492;1.34483;1.34484;16
20260531 1706;1.34484;1.34487;1.34484;1.34486;4
20260531 1709;1.34486;1.34492;1.34485;1.34486;19
20260531 1712;1.34486;1.34494;1.34484;1.3449;11
20260531 1715;1.3449;1.34495;1.34487;1.34495;26
20260531 1718;1.34495;1.3456;1.34477;1.34507;101
20260531 1721;1.34507;1.34507;1.34482;1.3449;834
20260531 1724;1.3449;1.34513;1.34483;1.3449;323
20260531 1727;1.3449;1.34533;1.3449;1.34526;11
20260531 1730;1.34526;1.34533;1.34525;1.34531;56
20260531 1733;1.34531;1.3455;1.34528;1.34549;153
20260531 1736;1.34549;1.34565;1.34527;1.34535;194
20260531 1739;1.34535;1.34554;1.34531;1.34547;75
20260531 1742;1.34547;1.34563;1.34545;1.34549;115
20260531 1745;1.34549;1.34567;1.34547;1.34552;106
20260531 1748;1.34552;1.34563;1.34482;1.34488;156
20260531 1751;1.34488;1.34491;1.34488;1.34491;13
20260531 1754;1.34491;1.34495;1.34489;1.34494;12
20260531 1757;1.34494;1.34498;1.34489;1.34492;13
20260531 1800;1.34492;1.34537;1.34481;1.34485;228
20260531 1803;1.34485;1.34486;1.34455;1.34459;179
20260531 1806;1.34459;1.34491;1.34455;1.34491;112
20260531 1809;1.34491;1.34493;1.34473;1.34475;77
20260531 1812;1.34475;1.34488;1.3447;1.34488;135
20260531 1815;1.34488;1.34492;1.34475;1.34486;63
20260531 1818;1.34486;1.34487;1.34482;1.34484;25
20260531 1821;1.34484;1.34495;1.34482;1.34493;51
20260531 1824;1.34493;1.34494;1.34468;1.34474;135
20260531 1827;1.34474;1.3448;1.34471;1.34472;99
20260531 1830;1.34472;1.34479;1.34469;1.34475;219
20260531 1833;1.34475;1.34475;1.34459;1.34466;332
20260531 1836;1.34466;1.34477;1.34463;1.34466;94
20260531 1839;1.34466;1.34476;1.34466;1.34474;151
20260531 1842;1.34474;1.34477;1.34468;1.34474;563
20260531 1845;1.34474;1.34491;1.34473;1.34478;305
20260531 1848;1.34478;1.34482;1.34474;1.34479;151
20260531 1851;1.34479;1.34488;1.34479;1.34485;273
20260531 1854;1.34485;1.34487;1.34477;1.34484;330
20260531 1857;1.34484;1.34496;1.34481;1.34487;484
20260531 1900;1.34487;1.34492;1.34475;1.34488;508
20260531 1903;1.34488;1.34506;1.34488;1.34494;391
20260531 1906;1.34494;1.34504;1.34487;1.34503;517
20260531 1909;1.34503;1.34504;1.34493;1.34496;210
20260531 1912;1.34496;1.34497;1.34489;1.34491;196
20260531 1915;1.34491;1.34499;1.34488;1.34488;308
20260531 1918;1.34488;1.34492;1.34486;1.34489;128
20260531 1921;1.34489;1.34495;1.34485;1.34487;90
20260531 1924;1.34487;1.34496;1.34487;1.34496;65
20260531 1927;1.34496;1.34509;1.34493;1.34508;258
20260531 1930;1.34508;1.3451;1.34502;1.34508;350
20260531 1933;1.34508;1.34508;1.34492;1.34497;285
20260531 1936;1.34497;1.34508;1.34494;1.34505;484
20260531 1939;1.34505;1.34509;1.34495;1.34508;724
20260531 1942;1.34508;1.34541;1.34504;1.34538;756
20260531 1945;1.34538;1.34584;1.34522;1.34526;1174
20260531 1948;1.34526;1.34542;1.34521;1.34533;784
20260531 1951;1.34533;1.34533;1.34513;1.34513;494
20260531 1954;1.34513;1.3453;1.34508;1.34521;448
20260531 1957;1.34521;1.3453;1.34498;1.34501;1056
20260531 2000;1.34501;1.34536;1.34484;1.34522;1696
20260531 2003;1.34522;1.34541;1.34516;1.34525;902
20260531 2006;1.34525;1.34538;1.34518;1.34534;426
20260531 2009;1.34534;1.34538;1.34507;1.34512;432
20260531 2012;1.34512;1.34519;1.34498;1.34512;440
20260531 2015;1.34512;1.34526;1.34505;1.34509;696
20260531 2018;1.34509;1.34512;1.34491;1.34493;328
20260531 2021;1.34493;1.345;1.34485;1.3449;526
20260531 2024;1.3449;1.34492;1.34453;1.34455;487
20260531 2027;1.34455;1.34479;1.34455;1.34479;474
20260531 2030;1.34479;1.3449;1.34474;1.34475;481
20260531 2033;1.34475;1.34479;1.34466;1.34471;387
20260531 2036;1.34471;1.34474;1.3446;1.34467;263
20260531 2039;1.34467;1.34476;1.34456;1.34475;287
20260531 2042;1.34475;1.34487;1.34472;1.34483;252
20260531 2045;1.34483;1.34498;1.34473;1.34474;522
20260531 2048;1.34474;1.34489;1.34472;1.34486;392
20260531 2051;1.34486;1.34499;1.34476;1.34481;318
20260531 2054;1.34481;1.34506;1.34458;1.34506;573
20260531 2057;1.34506;1.3452;1.34492;1.34515;517
20260531 2100;1.34515;1.3452;1.34493;1.34506;986
20260531 2103;1.34506;1.34517;1.34501;1.34516;479
20260531 2106;1.34516;1.34529;1.34499;1.34528;780
20260531 2109;1.34528;1.34528;1.34514;1.34526;604
20260531 2112;1.34526;1.34529;1.34505;1.34511;295
20260531 2115;1.34511;1.34512;1.34492;1.34505;493
20260531 2118;1.34505;1.34523;1.34503;1.34522;324
20260531 2121;1.34522;1.34536;1.34516;1.3453;829
20260531 2124;1.3453;1.34531;1.34512;1.34514;346
20260531 2127;1.34514;1.34516;1.34493;1.34497;224
20260531 2130;1.34497;1.34507;1.34482;1.34483;380
20260531 2133;1.34483;1.34516;1.34483;1.34506;371
20260531 2136;1.34506;1.34519;1.34502;1.34507;384
20260531 2139;1.34507;1.3451;1.34503;1.34506;240
20260531 2142;1.34506;1.34526;1.34502;1.34522;357
20260531 2145;1.34522;1.34524;1.34502;1.34504;281
20260531 2148;1.34504;1.34511;1.34502;1.34505;247
20260531 2151;1.34505;1.34521;1.34505;1.34518;202
20260531 2154;1.34518;1.34525;1.34515;1.34515;348
20260531 2157;1.34515;1.34539;1.34513;1.34537;327
20260531 2200;1.34537;1.34542;1.34533;1.34537;244
20260531 2203;1.34537;1.34548;1.34529;1.34543;316
20260531 2206;1.34543;1.34556;1.34541;1.3455;196
20260531 2209;1.3455;1.34551;1.34542;1.34547;174
20260531 2212;1.34547;1.34557;1.34545;1.3455;156
20260531 2215;1.3455;1.3456;1.3455;1.3455;147
20260531 2218;1.3455;1.34559;1.3455;1.34555;320
20260531 2221;1.34555;1.34563;1.34552;1.34562;318
20260531 2224;1.34562;1.34563;1.34547;1.34548;134
20260531 2227;1.34548;1.3455;1.34538;1.34539;126
20260531 2230;1.34539;1.34544;1.3453;1.34537;342
20260531 2233;1.34537;1.34551;1.34533;1.34548;251
20260531 2236;1.34548;1.34554;1.34545;1.34546;242
20260531 2239;1.34546;1.34549;1.34535;1.34537;229
20260531 2242;1.34537;1.34542;1.34529;1.34531;331
20260531 2245;1.34531;1.34542;1.3453;1.34538;455
20260531 2248;1.34538;1.34543;1.3453;1.34542;283
20260531 2251;1.34542;1.34544;1.34535;1.34542;275
20260531 2254;1.34542;1.34545;1.34538;1.34543;261
20260531 2257;1.34543;1.34563;1.34542;1.3456;316
20260531 2300;1.3456;1.34588;1.3456;1.34583;381
20260531 2303;1.34583;1.34592;1.34569;1.34571;312
20260531 2306;1.34571;1.34584;1.34571;1.34581;328
20260531 2309;1.34581;1.34582;1.34567;1.34568;165
20260531 2312;1.34568;1.34571;1.34555;1.34556;382
20260531 2315;1.34556;1.34567;1.3455;1.34557;160
20260531 2318;1.34557;1.34563;1.34525;1.34539;739
20260531 2321;1.34539;1.34539;1.34519;1.34529;469
20260531 2324;1.34529;1.34552;1.34528;1.34551;270
20260531 2327;1.34551;1.34578;1.34551;1.3457;318
20260531 2330;1.3457;1.34594;1.34567;1.3458;369
20260531 2333;1.3458;1.3458;1.3455;1.3455;284
20260531 2336;1.3455;1.34551;1.34534;1.34539;310
20260531 2339;1.34539;1.34539;1.34518;1.34518;235
20260531 2342;1.34518;1.34518;1.34495;1.34498;304
20260531 2345;1.34498;1.34515;1.34498;1.34503;248
20260531 2348;1.34503;1.34512;1.34502;1.34506;184
20260531 2351;1.34506;1.34508;1.34497;1.34498;144
20260531 2354;1.34498;1.34511;1.34496;1.34507;152
20260531 2357;1.34507;1.34507;1.34493;1.34498;266
20260601 0000;1.34498;1.34515;1.34494;1.34509;262
20260601 0003;1.34509;1.34517;1.34508;1.34512;161
20260601 0006;1.34512;1.34529;1.34511;1.34528;129
20260601 0009;1.34528;1.34528;1.34522;1.34524;124
20260601 0012;1.34524;1.34526;1.34518;1.34523;135
20260601 0015;1.34523;1.34539;1.34522;1.34539;66
20260601 0018;1.34539;1.34547;1.34538;1.3454;114
20260601 0021;1.3454;1.34547;1.34539;1.34545;84
20260601 0024;1.34545;1.34556;1.34539;1.34552;120
20260601 0027;1.34552;1.34559;1.34543;1.34556;116
20260601 0030;1.34556;1.34562;1.34552;1.34555;93
20260601 0033;1.34555;1.34556;1.34549;1.34553;116
20260601 0036;1.34553;1.34563;1.34552;1.34559;81
20260601 0039;1.34559;1.34577;1.34558;1.34571;188
20260601 0042;1.34571;1.34577;1.34568;1.34569;267
20260601 0045;1.34569;1.34572;1.3456;1.34564;90
20260601 0048;1.34564;1.34566;1.34549;1.34551;172
20260601 0051;1.34551;1.3456;1.3455;1.34559;131
20260601 0054;1.34559;1.34562;1.34556;1.3456;147
20260601 0057;1.3456;1.34569;1.34556;1.34569;231
20260601 0100;1.34569;1.34599;1.34562;1.34598;458
20260601 0103;1.34598;1.34607;1.34588;1.34605;361
20260601 0106;1.34605;1.34621;1.34601;1.3462;417
20260601 0109;1.3462;1.34621;1.34602;1.34617;185
20260601 0112;1.34617;1.34628;1.34609;1.34617;267
20260601 0115;1.34617;1.34627;1.34613;1.34626;188
20260601 0118;1.34626;1.34629;1.34625;1.34627;199
20260601 0121;1.34627;1.34637;1.3462;1.34633;338
20260601 0124;1.34633;1.34634;1.34623;1.34626;224
20260601 0127;1.34626;1.34629;1.34618;1.3462;202
20260601 0130;1.3462;1.34627;1.3461;1.34617;294
20260601 0133;1.34617;1.34628;1.34613;1.34627;185
20260601 0136;1.34627;1.34627;1.34612;1.34624;256
20260601 0139;1.34624;1.34632;1.34618;1.34628;280
20260601 0142;1.34628;1.34644;1.34625;1.34641;329
20260601 0145;1.34641;1.34659;1.34636;1.34657;269
20260601 0148;1.34657;1.34658;1.34635;1.3464;297
20260601 0151;1.3464;1.34657;1.34636;1.34638;367
20260601 0154;1.34638;1.34646;1.34634;1.34637;264
20260601 0157;1.34637;1.34637;1.34625;1.34632;297
20260601 0200;1.34632;1.34677;1.34632;1.34667;630
20260601 0203;1.34667;1.3467;1.34646;1.34649;515
20260601 0206;1.34649;1.34681;1.34647;1.34681;510
20260601 0209;1.34681;1.34698;1.34655;1.34657;712
20260601 0212;1.34657;1.34669;1.34646;1.34667;483
20260601 0215;1.34667;1.34667;1.34645;1.34649;697
20260601 0218;1.34649;1.34657;1.34629;1.34639;591
20260601 0221;1.34639;1.3464;1.34608;1.34611;552
20260601 0224;1.34611;1.34614;1.34586;1.34591;556
20260601 0227;1.34591;1.34621;1.3458;1.34621;573
20260601 0230;1.34621;1.34669;1.34616;1.34668;829
20260601 0233;1.34668;1.34679;1.34656;1.34662;847
20260601 0236;1.34662;1.3467;1.34644;1.34667;847
20260601 0239;1.34667;1.34667;1.34636;1.34648;439
20260601 0242;1.34648;1.34668;1.34632;1.3466;439
20260601 0245;1.3466;1.3469;1.3465;1.34687;727
20260601 0248;1.34687;1.3472;1.34685;1.347;720
20260601 0251;1.347;1.34724;1.34696;1.34717;852
20260601 0254;1.34717;1.34761;1.34706;1.34757;1039
20260601 0257;1.34757;1.34759;1.34716;1.34726;703
20260601 0300;1.34726;1.34726;1.34675;1.34697;779
20260601 0303;1.34697;1.34711;1.3466;1.3466;917
20260601 0306;1.3466;1.34688;1.34648;1.34667;900
20260601 0309;1.34667;1.34676;1.34625;1.34626;549
20260601 0312;1.34626;1.34661;1.34625;1.34646;663
20260601 0315;1.34646;1.3466;1.34637;1.3466;636
20260601 0318;1.3466;1.34669;1.34638;1.34649;785
20260601 0321;1.34649;1.34658;1.34631;1.34631;505
20260601 0324;1.34631;1.34639;1.34606;1.34637;778
20260601 0327;1.34637;1.3466;1.34635;1.34649;362
20260601 0330;1.34649;1.34665;1.34636;1.34644;379
20260601 0333;1.34644;1.34653;1.34634;1.34634;333
20260601 0336;1.34634;1.34636;1.3462;1.34626;404
20260601 0339;1.34626;1.34628;1.34587;1.34588;642
20260601 0342;1.34588;1.34601;1.34578;1.34588;544
20260601 0345;1.34588;1.34588;1.34553;1.34572;536
20260601 0348;1.34572;1.34617;1.34572;1.34616;552
20260601 0351;1.34616;1.34639;1.34606;1.34627;564
20260601 0354;1.34627;1.34636;1.34606;1.34617;603
20260601 0357;1.34617;1.34617;1.34594;1.34605;499
20260601 0400;1.34605;1.34621;1.34603;1.34614;960
20260601 0403;1.34614;1.34629;1.34606;1.34617;714
20260601 0406;1.34617;1.34628;1.34605;1.34607;468
20260601 0409;1.34607;1.34661;1.34607;1.34647;607
20260601 0412;1.34647;1.34671;1.34633;1.34671;641
20260601 0415;1.34671;1.34688;1.34661;1.34672;839
20260601 0418;1.34672;1.3468;1.34652;1.34664;598
20260601 0421;1.34664;1.34688;1.34649;1.34681;708
20260601 0424;1.34681;1.34715;1.34674;1.3468;738
20260601 0427;1.3468;1.34701;1.34679;1.34698;514
20260601 0430;1.34698;1.34698;1.34666;1.34683;650
20260601 0433;1.34683;1.34701;1.34679;1.34698;492
20260601 0436;1.34698;1.34709;1.34686;1.34696;561
20260601 0439;1.34696;1.34721;1.34696;1.3471;520
20260601 0442;1.3471;1.34729;1.34707;1.34726;583
20260601 0445;1.34726;1.34736;1.34688;1.34715;880
20260601 0448;1.34715;1.34729;1.347;1.34717;690
20260601 0451;1.34717;1.34721;1.34713;1.34715;446
20260601 0454;1.34715;1.34715;1.34674;1.34691;862
20260601 0457;1.34691;1.34716;1.34688;1.34707;411
20260601 0500;1.34707;1.34751;1.34706;1.34739;984
20260601 0503;1.34739;1.34748;1.34714;1.34718;860
20260601 0506;1.34718;1.34721;1.3469;1.34694;574
20260601 0509;1.34694;1.347;1.34667;1.34672;690
20260601 0512;1.34672;1.3469;1.34659;1.34671;838
20260601 0515;1.34671;1.34685;1.34663;1.34679;720
20260601 0518;1.34679;1.34694;1.34664;1.34664;385
20260601 0521;1.34664;1.34665;1.34617;1.34618;576
20260601 0524;1.34618;1.34627;1.34598;1.34601;479
20260601 0527;1.34601;1.34626;1.34599;1.34624;561
20260601 0530;1.34624;1.34627;1.34606;1.34607;407
20260601 0533;1.34607;1.34609;1.34587;1.34589;430
20260601 0536;1.34589;1.34619;1.34572;1.34599;581
20260601 0539;1.34599;1.34628;1.34596;1.34626;785
20260601 0542;1.34626;1.34627;1.34601;1.34601;615
20260601 0545;1.34601;1.34615;1.34586;1.34606;561
20260601 0548;1.34606;1.34607;1.34587;1.34599;460
20260601 0551;1.34599;1.34608;1.34592;1.34604;576
20260601 0554;1.34604;1.34615;1.34584;1.34589;549
20260601 0557;1.34589;1.34609;1.34585;1.34598;642
20260601 0600;1.34598;1.34614;1.34577;1.34589;590
20260601 0603;1.34589;1.34606;1.34585;1.34586;548
20260601 0606;1.34586;1.346;1.34577;1.34582;408
20260601 0609;1.34582;1.34586;1.34571;1.3458;445
20260601 0612;1.3458;1.34607;1.3458;1.346;425
20260601 0615;1.346;1.34608;1.34595;1.34599;283
20260601 0618;1.34599;1.346;1.34555;1.34559;868
20260601 0621;1.34559;1.34589;1.34558;1.3458;482
20260601 0624;1.3458;1.3458;1.34557;1.34569;452
20260601 0627;1.34569;1.34602;1.34565;1.3459;389
20260601 0630;1.3459;1.34612;1.34583;1.34608;629
20260601 0633;1.34608;1.34609;1.34585;1.34587;473
20260601 0636;1.34587;1.3461;1.34582;1.34608;338
20260601 0639;1.34608;1.34621;1.34595;1.34613;388
20260601 0642;1.34613;1.34647;1.34611;1.34647;543
20260601 0645;1.34647;1.34652;1.34625;1.34641;507
20260601 0648;1.34641;1.34655;1.34634;1.34635;688
20260601 0651;1.34635;1.34642;1.34632;1.34642;292
20260601 0654;1.34642;1.34649;1.34617;1.34621;540
20260601 0657;1.34621;1.34632;1.34602;1.34631;593
20260601 0700;1.34631;1.34641;1.3462;1.34622;783
20260601 0703;1.34622;1.34622;1.34601;1.34613;600
20260601 0706;1.34613;1.34624;1.34598;1.34619;450
20260601 0709;1.34619;1.34632;1.34601;1.3461;364
20260601 0712;1.3461;1.34646;1.34609;1.3463;458
20260601 0715;1.3463;1.34641;1.34626;1.34634;322
20260601 0718;1.34634;1.34658;1.34633;1.34657;309
20260601 0721;1.34657;1.3466;1.34616;1.34637;328
20260601 0724;1.34637;1.34641;1.34619;1.34641;390
20260601 0727;1.34641;1.34647;1.34634;1.34646;367
20260601 0730;1.34646;1.34646;1.34612;1.34612;647
20260601 0733;1.34612;1.34628;1.34607;1.34625;530
20260601 0736;1.34625;1.34627;1.34607;1.34626;533
20260601 0739;1.34626;1.34641;1.3461;1.34627;697
20260601 0742;1.34627;1.34648;1.34626;1.34631;373
20260601 0745;1.34631;1.34641;1.34625;1.34632;420
20260601 0748;1.34632;1.34647;1.34631;1.34637;356
20260601 0751;1.34637;1.34642;1.34625;1.34641;447
20260601 0754;1.34641;1.34655;1.34628;1.34654;406
20260601 0757;1.34654;1.34664;1.34639;1.34656;598
20260601 0800;1.34656;1.34674;1.3465;1.34657;930
20260601 0803;1.34657;1.34675;1.34654;1.34675;678
20260601 0806;1.34675;1.34684;1.34665;1.34668;752
20260601 0809;1.34668;1.34672;1.34646;1.34658;650
20260601 0812;1.34658;1.34658;1.34625;1.34628;610
20260601 0815;1.34628;1.34658;1.34624;1.34649;683
20260601 0818;1.34649;1.34652;1.3463;1.34639;661
20260601 0821;1.34639;1.34652;1.34635;1.34637;627
20260601 0824;1.34637;1.3466;1.34637;1.34655;638
20260601 0827;1.34655;1.34668;1.34639;1.34661;417
20260601 0830;1.34661;1.34687;1.34659;1.34676;527
20260601 0833;1.34676;1.34681;1.34667;1.34676;518
20260601 0836;1.34676;1.34687;1.34667;1.34682;747
20260601 0839;1.34682;1.34683;1.34658;1.34666;879
20260601 0842;1.34666;1.34683;1.34624;1.34668;1403
20260601 0845;1.34668;1.34686;1.34643;1.34651;1035
20260601 0848;1.34651;1.34658;1.34639;1.34653;670
20260601 0851;1.34653;1.34658;1.34639;1.34642;857
20260601 0854;1.34642;1.34652;1.34632;1.34641;603
20260601 0857;1.34641;1.34653;1.3463;1.34637;596
20260601 0900;1.34637;1.34639;1.34566;1.34566;933
20260601 0903;1.34566;1.34569;1.34541;1.3455;830
20260601 0906;1.3455;1.3457;1.34535;1.34563;848
20260601 0909;1.34563;1.34565;1.3445;1.34457;2248
20260601 0912;1.34457;1.34471;1.34367;1.34416;3772
20260601 0915;1.34416;1.34521;1.34408;1.34509;2477
20260601 0918;1.34509;1.34509;1.34413;1.34416;1840
20260601 0921;1.34416;1.34436;1.34334;1.34351;2586
20260601 0924;1.34351;1.34382;1.34328;1.34367;2064
20260601 0927;1.34367;1.34388;1.34343;1.34343;1604
20260601 0930;1.34343;1.34361;1.34278;1.34311;1938
20260601 0933;1.34311;1.34331;1.34267;1.34328;1506
20260601 0936;1.34328;1.34354;1.34282;1.34351;1630
20260601 0939;1.34351;1.3436;1.3429;1.34302;1344
20260601 0942;1.34302;1.34317;1.34257;1.34258;1182
20260601 0945;1.34258;1.3427;1.34236;1.34247;858
20260601 0948;1.34247;1.34259;1.34199;1.34199;1494
20260601 0951;1.34199;1.34199;1.34127;1.34142;2243
20260601 0954;1.34142;1.34151;1.34104;1.34124;1491
20260601 0957;1.34124;1.34173;1.34122;1.34139;525
20260601 1000;1.34139;1.34139;1.34075;1.34075;1257
20260601 1003;1.34075;1.34144;1.34066;1.34141;1756
20260601 1006;1.34141;1.34171;1.34124;1.34169;1392
20260601 1009;1.34169;1.34226;1.34166;1.34201;1486
20260601 1012;1.34201;1.34226;1.3419;1.34226;1262
20260601 1015;1.34226;1.34278;1.34207;1.34219;1813
20260601 1018;1.34219;1.34224;1.34167;1.34214;1390
20260601 1021;1.34214;1.34238;1.34205;1.34233;1069
20260601 1024;1.34233;1.3424;1.34214;1.34223;888
20260601 1027;1.34223;1.34242;1.34204;1.3424;791
20260601 1030;1.3424;1.34267;1.3422;1.3426;1323
20260601 1033;1.3426;1.34263;1.34218;1.34221;1164
20260601 1036;1.34221;1.34229;1.34204;1.34222;882
20260601 1039;1.34222;1.34272;1.3422;1.3427;810
20260601 1042;1.3427;1.3428;1.34252;1.34271;805
20260601 1045;1.34271;1.34283;1.34251;1.34265;611
20260601 1048;1.34265;1.34266;1.34203;1.3421;966
20260601 1051;1.3421;1.34261;1.34191;1.34259;922
20260601 1054;1.34259;1.34334;1.34236;1.34334;1519
20260601 1057;1.34334;1.34374;1.34301;1.3437;1443
20260601 1100;1.3437;1.34381;1.34336;1.34361;1362
20260601 1103;1.34361;1.34371;1.34328;1.34362;1315
20260601 1106;1.34362;1.34379;1.3435;1.34354;1058
20260601 1109;1.34354;1.34366;1.34334;1.34355;633
20260601 1112;1.34355;1.34358;1.34335;1.34336;836
20260601 1115;1.34336;1.3437;1.34336;1.34365;968
20260601 1118;1.34365;1.34383;1.34346;1.3438;826
20260601 1121;1.3438;1.34423;1.34379;1.34421;936
20260601 1124;1.34421;1.34432;1.34396;1.3442;974
20260601 1127;1.3442;1.34475;1.34411;1.34461;1192
20260601 1130;1.34461;1.34558;1.3446;1.34491;3526
20260601 1133;1.34491;1.34498;1.34467;1.34477;1456
20260601 1136;1.34477;1.34496;1.34465;1.34468;1026
20260601 1139;1.34468;1.34481;1.34448;1.34469;692
20260601 1142;1.34469;1.34487;1.34462;1.34481;526
20260601 1145;1.34481;1.34485;1.34452;1.3446;618
20260601 1148;1.3446;1.3446;1.34434;1.34442;557
20260601 1151;1.34442;1.34458;1.34441;1.3445;510
20260601 1154;1.3445;1.34499;1.34441;1.34498;678
20260601 1157;1.34498;1.34503;1.34479;1.34493;615
20260601 1200;1.34493;1.34538;1.34481;1.34481;987
20260601 1203;1.34481;1.34489;1.34477;1.34479;683
20260601 1206;1.34479;1.34491;1.34447;1.34451;668
20260601 1209;1.34451;1.34451;1.34419;1.34441;953
20260601 1212;1.34441;1.34442;1.34427;1.34434;742
20260601 1215;1.34434;1.34437;1.34406;1.34408;709
20260601 1218;1.34408;1.34423;1.34406;1.34411;706
20260601 1221;1.34411;1.34442;1.34411;1.34442;575
20260601 1224;1.34442;1.34461;1.34429;1.34458;500
20260601 1227;1.34458;1.34467;1.3445;1.34462;706
20260601 1230;1.34462;1.34492;1.34458;1.34476;1018
20260601 1233;1.34476;1.34529;1.34456;1.34525;1024
20260601 1236;1.34525;1.3454;1.34496;1.34506;673
20260601 1239;1.34506;1.34516;1.34495;1.34515;311
20260601 1242;1.34515;1.34517;1.34474;1.3448;445
20260601 1245;1.3448;1.34513;1.34477;1.34511;515
20260601 1248;1.34511;1.34543;1.34508;1.34537;569
20260601 1251;1.34537;1.34607;1.34537;1.34601;1262
20260601 1254;1.34601;1.34631;1.34577;1.34597;1388
20260601 1257;1.34597;1.34608;1.34586;1.34606;1094
20260601 1300;1.34606;1.34616;1.34569;1.34607;1545
20260601 1303;1.34607;1.34608;1.34563;1.34569;1003
20260601 1306;1.34569;1.3457;1.34536;1.34547;763
20260601 1309;1.34547;1.34563;1.34539;1.34551;609
20260601 1312;1.34551;1.34561;1.34545;1.34553;633
20260601 1315;1.34553;1.34559;1.34539;1.34544;635
20260601 1318;1.34544;1.34588;1.34539;1.34588;837
20260601 1321;1.34588;1.3459;1.34576;1.34583;669
20260601 1324;1.34583;1.34599;1.34566;1.34596;695
20260601 1327;1.34596;1.34656;1.34579;1.34656;819
20260601 1330;1.34656;1.34683;1.3462;1.34631;2078
20260601 1333;1.34631;1.34641;1.34623;1.34641;838
20260601 1336;1.34641;1.34648;1.34622;1.34624;870
20260601 1339;1.34624;1.34648;1.3462;1.3464;698
20260601 1342;1.3464;1.347;1.34637;1.34669;1345
20260601 1345;1.34669;1.34691;1.34668;1.34671;536
20260601 1348;1.34671;1.34675;1.34645;1.34669;568
20260601 1351;1.34669;1.34669;1.34646;1.3465;961
20260601 1354;1.3465;1.34672;1.34646;1.34671;626
20260601 1357;1.34671;1.34672;1.34644;1.34648;413
20260601 1400;1.34648;1.3465;1.34636;1.34645;370
20260601 1403;1.34645;1.34651;1.34635;1.34651;376
20260601 1406;1.34651;1.34657;1.34637;1.34646;426
20260601 1409;1.34646;1.34659;1.34641;1.34646;474
20260601 1412;1.34646;1.34646;1.34634;1.34636;372
20260601 1415;1.34636;1.34638;1.34616;1.3463;425
20260601 1418;1.3463;1.3465;1.3463;1.34646;397
20260601 1421;1.34646;1.34651;1.34624;1.34625;332
20260601 1424;1.34625;1.34639;1.34624;1.34633;332
20260601 1427;1.34633;1.34641;1.34623;1.34624;290
20260601 1430;1.34624;1.34627;1.34608;1.34609;198
20260601 1433;1.34609;1.3463;1.34607;1.3463;322
20260601 1436;1.3463;1.34638;1.34627;1.34629;370
20260601 1439;1.34629;1.3463;1.34618;1.34625;309
20260601 1442;1.34625;1.3463;1.34615;1.3463;317
20260601 1445;1.3463;1.3463;1.34608;1.34611;319
20260601 1448;1.34611;1.34616;1.34597;1.34599;377
20260601 1451;1.34599;1.34602;1.34587;1.34591;397
20260601 1454;1.34591;1.34596;1.3458;1.34581;385
20260601 1457;1.34581;1.34598;1.34571;1.34571;722
20260601 1500;1.34571;1.34588;1.34548;1.34586;537
20260601 1503;1.34586;1.34595;1.34583;1.34593;422
20260601 1506;1.34593;1.34596;1.34567;1.34587;289
20260601 1509;1.34587;1.34598;1.34579;1.34597;326
20260601 1512;1.34597;1.34601;1.34588;1.3459;322
20260601 1515;1.3459;1.34593;1.34582;1.34587;283
20260601 1518;1.34587;1.34604;1.34587;1.34598;403
20260601 1521;1.34598;1.34609;1.34597;1.34607;387
20260601 1524;1.34607;1.3461;1.34588;1.34594;425
20260601 1527;1.34594;1.346;1.34586;1.34586;275
20260601 1530;1.34586;1.34608;1.34586;1.34603;492
20260601 1533;1.34603;1.34605;1.34593;1.34594;450
20260601 1536;1.34594;1.34605;1.34592;1.34599;332
20260601 1539;1.34599;1.34599;1.34588;1.34598;401
20260601 1542;1.34598;1.34605;1.34588;1.34589;350
20260601 1545;1.34589;1.34598;1.34582;1.34596;452
20260601 1548;1.34596;1.34599;1.34584;1.3459;449
20260601 1551;1.3459;1.3459;1.34545;1.34547;526
20260601 1554;1.34547;1.34569;1.34532;1.34567;749
20260601 1557;1.34567;1.34595;1.34567;1.34589;636
20260601 1600;1.34589;1.34608;1.34583;1.34608;387
20260601 1603;1.34608;1.3461;1.346;1.34604;257
20260601 1606;1.34604;1.34604;1.34588;1.3459;305
20260601 1609;1.3459;1.34594;1.3457;1.34574;254
20260601 1612;1.34574;1.3459;1.34574;1.34577;216
20260601 1615;1.34577;1.34584;1.34566;1.34566;297
20260601 1618;1.34566;1.34569;1.3456;1.34563;180
20260601 1621;1.34563;1.34569;1.34561;1.34566;142
20260601 1624;1.34566;1.34577;1.34566;1.34575;113
20260601 1627;1.34575;1.34582;1.34575;1.34577;108
20260601 1630;1.34577;1.3458;1.34565;1.34579;138
20260601 1633;1.34579;1.34588;1.34578;1.34585;143
20260601 1636;1.34585;1.34585;1.34576;1.34579;69
20260601 1639;1.34579;1.34587;1.34579;1.34583;149
20260601 1642;1.34583;1.34584;1.34578;1.3458;154
20260601 1645;1.3458;1.3458;1.34567;1.34572;179
20260601 1648;1.34572;1.34577;1.34564;1.34564;169
20260601 1651;1.34564;1.34568;1.34558;1.3456;121
20260601 1654;1.3456;1.34568;1.34547;1.34548;239
20260601 1657;1.34548;1.34554;1.34542;1.34547;372
20260601 1700;1.34547;1.34547;1.34492;1.34492;5
20260601 1703;1.34492;1.34492;1.34477;1.34487;123
20260601 1706;1.34487;1.34489;1.34484;1.34485;1092
20260601 1709;1.34485;1.34508;1.34484;1.34488;783
20260601 1712;1.34488;1.34534;1.34486;1.34512;87
20260601 1715;1.34512;1.3453;1.34478;1.34493;44
20260601 1718;1.34493;1.34528;1.34474;1.34474;123
20260601 1721;1.34474;1.34506;1.34467;1.34469;34
20260601 1724;1.34469;1.34506;1.34462;1.34499;27
20260601 1727;1.34499;1.34508;1.3447;1.34485;55
20260601 1730;1.34485;1.34515;1.34479;1.34504;97
20260601 1733;1.34504;1.34517;1.34479;1.34479;155
20260601 1736;1.34479;1.34558;1.3446;1.34545;378
20260601 1739;1.34545;1.34604;1.34532;1.34589;799
20260601 1742;1.34589;1.34589;1.34541;1.34565;1665
20260601 1745;1.34565;1.34589;1.34539;1.34589;231
20260601 1748;1.34589;1.34596;1.34543;1.34567;107
20260601 1751;1.34567;1.34589;1.34543;1.34555;194
20260601 1754;1.34555;1.34598;1.3454;1.34563;229
20260601 1757;1.34563;1.34563;1.34507;1.34523;439
20260601 1800;1.34523;1.34587;1.34523;1.34576;150
20260601 1803;1.34576;1.34576;1.34565;1.34573;64
20260601 1806;1.34573;1.34576;1.34548;1.34565;308
20260601 1809;1.34565;1.34572;1.34564;1.34567;37
20260601 1812;1.34567;1.34574;1.34564;1.34569;28
20260601 1815;1.34569;1.34574;1.34565;1.34574;22
20260601 1818;1.34574;1.34576;1.34571;1.34574;23
20260601 1821;1.34574;1.34574;1.34557;1.34564;87
20260601 1824;1.34564;1.34567;1.34562;1.34562;44
20260601 1827;1.34562;1.34566;1.34555;1.34555;54
20260601 1830;1.34555;1.34571;1.34555;1.34567;110
20260601 1833;1.34567;1.34567;1.34561;1.34563;41
20260601 1836;1.34563;1.34566;1.3456;1.34564;63
20260601 1839;1.34564;1.34576;1.34564;1.34576;66
20260601 1842;1.34576;1.34577;1.34569;1.34571;106
20260601 1845;1.34571;1.34576;1.34566;1.34571;150
20260601 1848;1.34571;1.34574;1.34571;1.34573;18
20260601 1851;1.34573;1.34576;1.34572;1.34574;45
20260601 1854;1.34574;1.34576;1.34565;1.34573;91
20260601 1857;1.34573;1.34582;1.34572;1.34575;101
20260601 1900;1.34575;1.34595;1.34575;1.34591;169
20260601 1903;1.34591;1.34599;1.34587;1.34589;106
20260601 1906;1.34589;1.34599;1.34587;1.3459;149
20260601 1909;1.3459;1.34592;1.34586;1.34589;110
20260601 1912;1.34589;1.34591;1.34585;1.34588;68
20260601 1915;1.34588;1.34593;1.34586;1.34592;115
20260601 1918;1.34592;1.34592;1.34587;1.3459;66
20260601 1921;1.3459;1.34591;1.34586;1.34588;77
20260601 1924;1.34588;1.34588;1.34584;1.34588;28
20260601 1927;1.34588;1.3459;1.34584;1.34585;63
20260601 1930;1.34585;1.34591;1.34579;1.34581;131
20260601 1933;1.34581;1.34586;1.34572;1.34577;142
20260601 1936;1.34577;1.34582;1.34569;1.34577;140
20260601 1939;1.34577;1.34604;1.34577;1.34603;274
20260601 1942;1.34603;1.34603;1.34588;1.34603;179
20260601 1945;1.34603;1.34607;1.34596;1.34597;193
20260601 1948;1.34597;1.34598;1.34585;1.34585;89
20260601 1951;1.34585;1.34593;1.34585;1.34587;132
20260601 1954;1.34587;1.34595;1.34585;1.34593;222
20260601 1957;1.34593;1.34598;1.34589;1.34597;154
20260601 2000;1.34597;1.3462;1.34589;1.346;479
20260601 2003;1.346;1.34611;1.34593;1.34601;257
20260601 2006;1.34601;1.34602;1.34569;1.34571;426
20260601 2009;1.34571;1.34598;1.34566;1.34588;419
20260601 2012;1.34588;1.346;1.34586;1.34597;279
20260601 2015;1.34597;1.34608;1.3459;1.346;325
20260601 2018;1.346;1.34608;1.34594;1.34599;205
20260601 2021;1.34599;1.3461;1.34592;1.34592;196
20260601 2024;1.34592;1.34592;1.3458;1.34583;238
20260601 2027;1.34583;1.34599;1.34582;1.34598;189
20260601 2030;1.34598;1.34616;1.34587;1.34608;235
20260601 2033;1.34608;1.34608;1.34594;1.346;194
20260601 2036;1.346;1.34603;1.34588;1.34591;200
20260601 2039;1.34591;1.34594;1.34584;1.34586;202
20260601 2042;1.34586;1.34586;1.34566;1.34576;294
20260601 2045;1.34576;1.34579;1.34569;1.34576;296
20260601 2048;1.34576;1.34576;1.34559;1.34565;140
20260601 2051;1.34565;1.3457;1.34551;1.3456;195
20260601 2054;1.3456;1.3456;1.3453;1.34544;504
20260601 2057;1.34544;1.34546;1.34523;1.34538;521
20260601 2100;1.34538;1.34555;1.34529;1.34552;860
20260601 2103;1.34552;1.34561;1.34546;1.34557;496
20260601 2106;1.34557;1.34578;1.34556;1.34565;288
20260601 2109;1.34565;1.34576;1.34557;1.34576;390
20260601 2112;1.34576;1.34614;1.34576;1.34599;414
20260601 2115;1.34599;1.34599;1.34578;1.34579;568
20260601 2118;1.34579;1.34588;1.34569;1.34573;516
20260601 2121;1.34573;1.34581;1.34565;1.34569;229
20260601 2124;1.34569;1.34576;1.34559;1.3456;397
20260601 2127;1.3456;1.34581;1.34556;1.3457;431
20260601 2130;1.3457;1.34588;1.34568;1.34585;518
20260601 2133;1.34585;1.34597;1.34578;1.34588;351
20260601 2136;1.34588;1.34609;1.34578;1.3458;433
20260601 2139;1.3458;1.3458;1.34563;1.34568;391
20260601 2142;1.34568;1.34592;1.34561;1.34569;486
20260601 2145;1.34569;1.34569;1.34517;1.3452;505
20260601 2148;1.3452;1.34528;1.34512;1.34516;452
20260601 2151;1.34516;1.34524;1.34507;1.34522;459
20260601 2154;1.34522;1.3453;1.34519;1.34526;348
20260601 2157;1.34526;1.34538;1.34518;1.34519;366
20260601 2200;1.34519;1.34541;1.34512;1.34538;495
20260601 2203;1.34538;1.34539;1.34516;1.34519;293
20260601 2206;1.34519;1.34527;1.34509;1.34526;230
20260601 2209;1.34526;1.34531;1.34519;1.34528;340
20260601 2212;1.34528;1.34531;1.34518;1.34527;206
20260601 2215;1.34527;1.34538;1.34517;1.34529;200
20260601 2218;1.34529;1.34534;1.34519;1.34529;250
20260601 2221;1.34529;1.34533;1.34524;1.34532;168
20260601 2224;1.34532;1.34544;1.34529;1.34543;317
20260601 2227;1.34543;1.34556;1.34542;1.34555;293
20260601 2230;1.34555;1.34568;1.34551;1.34558;370
20260601 2233;1.34558;1.34558;1.34542;1.34544;176
20260601 2236;1.34544;1.34549;1.34539;1.34545;274
20260601 2239;1.34545;1.34548;1.34528;1.34532;216
20260601 2242;1.34532;1.34538;1.34523;1.34529;146
20260601 2245;1.34529;1.34547;1.34529;1.34542;233
20260601 2248;1.34542;1.34546;1.34535;1.34538;162
20260601 2251;1.34538;1.34545;1.34537;1.34539;184
20260601 2254;1.34539;1.34539;1.34527;1.3453;195
20260601 2257;1.3453;1.34545;1.3453;1.34536;273
20260601 2300;1.34536;1.34553;1.34533;1.34545;317
20260601 2303;1.34545;1.34554;1.34539;1.34545;231
20260601 2306;1.34545;1.34554;1.34539;1.34547;307
20260601 2309;1.34547;1.3455;1.3454;1.34549;191
20260601 2312;1.34549;1.34562;1.34545;1.34555;215
20260601 2315;1.34555;1.34563;1.34547;1.34556;190
20260601 2318;1.34556;1.34565;1.34538;1.3454;297
20260601 2321;1.3454;1.34549;1.34537;1.34547;302
20260601 2324;1.34547;1.34563;1.34544;1.34562;273
20260601 2327;1.34562;1.34562;1.34551;1.34559;316
20260601 2330;1.34559;1.34567;1.34554;1.34567;419
20260601 2333;1.34567;1.34569;1.34553;1.34569;267
20260601 2336;1.34569;1.34571;1.34559;1.3457;241
20260601 2339;1.3457;1.34579;1.34565;1.34575;208
20260601 2342;1.34575;1.34576;1.34568;1.34569;241
20260601 2345;1.34569;1.34581;1.34567;1.34578;241
20260601 2348;1.34578;1.34587;1.34577;1.34578;185
20260601 2351;1.34578;1.34583;1.34559;1.34562;173
20260601 2354;1.34562;1.34571;1.34559;1.3457;181
20260601 2357;1.3457;1.34589;1.3457;1.34582;230
20260602 0000;1.34582;1.3459;1.34574;1.34587;172
20260602 0003;1.34587;1.34594;1.34581;1.34581;184
20260602 0006;1.34581;1.3459;1.34581;1.34582;271
20260602 0009;1.34582;1.34588;1.3458;1.34583;274
20260602 0012;1.34583;1.34584;1.34571;1.34579;205
20260602 0015;1.34579;1.34596;1.34579;1.34595;187
20260602 0018;1.34595;1.34596;1.34585;1.34593;157
20260602 0021;1.34593;1.346;1.34593;1.34597;151
20260602 0024;1.34597;1.34598;1.34595;1.34598;94
20260602 0027;1.34598;1.34604;1.34595;1.34596;189
20260602 0030;1.34596;1.34619;1.34596;1.34613;224
20260602 0033;1.34613;1.34623;1.34602;1.34615;244
20260602 0036;1.34615;1.34625;1.34613;1.34616;144
20260602 0039;1.34616;1.34629;1.34613;1.34626;150
20260602 0042;1.34626;1.34628;1.34623;1.34627;171
20260602 0045;1.34627;1.34636;1.34623;1.34629;215
20260602 0048;1.34629;1.34636;1.34627;1.34629;149
20260602 0051;1.34629;1.34646;1.34628;1.3464;205
20260602 0054;1.3464;1.34641;1.34625;1.34636;208
20260602 0057;1.34636;1.34647;1.34633;1.34638;220
20260602 0100;1.34638;1.34652;1.34629;1.3464;385
20260602 0103;1.3464;1.34648;1.34637;1.34646;283
20260602 0106;1.34646;1.34649;1.34638;1.34645;130
20260602 0109;1.34645;1.34657;1.34643;1.34647;152
20260602 0112;1.34647;1.34657;1.34646;1.34651;274
20260602 0115;1.34651;1.34656;1.34646;1.34647;250
20260602 0118;1.34647;1.34655;1.34624;1.34627;374
20260602 0121;1.34627;1.3464;1.34627;1.34639;162
20260602 0124;1.34639;1.34652;1.34634;1.3465;241
20260602 0127;1.3465;1.34658;1.34645;1.34647;128
20260602 0130;1.34647;1.34665;1.34647;1.34651;322
20260602 0133;1.34651;1.34665;1.3465;1.34656;265
20260602 0136;1.34656;1.34667;1.34648;1.34657;328
20260602 0139;1.34657;1.34661;1.34646;1.3466;193
20260602 0142;1.3466;1.34663;1.34646;1.34649;212
20260602 0145;1.34649;1.34649;1.34632;1.34633;146
20260602 0148;1.34633;1.34634;1.34615;1.34624;145
20260602 0151;1.34624;1.34625;1.34612;1.3462;153
20260602 0154;1.3462;1.34631;1.34618;1.34627;178
20260602 0157;1.34627;1.34633;1.34609;1.3461;175
20260602 0200;1.3461;1.34641;1.3461;1.34631;312
20260602 0203;1.34631;1.34667;1.34626;1.34661;360
20260602 0206;1.34661;1.34686;1.34655;1.34679;491
20260602 0209;1.34679;1.3474;1.34676;1.34735;722
20260602 0212;1.34735;1.34759;1.3473;1.34738;569
20260602 0215;1.34738;1.34753;1.34734;1.34751;748
20260602 0218;1.34751;1.34758;1.34744;1.34747;559
20260602 0221;1.34747;1.3478;1.34747;1.34763;724
20260602 0224;1.34763;1.34805;1.34759;1.34794;658
20260602 0227;1.34794;1.34797;1.34785;1.34795;969
20260602 0230;1.34795;1.34805;1.34773;1.34787;828
20260602 0233;1.34787;1.34815;1.34786;1.3481;1171
20260602 0236;1.3481;1.34816;1.34787;1.3481;1077
20260602 0239;1.3481;1.34813;1.34777;1.34777;1139
20260602 0242;1.34777;1.34781;1.34747;1.34752;916
20260602 0245;1.34752;1.34776;1.3475;1.34758;683
20260602 0248;1.34758;1.34781;1.34743;1.34755;674
20260602 0251;1.34755;1.34755;1.34743;1.34753;550
20260602 0254;1.34753;1.34767;1.34752;1.34763;514
20260602 0257;1.34763;1.34786;1.34744;1.3478;621
20260602 0300;1.3478;1.34788;1.34754;1.34768;1064
20260602 0303;1.34768;1.34789;1.34747;1.34755;1018
20260602 0306;1.34755;1.34756;1.34726;1.34742;989
20260602 0309;1.34742;1.34757;1.34734;1.34735;907
20260602 0312;1.34735;1.34753;1.34732;1.34737;782
20260602 0315;1.34737;1.34738;1.3472;1.34722;814
20260602 0318;1.34722;1.34724;1.347;1.34715;532
20260602 0321;1.34715;1.3472;1.34706;1.34707;660
20260602 0324;1.34707;1.34712;1.34676;1.34707;822
20260602 0327;1.34707;1.3473;1.34704;1.34723;679
20260602 0330;1.34723;1.3474;1.34706;1.3473;770
20260602 0333;1.3473;1.34742;1.34718;1.34725;702
20260602 0336;1.34725;1.34751;1.34717;1.34743;705
20260602 0339;1.34743;1.34769;1.34728;1.34769;633
20260602 0342;1.34769;1.3477;1.34736;1.34755;753
20260602 0345;1.34755;1.34761;1.34737;1.34738;595
20260602 0348;1.34738;1.34741;1.34724;1.34726;751
20260602 0351;1.34726;1.34731;1.34709;1.34711;806
20260602 0354;1.34711;1.34729;1.34703;1.34724;1104
20260602 0357;1.34724;1.3473;1.34713;1.34719;1197
20260602 0400;1.34719;1.34741;1.34715;1.34718;940
20260602 0403;1.34718;1.3474;1.34716;1.34738;807
20260602 0406;1.34738;1.34756;1.34707;1.3472;774
20260602 0409;1.3472;1.34724;1.34683;1.34689;614
20260602 0412;1.34689;1.34705;1.34686;1.3469;706
20260602 0415;1.3469;1.34707;1.34672;1.34696;668
20260602 0418;1.34696;1.34707;1.34687;1.34691;737
20260602 0421;1.34691;1.34699;1.34658;1.34679;910
20260602 0424;1.34679;1.34686;1.34666;1.34679;795
20260602 0427;1.34679;1.34691;1.34669;1.34678;661
20260602 0430;1.34678;1.34696;1.34674;1.34681;522
20260602 0433;1.34681;1.34684;1.34664;1.34673;650
20260602 0436;1.34673;1.34678;1.34646;1.34654;759
20260602 0439;1.34654;1.34672;1.34649;1.34659;513
20260602 0442;1.34659;1.34662;1.34645;1.3465;447
20260602 0445;1.3465;1.3465;1.34625;1.3464;584
20260602 0448;1.3464;1.34648;1.34614;1.34626;607
20260602 0451;1.34626;1.34641;1.34618;1.34639;583
20260602 0454;1.34639;1.3464;1.34606;1.34606;437
20260602 0457;1.34606;1.34635;1.34606;1.34634;272
20260602 0500;1.34634;1.34638;1.34618;1.34619;618
20260602 0503;1.34619;1.34642;1.34606;1.34641;656
20260602 0506;1.34641;1.34648;1.34628;1.34636;342
20260602 0509;1.34636;1.3464;1.34627;1.3464;484
20260602 0512;1.3464;1.34662;1.34639;1.34662;427
20260602 0515;1.34662;1.34673;1.34658;1.34658;571
20260602 0518;1.34658;1.34689;1.34657;1.34681;598
20260602 0521;1.34681;1.34681;1.34645;1.3465;507
20260602 0524;1.3465;1.34679;1.3465;1.34678;504
20260602 0527;1.34678;1.3469;1.34667;1.34687;547
20260602 0530;1.34687;1.34703;1.34673;1.34678;453
20260602 0533;1.34678;1.34694;1.34666;1.34692;395
20260602 0536;1.34692;1.347;1.34685;1.34688;280
20260602 0539;1.34688;1.3469;1.34656;1.34668;691
20260602 0542;1.34668;1.34678;1.34659;1.34677;454
20260602 0545;1.34677;1.34692;1.34663;1.3467;377
20260602 0548;1.3467;1.34684;1.34665;1.34671;290
20260602 0551;1.34671;1.34687;1.34667;1.34671;309
20260602 0554;1.34671;1.3469;1.3467;1.34679;357
20260602 0557;1.34679;1.34707;1.34675;1.34703;464
20260602 0600;1.34703;1.34705;1.34668;1.3468;633
20260602 0603;1.3468;1.3471;1.34667;1.3471;483
20260602 0606;1.3471;1.34713;1.34695;1.34711;442
20260602 0609;1.34711;1.3474;1.3471;1.3474;279
20260602 0612;1.3474;1.34741;1.34719;1.34734;281
20260602 0615;1.34734;1.3474;1.34703;1.34711;326
20260602 0618;1.34711;1.34719;1.34678;1.3468;573
20260602 0621;1.3468;1.34686;1.34666;1.34671;603
20260602 0624;1.34671;1.34688;1.34666;1.34681;467
20260602 0627;1.34681;1.34692;1.34681;1.3469;419
20260602 0630;1.3469;1.34698;1.34683;1.34686;263
20260602 0633;1.34686;1.34695;1.34678;1.34679;209
20260602 0636;1.34679;1.34692;1.34678;1.34689;318
20260602 0639;1.34689;1.34697;1.34685;1.34685;404
20260602 0642;1.34685;1.34692;1.34674;1.3469;338
20260602 0645;1.3469;1.34703;1.34683;1.34683;269
20260602 0648;1.34683;1.34698;1.34678;1.34685;285
20260602 0651;1.34685;1.34713;1.34685;1.3471;367
20260602 0654;1.3471;1.34715;1.3468;1.34684;335
20260602 0657;1.34684;1.34686;1.34675;1.34678;408
20260602 0700;1.34678;1.34705;1.34675;1.34698;593
20260602 0703;1.34698;1.34705;1.34687;1.34698;505
20260602 0706;1.34698;1.34705;1.34689;1.34702;535
20260602 0709;1.34702;1.34708;1.34695;1.34701;442
20260602 0712;1.34701;1.34706;1.34677;1.3468;615
20260602 0715;1.3468;1.34685;1.34653;1.34667;723
20260602 0718;1.34667;1.34686;1.34665;1.34685;390
20260602 0721;1.34685;1.34696;1.34667;1.34675;542
20260602 0724;1.34675;1.34687;1.34674;1.34685;393
20260602 0727;1.34685;1.34687;1.34672;1.3468;568
20260602 0730;1.3468;1.34684;1.34674;1.34679;544
20260602 0733;1.34679;1.34687;1.34659;1.34677;641
20260602 0736;1.34677;1.34696;1.34676;1.3469;592
20260602 0739;1.3469;1.34704;1.34686;1.34692;709
20260602 0742;1.34692;1.34706;1.34691;1.347;408
20260602 0745;1.347;1.34721;1.34693;1.34713;341
20260602 0748;1.34713;1.3473;1.34713;1.34727;220
20260602 0751;1.34727;1.34749;1.3472;1.34738;485
20260602 0754;1.34738;1.3477;1.34737;1.34762;507
20260602 0757;1.34762;1.34762;1.34736;1.34739;525
20260602 0800;1.34739;1.34753;1.34726;1.34738;742
20260602 0803;1.34738;1.34741;1.34712;1.34741;579
20260602 0806;1.34741;1.34752;1.34723;1.34728;389
20260602 0809;1.34728;1.34737;1.34713;1.34719;452
20260602 0812;1.34719;1.34729;1.34713;1.34721;444
20260602 0815;1.34721;1.34757;1.34705;1.34747;654
20260602 0818;1.34747;1.34758;1.34727;1.34753;697
20260602 0821;1.34753;1.34767;1.34748;1.34752;494
20260602 0824;1.34752;1.34763;1.34747;1.34759;381
20260602 0827;1.34759;1.34769;1.34751;1.34768;235
20260602 0830;1.34768;1.3477;1.34727;1.34737;429
20260602 0833;1.34737;1.34768;1.34737;1.34767;210
20260602 0836;1.34767;1.34775;1.34726;1.34738;472
20260602 0839;1.34738;1.3476;1.34735;1.34746;284
20260602 0842;1.34746;1.3476;1.34721;1.34737;602
20260602 0845;1.34737;1.34746;1.3472;1.34728;793
20260602 0848;1.34728;1.34735;1.34714;1.34726;595
20260602 0851;1.34726;1.34733;1.34713;1.34729;556
20260602 0854;1.34729;1.34737;1.34718;1.34726;512
20260602 0857;1.34726;1.34729;1.34714;1.34719;663
20260602 0900;1.34719;1.34754;1.34709;1.34739;990
20260602 0903;1.34739;1.34748;1.34727;1.34742;704
20260602 0906;1.34742;1.34761;1.34711;1.34716;1286
20260602 0909;1.34716;1.34753;1.34711;1.34753;1224
20260602 0912;1.34753;1.34758;1.34729;1.34731;1058
20260602 0915;1.34731;1.34742;1.34725;1.34736;734
20260602 0918;1.34736;1.34764;1.34734;1.34753;715
20260602 0921;1.34753;1.34758;1.34725;1.34739;786
20260602 0924;1.34739;1.3477;1.34739;1.3476;655
20260602 0927;1.3476;1.34762;1.34726;1.34731;852
20260602 0930;1.34731;1.34776;1.34731;1.34755;1071
20260602 0933;1.34755;1.34761;1.34736;1.34756;869
20260602 0936;1.34756;1.34774;1.34747;1.34759;822
20260602 0939;1.34759;1.34771;1.34737;1.34757;846
20260602 0942;1.34757;1.34757;1.34735;1.34736;617
20260602 0945;1.34736;1.3475;1.34717;1.34718;944
20260602 0948;1.34718;1.34725;1.34702;1.34707;803
20260602 0951;1.34707;1.34707;1.34671;1.34688;757
20260602 0954;1.34688;1.34695;1.3467;1.34695;562
20260602 0957;1.34695;1.3471;1.34695;1.34704;396
20260602 1000;1.34704;1.34704;1.34623;1.34668;881
20260602 1003;1.34668;1.34679;1.34655;1.34664;657
20260602 1006;1.34664;1.34698;1.3466;1.34678;1024
20260602 1009;1.34678;1.34699;1.34665;1.34698;694
20260602 1012;1.34698;1.34707;1.34678;1.34698;788
20260602 1015;1.34698;1.34727;1.34687;1.34691;684
20260602 1018;1.34691;1.34698;1.34676;1.34679;638
20260602 1021;1.34679;1.34683;1.34648;1.34658;845
20260602 1024;1.34658;1.34687;1.34641;1.34678;1155
20260602 1027;1.34678;1.3469;1.34664;1.34681;648
20260602 1030;1.34681;1.34711;1.34677;1.34709;855
20260602 1033;1.34709;1.34736;1.34702;1.34736;498
20260602 1036;1.34736;1.34776;1.34735;1.34757;553
20260602 1039;1.34757;1.34795;1.34754;1.34793;614
20260602 1042;1.34793;1.34805;1.34778;1.34787;658
20260602 1045;1.34787;1.34787;1.34755;1.34755;562
20260602 1048;1.34755;1.34767;1.34734;1.34737;543
20260602 1051;1.34737;1.34749;1.34684;1.34697;1084
20260602 1054;1.34697;1.34754;1.34692;1.34748;1221
20260602 1057;1.34748;1.34748;1.34705;1.34722;926
20260602 1100;1.34722;1.34768;1.3472;1.34748;1174
20260602 1103;1.34748;1.34751;1.34714;1.34731;714
20260602 1106;1.34731;1.34791;1.34725;1.34786;838
20260602 1109;1.34786;1.34795;1.34773;1.34775;621
20260602 1112;1.34775;1.34775;1.34746;1.34757;607
20260602 1115;1.34757;1.34766;1.34747;1.34758;611
20260602 1118;1.34758;1.34776;1.34739;1.34776;606
20260602 1121;1.34776;1.34802;1.34771;1.34787;752
20260602 1124;1.34787;1.34799;1.3476;1.34761;918
20260602 1127;1.34761;1.3477;1.34736;1.34739;1187
20260602 1130;1.34739;1.34757;1.34723;1.34733;1112
20260602 1133;1.34733;1.3474;1.34718;1.3474;540
20260602 1136;1.3474;1.34769;1.34732;1.34749;657
20260602 1139;1.34749;1.34752;1.3473;1.34739;563
20260602 1142;1.34739;1.3475;1.34727;1.3474;478
20260602 1145;1.3474;1.34767;1.34731;1.34763;409
20260602 1148;1.34763;1.34779;1.34746;1.34763;550
20260602 1151;1.34763;1.3478;1.34757;1.34768;487
20260602 1154;1.34768;1.3478;1.3476;1.34778;514
20260602 1157;1.34778;1.348;1.34777;1.34791;635
20260602 1200;1.34791;1.34799;1.34753;1.34757;830
20260602 1203;1.34757;1.34758;1.3474;1.34754;448
20260602 1206;1.34754;1.34785;1.34754;1.34762;658
20260602 1209;1.34762;1.34796;1.34747;1.34796;544
20260602 1212;1.34796;1.348;1.34776;1.34788;598
20260602 1215;1.34788;1.348;1.34779;1.34787;510
20260602 1218;1.34787;1.34787;1.34746;1.34748;644
20260602 1221;1.34748;1.34756;1.34718;1.34756;829
20260602 1224;1.34756;1.34762;1.3473;1.34735;570
20260602 1227;1.34735;1.34741;1.34709;1.34711;594
20260602 1230;1.34711;1.34739;1.34711;1.34732;446
20260602 1233;1.34732;1.34741;1.34715;1.34718;425
20260602 1236;1.34718;1.34719;1.34685;1.34687;355
20260602 1239;1.34687;1.3469;1.34664;1.34667;375
20260602 1242;1.34667;1.34678;1.34656;1.34674;375
20260602 1245;1.34674;1.34674;1.34646;1.34672;454
20260602 1248;1.34672;1.34686;1.34665;1.34682;329
20260602 1251;1.34682;1.34686;1.34667;1.34677;394
20260602 1254;1.34677;1.34686;1.34652;1.34659;388
20260602 1257;1.34659;1.34665;1.34645;1.34662;485
20260602 1300;1.34662;1.34679;1.34645;1.34655;923
20260602 1303;1.34655;1.34674;1.3465;1.34651;456
20260602 1306;1.34651;1.34668;1.34627;1.34654;662
20260602 1309;1.34654;1.34656;1.34623;1.34627;460
20260602 1312;1.34627;1.34646;1.3462;1.3464;370
20260602 1315;1.3464;1.34647;1.34614;1.34634;419
20260602 1318;1.34634;1.34642;1.34626;1.34641;311
20260602 1321;1.34641;1.34645;1.34619;1.3462;324
20260602 1324;1.3462;1.34628;1.34611;1.34611;635
20260602 1327;1.34611;1.34632;1.34605;1.3463;640
20260602 1330;1.3463;1.34641;1.3462;1.34641;447
20260602 1333;1.34641;1.34647;1.34626;1.34626;459
20260602 1336;1.34626;1.3463;1.34617;1.34621;495
20260602 1339;1.34621;1.34622;1.34599;1.34609;420
20260602 1342;1.34609;1.34627;1.34606;1.34617;395
20260602 1345;1.34617;1.3462;1.34596;1.34601;435
20260602 1348;1.34601;1.3461;1.34595;1.34605;540
20260602 1351;1.34605;1.34606;1.34587;1.3459;454
20260602 1354;1.3459;1.34592;1.34574;1.34578;258
20260602 1357;1.34578;1.34599;1.34577;1.34591;414
20260602 1400;1.34591;1.34614;1.3459;1.3459;609
20260602 1403;1.3459;1.346;1.34588;1.34598;377
20260602 1406;1.34598;1.34599;1.34571;1.34573;397
20260602 1409;1.34573;1.34582;1.34556;1.34559;544
20260602 1412;1.34559;1.34577;1.34558;1.34571;523
20260602 1415;1.34571;1.34576;1.34551;1.34551;413
20260602 1418;1.34551;1.34552;1.34533;1.3454;664
20260602 1421;1.3454;1.34602;1.34532;1.34597;669
20260602 1424;1.34597;1.34605;1.34591;1.34602;649
20260602 1427;1.34602;1.3461;1.34596;1.34608;593
20260602 1430;1.34608;1.3464;1.34608;1.34627;727
20260602 1433;1.34627;1.34639;1.34617;1.34624;475
20260602 1436;1.34624;1.34628;1.34612;1.34626;511
20260602 1439;1.34626;1.34637;1.34624;1.34636;473
20260602 1442;1.34636;1.34636;1.34624;1.34628;520
20260602 1445;1.34628;1.34667;1.34625;1.34667;509
20260602 1448;1.34667;1.3469;1.34663;1.34687;504
20260602 1451;1.34687;1.34687;1.34679;1.34685;380
20260602 1454;1.34685;1.347;1.34679;1.3469;299
20260602 1457;1.3469;1.34706;1.34688;1.3469;295
20260602 1500;1.3469;1.34702;1.3469;1.34697;377
20260602 1503;1.34697;1.34699;1.34686;1.3469;236
20260602 1506;1.3469;1.3471;1.34689;1.34702;214
20260602 1509;1.34702;1.34704;1.34696;1.34697;237
20260602 1512;1.34697;1.34707;1.34691;1.34707;178
20260602 1515;1.34707;1.34723;1.34707;1.34722;220
20260602 1518;1.34722;1.34722;1.34701;1.34702;154
20260602 1521;1.34702;1.34708;1.34692;1.34699;282
20260602 1524;1.34699;1.347;1.34679;1.34688;300
20260602 1527;1.34688;1.34697;1.34685;1.34694;271
20260602 1530;1.34694;1.34694;1.34682;1.34686;208
20260602 1533;1.34686;1.34696;1.34684;1.34686;245
20260602 1536;1.34686;1.34689;1.34678;1.34679;231
20260602 1539;1.34679;1.34684;1.34677;1.3468;253
20260602 1542;1.3468;1.34687;1.34678;1.34686;152
20260602 1545;1.34686;1.34697;1.34679;1.34695;168
20260602 1548;1.34695;1.34698;1.34689;1.34697;323
20260602 1551;1.34697;1.34698;1.34682;1.34684;264
20260602 1554;1.34684;1.34694;1.34675;1.34689;407
20260602 1557;1.34689;1.34689;1.34677;1.34685;525
20260602 1600;1.34685;1.3469;1.34681;1.34689;303
20260602 1603;1.34689;1.34715;1.34687;1.34715;225
20260602 1606;1.34715;1.34716;1.34703;1.34705;125
20260602 1609;1.34705;1.34705;1.3469;1.34693;83
20260602 1612;1.34693;1.34695;1.34692;1.34692;52
20260602 1615;1.34692;1.34694;1.34674;1.34675;73
20260602 1618;1.34675;1.34676;1.34674;1.34676;41
20260602 1621;1.34676;1.34679;1.34673;1.34677;53
20260602 1624;1.34677;1.34678;1.34666;1.34666;237
20260602 1627;1.34666;1.34674;1.34665;1.34668;133
20260602 1630;1.34668;1.34676;1.34666;1.34674;132
20260602 1633;1.34674;1.34675;1.34663;1.34665;75
20260602 1636;1.34665;1.34667;1.3466;1.34665;119
20260602 1639;1.34665;1.34666;1.34661;1.34665;84
20260602 1642;1.34665;1.34672;1.34663;1.34671;114
20260602 1645;1.34671;1.34676;1.34669;1.3467;174
20260602 1648;1.3467;1.34675;1.34666;1.34672;99
20260602 1651;1.34672;1.34677;1.34669;1.34677;105
20260602 1654;1.34677;1.34681;1.34651;1.34651;297
20260602 1657;1.34651;1.34655;1.34632;1.34647;981
20260602 1700;1.34647;1.34647;1.34592;1.34594;8
20260602 1703;1.34594;1.3462;1.34594;1.34607;25
20260602 1706;1.34607;1.3462;1.34607;1.34615;54
20260602 1709;1.34615;1.34658;1.34609;1.34611;53
20260602 1712;1.34611;1.34622;1.3461;1.34611;31
20260602 1715;1.34611;1.34618;1.34601;1.34606;79
20260602 1718;1.34606;1.34628;1.34606;1.34616;26
20260602 1721;1.34616;1.34631;1.3461;1.34616;28
20260602 1724;1.34616;1.34633;1.34592;1.34603;38
20260602 1727;1.34603;1.34609;1.34553;1.34566;43
20260602 1730;1.34566;1.34593;1.3455;1.34557;155
20260602 1733;1.34557;1.34601;1.34551;1.34562;145
20260602 1736;1.34562;1.34604;1.34556;1.34604;104
20260602 1739;1.34604;1.34607;1.34564;1.34598;131
20260602 1742;1.34598;1.34606;1.34575;1.34589;76
20260602 1745;1.34589;1.34599;1.34562;1.34582;81
20260602 1748;1.34582;1.34597;1.34565;1.34594;78
20260602 1751;1.34594;1.34595;1.34574;1.34587;39
20260602 1754;1.34587;1.34608;1.34563;1.34568;1155
20260602 1757;1.34568;1.34613;1.34546;1.34584;470
20260602 1800;1.34584;1.34663;1.34584;1.34656;77
20260602 1803;1.34656;1.34658;1.3464;1.34651;95
20260602 1806;1.34651;1.34667;1.34645;1.34658;51
20260602 1809;1.34658;1.34668;1.34657;1.34667;53
20260602 1812;1.34667;1.34667;1.34631;1.34634;70
20260602 1815;1.34634;1.34638;1.34627;1.34627;47
20260602 1818;1.34627;1.34636;1.34627;1.34636;36
20260602 1821;1.34636;1.34637;1.34631;1.34632;38
20260602 1824;1.34632;1.34651;1.34632;1.34648;38
20260602 1827;1.34648;1.34656;1.34648;1.34651;44
20260602 1830;1.34651;1.34652;1.34642;1.34652;46
20260602 1833;1.34652;1.34653;1.34642;1.34645;89
20260602 1836;1.34645;1.34649;1.34645;1.34647;36
20260602 1839;1.34647;1.34647;1.34641;1.34644;73
20260602 1842;1.34644;1.34648;1.34643;1.34643;33
20260602 1845;1.34643;1.34647;1.34642;1.34643;54
20260602 1848;1.34643;1.34645;1.34637;1.3464;133
20260602 1851;1.3464;1.34642;1.34622;1.34627;150
20260602 1854;1.34627;1.34636;1.34626;1.34635;66
20260602 1857;1.34635;1.34638;1.34613;1.34617;145
20260602 1900;1.34617;1.34624;1.34612;1.34614;190
20260602 1903;1.34614;1.34617;1.34599;1.34607;236
20260602 1906;1.34607;1.34616;1.346;1.34615;100
20260602 1909;1.34615;1.34617;1.34602;1.34607;153
20260602 1912;1.34607;1.3461;1.346;1.34607;117
20260602 1915;1.34607;1.34608;1.34589;1.34597;125
20260602 1918;1.34597;1.34606;1.34578;1.34579;291
20260602 1921;1.34579;1.34579;1.34555;1.34559;230
20260602 1924;1.34559;1.3457;1.34557;1.34563;301
20260602 1927;1.34563;1.34569;1.34557;1.34568;213
20260602 1930;1.34568;1.34577;1.3455;1.34552;259
20260602 1933;1.34552;1.34568;1.34545;1.34568;207
20260602 1936;1.34568;1.34569;1.34517;1.34523;385
20260602 1939;1.34523;1.34529;1.34505;1.34526;337
20260602 1942;1.34526;1.34545;1.34526;1.34542;232
20260602 1945;1.34542;1.34542;1.34516;1.34518;319
20260602 1948;1.34518;1.34531;1.3451;1.34528;213
20260602 1951;1.34528;1.34533;1.34525;1.34527;121
20260602 1954;1.34527;1.34536;1.34527;1.34529;181
20260602 1957;1.34529;1.34542;1.34528;1.34528;221
20260602 2000;1.34528;1.34544;1.34516;1.34537;640
20260602 2003;1.34537;1.3456;1.34535;1.34559;420
20260602 2006;1.34559;1.34569;1.34555;1.34558;394
20260602 2009;1.34558;1.34571;1.34554;1.34568;250
20260602 2012;1.34568;1.34576;1.34556;1.34565;267
20260602 2015;1.34565;1.34577;1.34556;1.34575;308
20260602 2018;1.34575;1.34594;1.34574;1.3459;286
20260602 2021;1.3459;1.34618;1.3459;1.34603;381
20260602 2024;1.34603;1.34608;1.34597;1.34606;395
20260602 2027;1.34606;1.34615;1.34605;1.34613;315
20260602 2030;1.34613;1.34636;1.34608;1.3463;297
20260602 2033;1.3463;1.34637;1.34626;1.34636;304
20260602 2036;1.34636;1.34649;1.34631;1.34646;233
20260602 2039;1.34646;1.3467;1.34644;1.3467;228
20260602 2042;1.3467;1.3467;1.34644;1.34648;248
20260602 2045;1.34648;1.34655;1.34643;1.34645;225
20260602 2048;1.34645;1.34659;1.34639;1.34655;190
20260602 2051;1.34655;1.3467;1.34647;1.34649;302
20260602 2054;1.34649;1.34652;1.34635;1.34643;290
20260602 2057;1.34643;1.34666;1.34636;1.34656;290
20260602 2100;1.34656;1.34667;1.34628;1.34639;798
20260602 2103;1.34639;1.34648;1.3463;1.34647;528
20260602 2106;1.34647;1.34647;1.3462;1.34645;478
20260602 2109;1.34645;1.34656;1.34638;1.34644;373
20260602 2112;1.34644;1.34652;1.34636;1.34647;356
20260602 2115;1.34647;1.34657;1.34634;1.34641;338
20260602 2118;1.34641;1.34649;1.34641;1.34648;183
20260602 2121;1.34648;1.34659;1.34647;1.34658;242
20260602 2124;1.34658;1.3467;1.34654;1.34663;198
20260602 2127;1.34663;1.34681;1.34663;1.34676;278
20260602 2130;1.34676;1.34678;1.34643;1.34665;533
20260602 2133;1.34665;1.34689;1.34662;1.34688;355
20260602 2136;1.34688;1.34708;1.34684;1.34702;295
20260602 2139;1.34702;1.34705;1.34694;1.34695;247
20260602 2142;1.34695;1.34697;1.34686;1.34697;291
20260602 2145;1.34697;1.34707;1.34688;1.34706;194
20260602 2148;1.34706;1.34717;1.34702;1.34707;300
20260602 2151;1.34707;1.34708;1.34695;1.34696;258
20260602 2154;1.34696;1.34699;1.34674;1.34675;271
20260602 2157;1.34675;1.34676;1.34653;1.34672;366
20260602 2200;1.34672;1.34686;1.34672;1.34686;224
20260602 2203;1.34686;1.34704;1.34685;1.34699;251
20260602 2206;1.34699;1.34701;1.34683;1.34697;195
20260602 2209;1.34697;1.34703;1.34693;1.34697;151
20260602 2212;1.34697;1.34705;1.34694;1.34702;224
20260602 2215;1.34702;1.34705;1.34695;1.34697;212
20260602 2218;1.34697;1.34698;1.34691;1.34695;178
20260602 2221;1.34695;1.34697;1.3468;1.34685;284
20260602 2224;1.34685;1.34693;1.34684;1.34689;206
20260602 2227;1.34689;1.34689;1.34671;1.34673;224
20260602 2230;1.34673;1.34674;1.34658;1.34666;278
20260602 2233;1.34666;1.3468;1.34665;1.34667;177
20260602 2236;1.34667;1.3467;1.34655;1.34667;232
20260602 2239;1.34667;1.34677;1.3466;1.34677;155
20260602 2242;1.34677;1.3468;1.34657;1.34657;240
20260602 2245;1.34657;1.34658;1.34613;1.34617;462
20260602 2248;1.34617;1.34643;1.34609;1.34639;318
20260602 2251;1.34639;1.34639;1.34616;1.3463;244
20260602 2254;1.3463;1.34649;1.34629;1.34644;181
20260602 2257;1.34644;1.34653;1.34631;1.34633;398
20260602 2300;1.34633;1.34647;1.34621;1.34645;527
20260602 2303;1.34645;1.34648;1.34638;1.34645;228
20260602 2306;1.34645;1.3465;1.34627;1.34628;309
20260602 2309;1.34628;1.34638;1.34626;1.34628;175
20260602 2312;1.34628;1.3463;1.34617;1.3462;167
20260602 2315;1.3462;1.34627;1.34615;1.34627;191
20260602 2318;1.34627;1.34632;1.3462;1.34625;202
20260602 2321;1.34625;1.34636;1.34624;1.34635;222
20260602 2324;1.34635;1.34637;1.34614;1.34618;305
20260602 2327;1.34618;1.34621;1.34613;1.34616;175
20260602 2330;1.34616;1.34619;1.34609;1.34611;164
20260602 2333;1.34611;1.34619;1.34607;1.34617;213
20260602 2336;1.34617;1.34626;1.34612;1.34622;183
20260602 2339;1.34622;1.34638;1.34622;1.34638;130
20260602 2342;1.34638;1.34647;1.34631;1.34633;80
20260602 2345;1.34633;1.34637;1.34632;1.34633;115
20260602 2348;1.34633;1.34645;1.34633;1.34644;120
20260602 2351;1.34644;1.34648;1.34633;1.34634;139
20260602 2354;1.34634;1.34639;1.34624;1.34636;199
20260602 2357;1.34636;1.34636;1.34625;1.34631;258
20260603 0000;1.34631;1.34639;1.3462;1.34626;267
20260603 0003;1.34626;1.34629;1.34619;1.34627;144
20260603 0006;1.34627;1.34627;1.34604;1.34606;110
20260603 0009;1.34606;1.34609;1.34598;1.34602;175
20260603 0012;1.34602;1.34607;1.34597;1.34602;158
20260603 0015;1.34602;1.34613;1.346;1.34608;168
20260603 0018;1.34608;1.34612;1.34597;1.346;126
20260603 0021;1.346;1.34608;1.34598;1.34603;202
20260603 0024;1.34603;1.34608;1.346;1.34606;100
20260603 0027;1.34606;1.34606;1.34587;1.34591;223
20260603 0030;1.34591;1.34605;1.34589;1.34598;195
20260603 0033;1.34598;1.34599;1.34592;1.34596;131
20260603 0036;1.34596;1.34596;1.34585;1.3459;189
20260603 0039;1.3459;1.34599;1.3459;1.34593;166
20260603 0042;1.34593;1.34604;1.34593;1.34603;135
20260603 0045;1.34603;1.34603;1.34589;1.34598;171
20260603 0048;1.34598;1.34598;1.34584;1.3459;191
20260603 0051;1.3459;1.34605;1.34583;1.346;178
20260603 0054;1.346;1.346;1.3459;1.34593;108
20260603 0057;1.34593;1.34615;1.34593;1.34599;209
20260603 0100;1.34599;1.34605;1.34588;1.34597;259
20260603 0103;1.34597;1.34604;1.34593;1.34604;148
20260603 0106;1.34604;1.34616;1.34599;1.34616;225
20260603 0109;1.34616;1.34619;1.34616;1.34616;105
20260603 0112;1.34616;1.34618;1.34608;1.34613;244
20260603 0115;1.34613;1.34635;1.34613;1.34627;203
20260603 0118;1.34627;1.34629;1.34617;1.34618;168
20260603 0121;1.34618;1.34619;1.34606;1.34608;156
20260603 0124;1.34608;1.34609;1.34593;1.34593;152
20260603 0127;1.34593;1.34593;1.34555;1.3456;356
20260603 0130;1.3456;1.34563;1.34537;1.34548;486
20260603 0133;1.34548;1.34553;1.34532;1.34549;350
20260603 0136;1.34549;1.34558;1.34538;1.3454;294
20260603 0139;1.3454;1.34548;1.34539;1.34546;247
20260603 0142;1.34546;1.34551;1.34529;1.3453;270
20260603 0145;1.3453;1.34541;1.34526;1.34539;253
20260603 0148;1.34539;1.34549;1.34534;1.34536;186
20260603 0151;1.34536;1.34551;1.34527;1.34544;292
20260603 0154;1.34544;1.34547;1.34514;1.34515;244
20260603 0157;1.34515;1.34518;1.34494;1.34498;433
20260603 0200;1.34498;1.34517;1.34491;1.34516;640
20260603 0203;1.34516;1.34537;1.3451;1.34513;592
20260603 0206;1.34513;1.34519;1.34491;1.34501;438
20260603 0209;1.34501;1.34505;1.34433;1.34435;616
20260603 0212;1.34435;1.34441;1.34418;1.34438;608
20260603 0215;1.34438;1.34451;1.34416;1.34445;782
20260603 0218;1.34445;1.34458;1.34428;1.34435;686
20260603 0221;1.34435;1.34439;1.34376;1.3438;660
20260603 0224;1.3438;1.34408;1.34369;1.34406;681
20260603 0227;1.34406;1.34429;1.34398;1.34419;995
20260603 0230;1.34419;1.34459;1.34405;1.34445;1008
20260603 0233;1.34445;1.3445;1.34419;1.3445;908
20260603 0236;1.3445;1.34477;1.34443;1.34467;865
20260603 0239;1.34467;1.34471;1.34453;1.34455;656
20260603 0242;1.34455;1.34486;1.34444;1.34468;907
20260603 0245;1.34468;1.34469;1.34425;1.34444;911
20260603 0248;1.34444;1.34462;1.34444;1.3446;515
20260603 0251;1.3446;1.34477;1.3445;1.34474;470
20260603 0254;1.34474;1.34479;1.34466;1.34477;556
20260603 0257;1.34477;1.34511;1.34475;1.34499;598
20260603 0300;1.34499;1.34506;1.34456;1.3449;1261
20260603 0303;1.3449;1.34501;1.34471;1.3448;802
20260603 0306;1.3448;1.34498;1.34477;1.3449;708
20260603 0309;1.3449;1.34531;1.34485;1.34527;1066
20260603 0312;1.34527;1.34542;1.34512;1.34518;587
20260603 0315;1.34518;1.34531;1.34499;1.34501;577
20260603 0318;1.34501;1.34522;1.34498;1.34504;569
20260603 0321;1.34504;1.34518;1.3448;1.34481;618
20260603 0324;1.34481;1.34496;1.34477;1.3448;633
20260603 0327;1.3448;1.3448;1.3446;1.3446;533
20260603 0330;1.3446;1.34468;1.34427;1.34466;822
20260603 0333;1.34466;1.34583;1.34464;1.34554;2384
20260603 0336;1.34554;1.34564;1.34534;1.34552;1127
20260603 0339;1.34552;1.34556;1.34526;1.3455;937
20260603 0342;1.3455;1.3462;1.34549;1.3462;846
20260603 0345;1.3462;1.34624;1.34596;1.34612;699
20260603 0348;1.34612;1.3462;1.34576;1.34586;610
20260603 0351;1.34586;1.346;1.34576;1.34598;421
20260603 0354;1.34598;1.34612;1.34548;1.34558;733
20260603 0357;1.34558;1.34565;1.34546;1.34563;656
20260603 0400;1.34563;1.3458;1.34534;1.34568;759
20260603 0403;1.34568;1.34576;1.34532;1.34536;740
20260603 0406;1.34536;1.34544;1.34528;1.34535;465
20260603 0409;1.34535;1.34545;1.34511;1.3452;361
20260603 0412;1.3452;1.34529;1.34487;1.34492;482
20260603 0415;1.34492;1.34495;1.34448;1.34476;609
20260603 0418;1.34476;1.34494;1.34476;1.34494;510
20260603 0421;1.34494;1.34501;1.34479;1.34484;523
20260603 0424;1.34484;1.3449;1.34468;1.34489;536
20260603 0427;1.34489;1.34519;1.34489;1.34501;609
20260603 0430;1.34501;1.34549;1.34494;1.34508;1200
20260603 0433;1.34508;1.34519;1.3449;1.34506;759
20260603 0436;1.34506;1.34508;1.34484;1.34487;533
20260603 0439;1.34487;1.34489;1.3441;1.34435;956
20260603 0442;1.34435;1.34438;1.34404;1.34417;861
20260603 0445;1.34417;1.3447;1.34417;1.34457;751
20260603 0448;1.34457;1.34464;1.34437;1.34449;594
20260603 0451;1.34449;1.3445;1.34424;1.34436;516
20260603 0454;1.34436;1.34442;1.34427;1.34436;404
20260603 0457;1.34436;1.3445;1.34423;1.34428;507
20260603 0500;1.34428;1.34469;1.34422;1.34449;715
20260603 0503;1.34449;1.3446;1.34439;1.34458;449
20260603 0506;1.34458;1.34487;1.34457;1.34468;411
20260603 0509;1.34468;1.34484;1.34462;1.34466;418
20260603 0512;1.34466;1.34484;1.34462;1.34482;301
20260603 0515;1.34482;1.34495;1.34468;1.34493;520
20260603 0518;1.34493;1.34507;1.34479;1.34504;488
20260603 0521;1.34504;1.3451;1.34489;1.34493;387
20260603 0524;1.34493;1.34506;1.34463;1.34506;697
20260603 0527;1.34506;1.34506;1.34459;1.3446;690
20260603 0530;1.3446;1.34479;1.34441;1.3445;760
20260603 0533;1.3445;1.34468;1.34439;1.34466;658
20260603 0536;1.34466;1.34481;1.34464;1.34479;508
20260603 0539;1.34479;1.3449;1.34476;1.3448;490
20260603 0542;1.3448;1.34491;1.3447;1.34478;473
20260603 0545;1.34478;1.34501;1.34462;1.34475;674
20260603 0548;1.34475;1.34495;1.34468;1.34492;505
20260603 0551;1.34492;1.34492;1.34475;1.34478;473
20260603 0554;1.34478;1.3448;1.34449;1.34449;590
20260603 0557;1.34449;1.34482;1.34447;1.34481;678
20260603 0600;1.34481;1.3449;1.34468;1.3448;865
20260603 0603;1.3448;1.34565;1.34472;1.34556;1045
20260603 0606;1.34556;1.34599;1.34546;1.34575;2951
20260603 0609;1.34575;1.34575;1.34535;1.34549;923
20260603 0612;1.34549;1.34549;1.34507;1.34528;629
20260603 0615;1.34528;1.34528;1.3449;1.34491;605
20260603 0618;1.34491;1.345;1.34465;1.34477;620
20260603 0621;1.34477;1.34492;1.34476;1.34488;618
20260603 0624;1.34488;1.34498;1.34469;1.34478;414
20260603 0627;1.34478;1.3448;1.34464;1.34475;462
20260603 0630;1.34475;1.34487;1.34467;1.3448;653
20260603 0633;1.3448;1.34496;1.34469;1.34485;741
20260603 0636;1.34485;1.34485;1.34471;1.34483;502
20260603 0639;1.34483;1.34485;1.34458;1.34459;519
20260603 0642;1.34459;1.34476;1.34457;1.34466;384
20260603 0645;1.34466;1.34476;1.34459;1.34467;389
20260603 0648;1.34467;1.34488;1.34465;1.34484;403
20260603 0651;1.34484;1.34496;1.34477;1.34486;456
20260603 0654;1.34486;1.34507;1.34484;1.34501;446
20260603 0657;1.34501;1.34506;1.34489;1.34498;482
20260603 0700;1.34498;1.34521;1.34496;1.34519;763
20260603 0703;1.34519;1.34527;1.34503;1.34508;633
20260603 0706;1.34508;1.3454;1.34508;1.34539;758
20260603 0709;1.34539;1.3454;1.34519;1.34529;503
20260603 0712;1.34529;1.34551;1.34529;1.34545;385
20260603 0715;1.34545;1.34545;1.3452;1.34523;398
20260603 0718;1.34523;1.3454;1.34514;1.34537;358
20260603 0721;1.34537;1.34549;1.34529;1.34529;353
20260603 0724;1.34529;1.34543;1.34529;1.34532;366
20260603 0727;1.34532;1.34542;1.34528;1.34538;517
20260603 0730;1.34538;1.34558;1.34536;1.34538;476
20260603 0733;1.34538;1.34543;1.34531;1.34535;293
20260603 0736;1.34535;1.3454;1.34523;1.34524;292
20260603 0739;1.34524;1.34529;1.34512;1.34515;435
20260603 0742;1.34515;1.34516;1.34485;1.34488;283
20260603 0745;1.34488;1.34529;1.34485;1.34512;420
20260603 0748;1.34512;1.34539;1.34498;1.34538;433
20260603 0751;1.34538;1.34558;1.34529;1.34537;463
20260603 0754;1.34537;1.34547;1.34506;1.34507;628
20260603 0757;1.34507;1.34514;1.34486;1.34502;833
20260603 0800;1.34502;1.34511;1.34469;1.34485;1153
20260603 0803;1.34485;1.34496;1.34476;1.34482;869
20260603 0806;1.34482;1.34483;1.34474;1.3448;674
20260603 0809;1.3448;1.34493;1.34463;1.34492;645
20260603 0812;1.34492;1.34492;1.34468;1.3447;514
20260603 0815;1.3447;1.3448;1.34449;1.34474;511
20260603 0818;1.34474;1.3448;1.34416;1.34419;714
20260603 0821;1.34419;1.34438;1.34414;1.34422;808
20260603 0824;1.34422;1.3444;1.34416;1.34427;674
20260603 0827;1.34427;1.34436;1.3441;1.3441;509
20260603 0830;1.3441;1.34412;1.34372;1.34377;722
20260603 0833;1.34377;1.3438;1.3433;1.34343;1113
20260603 0836;1.34343;1.34343;1.34288;1.3431;963
20260603 0839;1.3431;1.3433;1.34274;1.34311;1339
20260603 0842;1.34311;1.34382;1.34308;1.34371;1019
20260603 0845;1.34371;1.34372;1.3435;1.34354;1039
20260603 0848;1.34354;1.34354;1.3432;1.34325;1068
20260603 0851;1.34325;1.34332;1.34295;1.34331;974
20260603 0854;1.34331;1.34334;1.34302;1.34307;519
20260603 0857;1.34307;1.34324;1.34305;1.3432;390
20260603 0900;1.3432;1.34328;1.343;1.34309;523
20260603 0903;1.34309;1.3435;1.34306;1.34346;604
20260603 0906;1.34346;1.34351;1.34322;1.34335;562
20260603 0909;1.34335;1.34361;1.3433;1.3435;670
20260603 0912;1.3435;1.34364;1.34327;1.3433;476
20260603 0915;1.3433;1.34337;1.34279;1.3428;768
20260603 0918;1.3428;1.34287;1.3425;1.34251;903
20260603 0921;1.34251;1.343;1.34248;1.34261;1023
20260603 0924;1.34261;1.34272;1.34241;1.34264;1061
20260603 0927;1.34264;1.34326;1.34264;1.34322;1157
20260603 0930;1.34322;1.34333;1.34271;1.3431;2006
20260603 0933;1.3431;1.34326;1.34284;1.3432;1415
20260603 0936;1.3432;1.34338;1.34301;1.34331;1186
20260603 0939;1.34331;1.34331;1.34295;1.34323;1227
20260603 0942;1.34323;1.3433;1.34264;1.34267;1300
20260603 0945;1.34267;1.3429;1.34236;1.34245;1437
20260603 0948;1.34245;1.3426;1.34217;1.34228;1583
20260603 0951;1.34228;1.34277;1.34223;1.34258;1534
20260603 0954;1.34258;1.34279;1.34247;1.34268;1176
20260603 0957;1.34268;1.34281;1.34243;1.34249;442
20260603 1000;1.34249;1.3431;1.34193;1.34301;616
20260603 1003;1.34301;1.34301;1.3426;1.34261;810
20260603 1006;1.34261;1.34281;1.34257;1.3426;703
20260603 1009;1.3426;1.34308;1.34259;1.34292;563
20260603 1012;1.34292;1.3434;1.34284;1.34321;826
20260603 1015;1.34321;1.34338;1.34275;1.3429;1527
20260603 1018;1.3429;1.3429;1.34234;1.34264;1854
20260603 1021;1.34264;1.34289;1.34252;1.34271;1267
20260603 1024;1.34271;1.34298;1.34266;1.34289;1126
20260603 1027;1.34289;1.3431;1.34284;1.34299;1136
20260603 1030;1.34299;1.34305;1.34251;1.34265;1206
20260603 1033;1.34265;1.34296;1.34262;1.34288;869
20260603 1036;1.34288;1.34294;1.34275;1.34279;715
20260603 1039;1.34279;1.34298;1.34245;1.34265;885
20260603 1042;1.34265;1.34281;1.34237;1.34238;935
20260603 1045;1.34238;1.34247;1.34221;1.34237;799
20260603 1048;1.34237;1.34239;1.34211;1.3422;1311
20260603 1051;1.3422;1.34326;1.34218;1.34322;2482
20260603 1054;1.34322;1.34327;1.34305;1.34306;1384
20260603 1057;1.34306;1.34373;1.34286;1.34369;1381
20260603 1100;1.34369;1.34373;1.34333;1.34345;1005
20260603 1103;1.34345;1.34347;1.34269;1.34273;892
20260603 1106;1.34273;1.34282;1.3426;1.34277;917
20260603 1109;1.34277;1.34292;1.34264;1.34277;739
20260603 1112;1.34277;1.34309;1.34265;1.34304;876
20260603 1115;1.34304;1.34347;1.34298;1.34346;1318
20260603 1118;1.34346;1.34377;1.34338;1.34339;1123
20260603 1121;1.34339;1.34358;1.34338;1.34352;1040
20260603 1124;1.34352;1.34353;1.34321;1.34326;995
20260603 1127;1.34326;1.34357;1.34305;1.34357;1210
20260603 1130;1.34357;1.34362;1.34334;1.34358;643
20260603 1133;1.34358;1.3438;1.34352;1.34369;791
20260603 1136;1.34369;1.34386;1.34329;1.34369;989
20260603 1139;1.34369;1.34373;1.34349;1.3436;508
20260603 1142;1.3436;1.34387;1.3435;1.34378;711
20260603 1145;1.34378;1.34399;1.34352;1.34353;809
20260603 1148;1.34353;1.34354;1.34334;1.34347;686
20260603 1151;1.34347;1.3435;1.34318;1.34326;624
20260603 1154;1.34326;1.34348;1.34314;1.3434;753
20260603 1157;1.3434;1.34352;1.34333;1.34346;855
20260603 1200;1.34346;1.34352;1.343;1.34302;936
20260603 1203;1.34302;1.34324;1.34297;1.343;867
20260603 1206;1.343;1.34307;1.34228;1.34246;1161
20260603 1209;1.34246;1.34248;1.34207;1.34217;960
20260603 1212;1.34217;1.34231;1.34217;1.34228;739
20260603 1215;1.34228;1.34231;1.34207;1.3421;818
20260603 1218;1.3421;1.34211;1.34174;1.34184;861
20260603 1221;1.34184;1.34225;1.34179;1.34205;880
20260603 1224;1.34205;1.34221;1.342;1.34211;641
20260603 1227;1.34211;1.34224;1.34197;1.34223;877
20260603 1230;1.34223;1.3423;1.34195;1.34195;619
20260603 1233;1.34195;1.34199;1.3417;1.34174;378
20260603 1236;1.34174;1.34185;1.3416;1.34161;703
20260603 1239;1.34161;1.34169;1.34155;1.34159;759
20260603 1242;1.34159;1.3418;1.34156;1.3418;858
20260603 1245;1.3418;1.3419;1.34174;1.3419;739
20260603 1248;1.3419;1.3421;1.34174;1.34209;594
20260603 1251;1.34209;1.34209;1.34181;1.34204;869
20260603 1254;1.34204;1.3422;1.34188;1.3422;666
20260603 1257;1.3422;1.34251;1.34218;1.34225;865
20260603 1300;1.34225;1.34236;1.3422;1.3423;716
20260603 1303;1.3423;1.34241;1.34228;1.34231;655
20260603 1306;1.34231;1.34277;1.34218;1.34276;566
20260603 1309;1.34276;1.34289;1.34239;1.34239;714
20260603 1312;1.34239;1.34245;1.34205;1.34229;494
20260603 1315;1.34229;1.34229;1.34204;1.34208;347
20260603 1318;1.34208;1.34213;1.34182;1.34188;446
20260603 1321;1.34188;1.34193;1.34179;1.34191;333
20260603 1324;1.34191;1.34192;1.34186;1.34188;321
20260603 1327;1.34188;1.34189;1.34168;1.34172;407
20260603 1330;1.34172;1.34172;1.34153;1.34162;424
20260603 1333;1.34162;1.34189;1.34159;1.34189;340
20260603 1336;1.34189;1.3419;1.34174;1.3418;237
20260603 1339;1.3418;1.3419;1.34178;1.34189;151
20260603 1342;1.34189;1.34193;1.34165;1.34168;281
20260603 1345;1.34168;1.34168;1.34151;1.34156;487
20260603 1348;1.34156;1.34162;1.34149;1.34158;389
20260603 1351;1.34158;1.34188;1.34158;1.3418;436
20260603 1354;1.3418;1.34188;1.34165;1.34167;251
20260603 1357;1.34167;1.3417;1.34153;1.34157;275
20260603 1400;1.34157;1.34174;1.34156;1.34167;389
20260603 1403;1.34167;1.34179;1.34149;1.34152;424
20260603 1406;1.34152;1.34158;1.34144;1.34149;394
20260603 1409;1.34149;1.3415;1.34136;1.34144;297
20260603 1412;1.34144;1.34145;1.34127;1.34132;314
20260603 1415;1.34132;1.34157;1.34129;1.3415;338
20260603 1418;1.3415;1.34153;1.34116;1.34136;453
20260603 1421;1.34136;1.34161;1.34135;1.3416;413
20260603 1424;1.3416;1.34167;1.34143;1.34159;302
20260603 1427;1.34159;1.34163;1.34148;1.34157;307
20260603 1430;1.34157;1.34159;1.34144;1.34149;253
20260603 1433;1.34149;1.3415;1.34128;1.34133;478
20260603 1436;1.34133;1.3415;1.34132;1.34147;486
20260603 1439;1.34147;1.3415;1.34139;1.34143;364
20260603 1442;1.34143;1.34155;1.34143;1.34153;250
20260603 1445;1.34153;1.34173;1.34151;1.34169;256
20260603 1448;1.34169;1.3418;1.34165;1.34174;339
20260603 1451;1.34174;1.34179;1.34167;1.34178;362
20260603 1454;1.34178;1.34182;1.34159;1.34159;225
20260603 1457;1.34159;1.34165;1.34154;1.34157;111
20260603 1500;1.34165;1.34184;1.34156;1.3418;390
20260603 1503;1.3418;1.34188;1.34176;1.34177;350
20260603 1506;1.34177;1.34185;1.34172;1.34184;267
20260603 1509;1.34184;1.34184;1.34169;1.34175;244
20260603 1512;1.34175;1.3418;1.34168;1.34169;243
20260603 1515;1.34169;1.34209;1.34168;1.34205;514
20260603 1518;1.34205;1.34208;1.34188;1.34199;458
20260603 1521;1.34199;1.34205;1.34187;1.34196;324
20260603 1524;1.34196;1.34197;1.34186;1.34189;298
20260603 1527;1.34189;1.34189;1.34169;1.3418;270
20260603 1530;1.3418;1.3419;1.34178;1.34183;322
20260603 1533;1.34183;1.34198;1.34178;1.34195;294
20260603 1536;1.34195;1.34209;1.34192;1.34203;345
20260603 1539;1.34203;1.34204;1.34198;1.34199;286
20260603 1542;1.34199;1.34208;1.34189;1.34191;235
20260603 1545;1.34191;1.34192;1.34183;1.34188;215
20260603 1548;1.34188;1.34204;1.34188;1.34201;406
20260603 1551;1.34201;1.34201;1.34182;1.34196;413
20260603 1554;1.34196;1.34196;1.34184;1.3419;269
20260603 1557;1.3419;1.34198;1.34178;1.34195;248
20260603 1600;1.34195;1.34208;1.34195;1.34198;176
20260603 1603;1.34198;1.34206;1.34184;1.34195;150
20260603 1606;1.34195;1.34197;1.34192;1.34197;49
20260603 1609;1.34197;1.34208;1.34195;1.34205;73
20260603 1612;1.34205;1.34207;1.34198;1.342;161
20260603 1615;1.342;1.34203;1.34184;1.34184;287
20260603 1618;1.34184;1.34188;1.34176;1.34185;215
20260603 1621;1.34185;1.34187;1.34177;1.34179;240
20260603 1624;1.34179;1.34194;1.34172;1.34187;255
20260603 1627;1.34187;1.34188;1.34167;1.34169;259
20260603 1630;1.34169;1.34179;1.34166;1.34172;247
20260603 1633;1.34172;1.34179;1.34169;1.34171;148
20260603 1636;1.34171;1.34172;1.34159;1.34162;122
20260603 1639;1.34162;1.34168;1.34161;1.34166;138
20260603 1642;1.34166;1.34169;1.34164;1.34167;201
20260603 1645;1.34167;1.34179;1.34165;1.34177;157
20260603 1648;1.34177;1.34179;1.34168;1.34178;236
20260603 1651;1.34178;1.34188;1.34175;1.34186;48
20260603 1654;1.34186;1.34196;1.34172;1.34172;86
20260603 1657;1.34172;1.34178;1.34159;1.34159;224
20260603 1700;1.34159;1.3416;1.34117;1.34117;4
20260603 1703;1.34117;1.34147;1.34101;1.34114;25
20260603 1706;1.34114;1.3415;1.3411;1.34138;112
20260603 1709;1.34138;1.34152;1.34133;1.34147;49
20260603 1712;1.34147;1.3417;1.34111;1.34111;107
20260603 1715;1.34111;1.3413;1.34111;1.34116;44
20260603 1718;1.34116;1.34131;1.34109;1.34111;67
20260603 1721;1.34111;1.34112;1.34111;1.34111;50
20260603 1724;1.34111;1.34112;1.34094;1.34111;106
20260603 1727;1.34111;1.34124;1.34102;1.34116;73
20260603 1730;1.34116;1.34117;1.34103;1.34103;138
20260603 1733;1.34103;1.34125;1.341;1.34117;147
20260603 1736;1.34117;1.34133;1.34106;1.34107;227
20260603 1739;1.34107;1.34138;1.34106;1.34119;392
20260603 1742;1.34119;1.34119;1.34118;1.34119;278
20260603 1745;1.34119;1.34132;1.34118;1.34126;41
20260603 1748;1.34126;1.34132;1.34124;1.34132;91
20260603 1751;1.34132;1.34145;1.34124;1.3414;165
20260603 1754;1.3414;1.34156;1.34137;1.3414;531
20260603 1757;1.3414;1.34145;1.34088;1.34091;485
20260603 1800;1.34091;1.34184;1.34091;1.34157;124
20260603 1803;1.34157;1.34157;1.3412;1.34129;76
20260603 1806;1.34129;1.34138;1.34121;1.34131;52
20260603 1809;1.34131;1.34145;1.34129;1.34133;58
20260603 1812;1.34133;1.34134;1.34124;1.34129;73
20260603 1815;1.34129;1.34137;1.34116;1.34137;121
20260603 1818;1.34137;1.34138;1.34134;1.34134;25
20260603 1821;1.34134;1.34147;1.34133;1.34145;29
20260603 1824;1.34145;1.34151;1.34143;1.34145;40
20260603 1827;1.34145;1.34146;1.34138;1.34139;25
20260603 1830;1.34139;1.34148;1.34138;1.34147;61
20260603 1833;1.34147;1.34154;1.34142;1.34143;64
20260603 1836;1.34143;1.34149;1.34142;1.34142;46
20260603 1839;1.34142;1.34143;1.34137;1.34137;32
20260603 1842;1.34137;1.34137;1.34132;1.34135;28
20260603 1845;1.34135;1.34138;1.34133;1.34136;82
20260603 1848;1.34136;1.34137;1.3413;1.34133;55
20260603 1851;1.34133;1.34144;1.34133;1.34143;56
20260603 1854;1.34143;1.34219;1.3414;1.34216;307
20260603 1857;1.34216;1.34285;1.34201;1.34224;815
20260603 1900;1.34224;1.34253;1.34224;1.34232;457
20260603 1903;1.34232;1.3424;1.34222;1.34223;226
20260603 1906;1.34223;1.34224;1.34197;1.34201;223
20260603 1909;1.34201;1.34205;1.34174;1.34174;182
20260603 1912;1.34174;1.342;1.34171;1.34198;169
20260603 1915;1.34198;1.34205;1.34189;1.34202;150
20260603 1918;1.34202;1.34214;1.34194;1.34214;111
20260603 1921;1.34214;1.34215;1.34203;1.34205;113
20260603 1924;1.34205;1.34208;1.34196;1.34199;110
20260603 1927;1.34199;1.34215;1.34196;1.34207;185
20260603 1930;1.34207;1.34214;1.34203;1.34211;184
20260603 1933;1.34211;1.34223;1.34208;1.34219;128
20260603 1936;1.34219;1.34225;1.34213;1.34214;179
20260603 1939;1.34214;1.34225;1.34213;1.34223;161
20260603 1942;1.34223;1.34236;1.34221;1.34229;135
20260603 1945;1.34229;1.3425;1.34229;1.34246;267
20260603 1948;1.34246;1.34267;1.34243;1.34263;219
20260603 1951;1.34263;1.34276;1.34255;1.34268;226
20260603 1954;1.34268;1.34279;1.34265;1.34275;185
20260603 1957;1.34275;1.34277;1.34261;1.34262;218
20260603 2000;1.34262;1.34282;1.34246;1.34249;1217
20260603 2003;1.34249;1.34255;1.34233;1.34254;627
20260603 2006;1.34254;1.34257;1.34236;1.34249;518
20260603 2009;1.34249;1.34265;1.34233;1.34257;522
20260603 2012;1.34257;1.34264;1.34254;1.34264;446
20260603 2015;1.34264;1.34312;1.34252;1.34304;618
20260603 2018;1.34304;1.34306;1.34285;1.34286;412
20260603 2021;1.34286;1.34287;1.34269;1.34274;344
20260603 2024;1.34274;1.3428;1.34264;1.34274;301
20260603 2027;1.34274;1.34277;1.34265;1.34274;370
20260603 2030;1.34274;1.34284;1.34264;1.34281;377
20260603 2033;1.34281;1.34315;1.3428;1.34295;400
20260603 2036;1.34295;1.34304;1.34284;1.34292;302
20260603 2039;1.34292;1.343;1.3429;1.34294;295
20260603 2042;1.34294;1.34316;1.3429;1.34314;316
20260603 2045;1.34314;1.34317;1.34292;1.34299;410
20260603 2048;1.34299;1.343;1.34275;1.34275;362
20260603 2051;1.34275;1.34278;1.34261;1.34267;471
20260603 2054;1.34267;1.34276;1.34228;1.34232;570
20260603 2057;1.34232;1.34265;1.34228;1.34255;545
20260603 2100;1.34255;1.34255;1.34227;1.34233;845
20260603 2103;1.34233;1.34248;1.34226;1.34246;473
20260603 2106;1.34246;1.34248;1.34235;1.34247;375
20260603 2109;1.34247;1.34256;1.34243;1.3425;500
20260603 2112;1.3425;1.34262;1.34245;1.34247;533
20260603 2115;1.34247;1.34249;1.34235;1.34247;498
20260603 2118;1.34247;1.34264;1.34244;1.3426;391
20260603 2121;1.3426;1.34272;1.34256;1.3427;414
20260603 2124;1.3427;1.3427;1.34245;1.34246;396
20260603 2127;1.34246;1.34257;1.34237;1.34242;436
20260603 2130;1.34242;1.34256;1.34236;1.34236;548
20260603 2133;1.34236;1.3427;1.34235;1.34268;440
20260603 2136;1.34268;1.34275;1.34254;1.34258;321
20260603 2139;1.34258;1.34263;1.34245;1.34246;339
20260603 2142;1.34246;1.34256;1.34234;1.34241;426
20260603 2145;1.34241;1.34257;1.34239;1.34252;443
20260603 2148;1.34252;1.34264;1.34249;1.34254;438
20260603 2151;1.34254;1.34257;1.34245;1.34246;437
20260603 2154;1.34246;1.34267;1.34246;1.34264;454
20260603 2157;1.34264;1.34275;1.34259;1.34271;460
20260603 2200;1.34271;1.34274;1.34244;1.34248;515
20260603 2203;1.34248;1.34253;1.3424;1.3425;400
20260603 2206;1.3425;1.34263;1.34246;1.3426;463
20260603 2209;1.3426;1.3426;1.34235;1.34239;600
20260603 2212;1.34239;1.34243;1.34234;1.34235;355
20260603 2215;1.34235;1.34238;1.34221;1.34224;424
20260603 2218;1.34224;1.34239;1.34222;1.34238;312
20260603 2221;1.34238;1.34239;1.3423;1.34235;281
20260603 2224;1.34235;1.34242;1.34226;1.3424;332
20260603 2227;1.3424;1.34245;1.34235;1.34238;249
20260603 2230;1.34238;1.34244;1.34227;1.34236;310
20260603 2233;1.34236;1.34239;1.34231;1.34236;323
20260603 2236;1.34236;1.34246;1.34235;1.34245;233
20260603 2239;1.34245;1.34248;1.34239;1.34247;166
20260603 2242;1.34247;1.3425;1.34244;1.34248;284
20260603 2245;1.34248;1.34259;1.34247;1.34254;372
20260603 2248;1.34254;1.34269;1.34254;1.34261;320
20260603 2251;1.34261;1.3427;1.34255;1.34256;343
20260603 2254;1.34256;1.34274;1.34255;1.34269;252
20260603 2257;1.34269;1.3427;1.34258;1.34259;305
20260603 2300;1.34259;1.34261;1.34237;1.3424;415
20260603 2303;1.3424;1.34252;1.34236;1.34249;239
20260603 2306;1.34249;1.34254;1.34233;1.34234;264
20260603 2309;1.34234;1.34237;1.34214;1.34214;200
20260603 2312;1.34214;1.34214;1.34193;1.34197;231
20260603 2315;1.34197;1.34205;1.34196;1.34198;299
20260603 2318;1.34198;1.3421;1.34197;1.34206;190
20260603 2321;1.34206;1.34208;1.34195;1.34197;202
20260603 2324;1.34197;1.34198;1.34171;1.34174;235
20260603 2327;1.34174;1.34181;1.34173;1.34181;258
20260603 2330;1.34181;1.34198;1.34171;1.34194;299
20260603 2333;1.34194;1.34199;1.34188;1.34196;227
20260603 2336;1.34196;1.34207;1.3419;1.34193;226
20260603 2339;1.34193;1.34193;1.34169;1.34175;248
20260603 2342;1.34175;1.34186;1.34175;1.34184;207
20260603 2345;1.34184;1.34187;1.34177;1.3418;264
20260603 2348;1.3418;1.34197;1.34175;1.34193;218
20260603 2351;1.34193;1.34208;1.34193;1.34206;189
20260603 2354;1.34206;1.34216;1.34205;1.34215;222
20260603 2357;1.34215;1.34241;1.34212;1.34228;242
20260604 0000;1.34228;1.34239;1.34225;1.3423;190
20260604 0003;1.3423;1.34238;1.34226;1.34234;249
20260604 0006;1.34234;1.34237;1.34233;1.34235;138
20260604 0009;1.34235;1.34238;1.34226;1.34234;172
20260604 0012;1.34234;1.34234;1.34223;1.34227;194
20260604 0015;1.34227;1.34236;1.34226;1.34231;196
20260604 0018;1.34231;1.34237;1.34228;1.34231;181
20260604 0021;1.34231;1.34236;1.34226;1.34233;259
20260604 0024;1.34233;1.34238;1.34231;1.34235;149
20260604 0027;1.34235;1.34241;1.34234;1.34238;173
20260604 0030;1.34238;1.34259;1.34237;1.34248;272
20260604 0033;1.34248;1.34314;1.34248;1.34262;961
20260604 0036;1.34262;1.34283;1.34255;1.34264;308
20260604 0039;1.34264;1.34297;1.34264;1.34297;347
20260604 0042;1.34297;1.34304;1.34296;1.343;158
20260604 0045;1.343;1.34309;1.34294;1.34296;201
20260604 0048;1.34296;1.34301;1.34295;1.34298;122
20260604 0051;1.34298;1.34298;1.34284;1.34295;194
20260604 0054;1.34295;1.34304;1.34295;1.34304;184
20260604 0057;1.34304;1.34309;1.34295;1.34307;223
20260604 0100;1.34307;1.3432;1.34301;1.34318;372
20260604 0103;1.34318;1.34321;1.34295;1.34304;272
20260604 0106;1.34304;1.3431;1.34293;1.34297;309
20260604 0109;1.34297;1.34298;1.34271;1.34276;307
20260604 0112;1.34276;1.34285;1.3427;1.34278;200
20260604 0115;1.34278;1.34285;1.34268;1.34282;204
20260604 0118;1.34282;1.34282;1.34256;1.34256;290
20260604 0121;1.34256;1.34258;1.34234;1.34236;306
20260604 0124;1.34236;1.34245;1.34222;1.34228;286
20260604 0127;1.34228;1.34233;1.34222;1.34225;246
20260604 0130;1.34225;1.34228;1.34204;1.34205;397
20260604 0133;1.34205;1.34225;1.34205;1.34217;287
20260604 0136;1.34217;1.34246;1.34213;1.34244;270
20260604 0139;1.34244;1.3427;1.34236;1.34265;374
20260604 0142;1.34265;1.34273;1.34264;1.34266;362
20260604 0145;1.34266;1.34268;1.34255;1.3426;314
20260604 0148;1.3426;1.34273;1.34256;1.34269;250
20260604 0151;1.34269;1.34282;1.34265;1.34275;222
20260604 0154;1.34275;1.34284;1.34259;1.34268;300
20260604 0157;1.34268;1.34282;1.34267;1.3428;307
20260604 0200;1.3428;1.34317;1.34266;1.34307;870
20260604 0203;1.34307;1.34315;1.34296;1.34301;595
20260604 0206;1.34301;1.34324;1.34297;1.34308;508
20260604 0209;1.34308;1.34313;1.34296;1.34307;335
20260604 0212;1.34307;1.34325;1.34303;1.34321;416
20260604 0215;1.34321;1.34321;1.34295;1.34296;495
20260604 0218;1.34296;1.34301;1.34275;1.34276;506
20260604 0221;1.34276;1.34288;1.34259;1.34259;519
20260604 0224;1.34259;1.34291;1.34257;1.34281;656
20260604 0227;1.34281;1.34309;1.34279;1.34298;321
20260604 0230;1.34298;1.34303;1.34278;1.34297;474
20260604 0233;1.34297;1.34327;1.34296;1.34326;780
20260604 0236;1.34326;1.34345;1.34315;1.34316;803
20260604 0239;1.34316;1.34348;1.34312;1.34314;674
20260604 0242;1.34314;1.34331;1.34309;1.34328;684
20260604 0245;1.34328;1.34328;1.34265;1.34266;727
20260604 0248;1.34266;1.34289;1.34264;1.34277;523
20260604 0251;1.34277;1.34279;1.34255;1.34279;527
20260604 0254;1.34279;1.34292;1.34266;1.34267;675
20260604 0257;1.34267;1.34278;1.34245;1.34277;887
20260604 0300;1.34277;1.34291;1.34256;1.34267;1062
20260604 0303;1.34267;1.34293;1.34256;1.34269;792
20260604 0306;1.34269;1.34271;1.34255;1.34263;490
20260604 0309;1.34263;1.34279;1.34257;1.34264;710
20260604 0312;1.34264;1.34273;1.34255;1.34262;496
20260604 0315;1.34262;1.34277;1.34257;1.34257;391
20260604 0318;1.34257;1.34272;1.34226;1.34228;609
20260604 0321;1.34228;1.34251;1.34208;1.34232;735
20260604 0324;1.34232;1.34237;1.34206;1.34207;570
20260604 0327;1.34207;1.34219;1.34179;1.34215;970
20260604 0330;1.34215;1.34219;1.34199;1.34205;640
20260604 0333;1.34205;1.34208;1.34193;1.34195;566
20260604 0336;1.34195;1.34195;1.34145;1.34149;880
20260604 0339;1.34149;1.3415;1.34114;1.34119;1022
20260604 0342;1.34119;1.3416;1.34116;1.34156;1063
20260604 0345;1.34156;1.34156;1.34125;1.34144;611
20260604 0348;1.34144;1.34179;1.34144;1.34178;577
20260604 0351;1.34178;1.34188;1.34175;1.34185;483
20260604 0354;1.34185;1.342;1.34178;1.34198;662
20260604 0357;1.34198;1.34231;1.34197;1.34217;655
20260604 0400;1.34217;1.34243;1.34216;1.34242;878
20260604 0403;1.34242;1.34286;1.34238;1.34269;760
20260604 0406;1.34269;1.34285;1.34258;1.3426;673
20260604 0409;1.3426;1.34276;1.34248;1.34268;711
20260604 0412;1.34268;1.3428;1.34258;1.3428;518
20260604 0415;1.3428;1.343;1.34275;1.34299;649
20260604 0418;1.34299;1.34306;1.34276;1.34276;469
20260604 0421;1.34276;1.34295;1.34263;1.34289;574
20260604 0424;1.34289;1.34307;1.34283;1.34306;347
20260604 0427;1.34306;1.34337;1.34302;1.34328;528
20260604 0430;1.34328;1.34355;1.34295;1.34319;804
20260604 0433;1.34319;1.34321;1.34288;1.34292;551
20260604 0436;1.34292;1.34298;1.34277;1.3428;579
20260604 0439;1.3428;1.343;1.34275;1.34299;627
20260604 0442;1.34299;1.343;1.34283;1.34292;497
20260604 0445;1.34292;1.34328;1.34288;1.34322;523
20260604 0448;1.34322;1.34322;1.34296;1.34297;625
20260604 0451;1.34297;1.34312;1.34287;1.34298;472
20260604 0454;1.34298;1.34335;1.34294;1.34327;519
20260604 0457;1.34327;1.34327;1.34295;1.34299;205
20260604 0500;1.34299;1.34326;1.34297;1.34315;677
20260604 0503;1.34315;1.34359;1.34309;1.34351;880
20260604 0506;1.34351;1.34373;1.34347;1.3435;814
20260604 0509;1.3435;1.34366;1.3434;1.34359;740
20260604 0512;1.34359;1.34361;1.34338;1.34346;523
20260604 0515;1.34346;1.34357;1.34336;1.34357;578
20260604 0518;1.34357;1.34368;1.34353;1.34362;529
20260604 0521;1.34362;1.34368;1.34343;1.34354;456
20260604 0524;1.34354;1.34365;1.34345;1.3436;470
20260604 0527;1.3436;1.34386;1.34357;1.34364;670
20260604 0530;1.34364;1.3438;1.34353;1.3438;576
20260604 0533;1.3438;1.34397;1.34368;1.34391;523
20260604 0536;1.34391;1.34423;1.34371;1.34406;695
20260604 0539;1.34406;1.3442;1.34404;1.34417;494
20260604 0542;1.34417;1.34417;1.34396;1.34397;467
20260604 0545;1.34397;1.34405;1.34368;1.3437;539
20260604 0548;1.3437;1.34387;1.34364;1.34384;614
20260604 0551;1.34384;1.34389;1.34374;1.3438;694
20260604 0554;1.3438;1.34403;1.34379;1.34395;759
20260604 0557;1.34395;1.34398;1.34363;1.34371;765
20260604 0600;1.34371;1.34374;1.34354;1.34371;712
20260604 0603;1.34371;1.34391;1.34346;1.34374;760
20260604 0606;1.34374;1.34381;1.34365;1.34365;610
20260604 0609;1.34365;1.34397;1.34354;1.34396;685
20260604 0612;1.34396;1.34401;1.3437;1.34379;700
20260604 0615;1.34379;1.3438;1.34357;1.34377;569
20260604 0618;1.34377;1.34378;1.34356;1.34371;671
20260604 0621;1.34371;1.34375;1.34339;1.34346;548
20260604 0624;1.34346;1.34376;1.34346;1.34363;596
20260604 0627;1.34363;1.34388;1.34363;1.34385;468
20260604 0630;1.34385;1.34393;1.34377;1.34385;621
20260604 0633;1.34385;1.34407;1.34374;1.34407;473
20260604 0636;1.34407;1.34417;1.3439;1.34395;561
20260604 0639;1.34395;1.34408;1.34378;1.34395;679
20260604 0642;1.34395;1.34417;1.34395;1.34407;607
20260604 0645;1.34407;1.34424;1.34406;1.34408;672
20260604 0648;1.34408;1.34425;1.34379;1.34389;676
20260604 0651;1.34389;1.34389;1.34375;1.34379;701
20260604 0654;1.34379;1.34434;1.34376;1.34423;907
20260604 0657;1.34423;1.34436;1.3441;1.3443;1131
20260604 0700;1.3443;1.34495;1.34427;1.34486;1502
20260604 0703;1.34486;1.34496;1.34482;1.34484;632
20260604 0706;1.34484;1.34497;1.34482;1.34494;595
20260604 0709;1.34494;1.34527;1.34494;1.34515;564
20260604 0712;1.34515;1.34526;1.34507;1.34515;585
20260604 0715;1.34515;1.3458;1.34513;1.34556;906
20260604 0718;1.34556;1.34575;1.34552;1.34552;905
20260604 0721;1.34552;1.34596;1.34552;1.34588;799
20260604 0724;1.34588;1.34618;1.34582;1.34593;1004
20260604 0727;1.34593;1.34595;1.34574;1.34589;1157
20260604 0730;1.34589;1.34597;1.34533;1.34533;876
20260604 0733;1.34533;1.3456;1.34528;1.34544;813
20260604 0736;1.34544;1.34565;1.34534;1.34557;711
20260604 0739;1.34557;1.34584;1.34555;1.34582;723
20260604 0742;1.34582;1.34611;1.34567;1.34609;817
20260604 0745;1.34609;1.34621;1.34595;1.34595;731
20260604 0748;1.34595;1.34623;1.34582;1.34605;1183
20260604 0751;1.34605;1.34617;1.34596;1.34596;1160
20260604 0754;1.34596;1.34607;1.34583;1.34593;588
20260604 0757;1.34593;1.34605;1.34585;1.34589;569
20260604 0800;1.34589;1.34623;1.34584;1.34597;1037
20260604 0803;1.34597;1.34603;1.34566;1.34572;673
20260604 0806;1.34572;1.3462;1.34572;1.34605;660
20260604 0809;1.34605;1.34614;1.34521;1.34533;1351
20260604 0812;1.34533;1.3457;1.34533;1.34558;1014
20260604 0815;1.34558;1.34575;1.34548;1.34559;893
20260604 0818;1.34559;1.34566;1.34544;1.34554;742
20260604 0821;1.34554;1.34571;1.34544;1.34566;764
20260604 0824;1.34566;1.3458;1.34552;1.34575;643
20260604 0827;1.34575;1.34576;1.34563;1.3457;299
20260604 0830;1.3457;1.34604;1.34567;1.34584;427
20260604 0833;1.34584;1.34596;1.34574;1.34584;398
20260604 0836;1.34584;1.34595;1.34572;1.34578;651
20260604 0839;1.34578;1.34586;1.34561;1.34564;459
20260604 0842;1.34564;1.34589;1.34554;1.3458;761
20260604 0845;1.3458;1.34581;1.34563;1.34574;845
20260604 0848;1.34574;1.34598;1.34573;1.34593;781
20260604 0851;1.34593;1.34604;1.34581;1.34598;505
20260604 0854;1.34598;1.34616;1.34588;1.34594;720
20260604 0857;1.34594;1.34598;1.34558;1.34559;662
20260604 0900;1.34559;1.34573;1.34538;1.34567;989
20260604 0903;1.34567;1.34567;1.34533;1.34555;649
20260604 0906;1.34555;1.34563;1.34537;1.34545;533
20260604 0909;1.34545;1.34547;1.34513;1.34513;573
20260604 0912;1.34513;1.34518;1.34501;1.34511;633
20260604 0915;1.34511;1.34548;1.34508;1.3454;716
20260604 0918;1.3454;1.34548;1.34525;1.34541;669
20260604 0921;1.34541;1.34544;1.34523;1.34527;711
20260604 0924;1.34527;1.34527;1.34502;1.34512;712
20260604 0927;1.34512;1.34548;1.34512;1.34541;955
20260604 0930;1.34541;1.34552;1.34507;1.34526;904
20260604 0933;1.34526;1.34536;1.34491;1.34494;915
20260604 0936;1.34494;1.3451;1.34481;1.34486;1175
20260604 0939;1.34486;1.34524;1.34486;1.34506;1024
20260604 0942;1.34506;1.34547;1.34493;1.34546;814
20260604 0945;1.34546;1.34547;1.34517;1.34517;636
20260604 0948;1.34517;1.34544;1.3451;1.34525;736
20260604 0951;1.34525;1.34544;1.34491;1.34499;846
20260604 0954;1.34499;1.34528;1.34487;1.34524;803
20260604 0957;1.34524;1.34531;1.3451;1.3451;632
20260604 1000;1.3451;1.3454;1.34495;1.34498;846
20260604 1003;1.34498;1.34498;1.34445;1.34446;840
20260604 1006;1.34446;1.34479;1.34444;1.3447;552
20260604 1009;1.3447;1.345;1.34469;1.34483;493
20260604 1012;1.34483;1.34486;1.34461;1.34473;466
20260604 1015;1.34473;1.34476;1.34456;1.34466;838
20260604 1018;1.34466;1.34485;1.34462;1.34479;725
20260604 1021;1.34479;1.34489;1.34463;1.34469;627
20260604 1024;1.34469;1.34469;1.34443;1.34445;703
20260604 1027;1.34445;1.34448;1.34415;1.34423;573
20260604 1030;1.34423;1.34426;1.34397;1.34404;698
20260604 1033;1.34404;1.3442;1.34398;1.34407;601
20260604 1036;1.34407;1.34408;1.34376;1.34398;637
20260604 1039;1.34398;1.34412;1.3439;1.34404;609
20260604 1042;1.34404;1.34426;1.34393;1.34408;766
20260604 1045;1.34408;1.34416;1.34367;1.34372;862
20260604 1048;1.34372;1.34385;1.34367;1.34367;574
20260604 1051;1.34367;1.34404;1.34352;1.34384;1095
20260604 1054;1.34384;1.34453;1.34384;1.34434;916
20260604 1057;1.34434;1.34455;1.34417;1.34435;1309
20260604 1100;1.34435;1.3444;1.3439;1.34417;1049
20260604 1103;1.34417;1.34426;1.34385;1.34391;825
20260604 1106;1.34391;1.34393;1.34357;1.34381;1012
20260604 1109;1.34381;1.34398;1.34364;1.34384;955
20260604 1112;1.34384;1.34385;1.34352;1.34367;876
20260604 1115;1.34367;1.34385;1.34363;1.3438;823
20260604 1118;1.3438;1.34382;1.34363;1.34375;777
20260604 1121;1.34375;1.34376;1.34358;1.34358;613
20260604 1124;1.34358;1.34363;1.34334;1.34349;671
20260604 1127;1.34349;1.34349;1.34332;1.34335;857
20260604 1130;1.34335;1.34359;1.34331;1.34347;1006
20260604 1133;1.34347;1.34347;1.34321;1.34329;631
20260604 1136;1.34329;1.34354;1.34329;1.34334;1030
20260604 1139;1.34334;1.34344;1.34331;1.34342;740
20260604 1142;1.34342;1.34344;1.34307;1.34314;493
20260604 1145;1.34314;1.34335;1.34299;1.34333;498
20260604 1148;1.34333;1.34345;1.34316;1.34344;495
20260604 1151;1.34344;1.34386;1.34343;1.34362;463
20260604 1154;1.34362;1.34389;1.34337;1.34384;813
20260604 1157;1.34384;1.34411;1.34382;1.34391;1214
20260604 1200;1.34391;1.34393;1.34357;1.34364;1075
20260604 1203;1.34364;1.34365;1.34344;1.34354;778
20260604 1206;1.34354;1.34378;1.34354;1.34373;898
20260604 1209;1.34373;1.34392;1.34371;1.34383;1017
20260604 1212;1.34383;1.34389;1.34372;1.34389;787
20260604 1215;1.34389;1.34416;1.34375;1.34415;645
20260604 1218;1.34415;1.34418;1.34394;1.34399;567
20260604 1221;1.34399;1.3442;1.34396;1.34415;353
20260604 1224;1.34415;1.34415;1.34395;1.34405;403
20260604 1227;1.34405;1.3441;1.34397;1.34398;302
20260604 1230;1.34398;1.34404;1.34355;1.34356;792
20260604 1233;1.34356;1.34385;1.34349;1.34356;681
20260604 1236;1.34356;1.34383;1.34356;1.34378;424
20260604 1239;1.34378;1.34379;1.34364;1.34373;405
20260604 1242;1.34373;1.34374;1.34356;1.34364;380
20260604 1245;1.34364;1.34364;1.34343;1.34356;420
20260604 1248;1.34356;1.34369;1.34352;1.34355;423
20260604 1251;1.34355;1.34366;1.3435;1.34354;374
20260604 1254;1.34354;1.34373;1.34347;1.34362;374
20260604 1257;1.34362;1.34368;1.34348;1.34352;535
20260604 1300;1.34352;1.34363;1.34336;1.34354;776
20260604 1303;1.34354;1.34363;1.34346;1.34359;491
20260604 1306;1.34359;1.34359;1.34332;1.34333;486
20260604 1309;1.34333;1.34335;1.34323;1.34328;524
20260604 1312;1.34328;1.34328;1.3432;1.34321;198
20260604 1315;1.34321;1.34327;1.34314;1.34319;413
20260604 1318;1.34319;1.34324;1.34306;1.34308;506
20260604 1321;1.34308;1.34319;1.34302;1.34317;340
20260604 1324;1.34317;1.34336;1.34315;1.34325;439
20260604 1327;1.34325;1.34325;1.34305;1.34308;527
20260604 1330;1.34308;1.34319;1.34303;1.34318;388
20260604 1333;1.34318;1.34324;1.34304;1.34306;443
20260604 1336;1.34306;1.34308;1.34294;1.34297;460
20260604 1339;1.34297;1.343;1.34284;1.343;346
20260604 1342;1.343;1.34308;1.34295;1.34295;285
20260604 1345;1.34295;1.34298;1.34284;1.34287;241
20260604 1348;1.34287;1.34287;1.34281;1.34282;240
20260604 1351;1.34282;1.34294;1.34281;1.34283;693
20260604 1354;1.34283;1.34286;1.3427;1.34271;232
20260604 1357;1.34271;1.34279;1.34261;1.34268;543
20260604 1400;1.34268;1.34293;1.34261;1.34278;712
20260604 1403;1.34278;1.3428;1.34269;1.34271;403
20260604 1406;1.34271;1.34277;1.34264;1.34275;348
20260604 1409;1.34275;1.34279;1.34264;1.34271;351
20260604 1412;1.34271;1.34284;1.34264;1.34273;308
20260604 1415;1.34273;1.34274;1.34262;1.3427;193
20260604 1418;1.3427;1.34274;1.34264;1.34272;221
20260604 1421;1.34272;1.34283;1.34267;1.34268;274
20260604 1424;1.34268;1.34278;1.34267;1.34273;261
20260604 1427;1.34273;1.34281;1.34251;1.34251;408
20260604 1430;1.34251;1.34258;1.34247;1.34257;376
20260604 1433;1.34257;1.34258;1.34241;1.34256;386
20260604 1436;1.34256;1.34265;1.34245;1.3426;330
20260604 1439;1.3426;1.34274;1.34258;1.34274;279
20260604 1442;1.34274;1.34277;1.34257;1.34265;353
20260604 1445;1.34265;1.34278;1.34264;1.34277;305
20260604 1448;1.34277;1.34278;1.34262;1.34266;272
20260604 1451;1.34266;1.34271;1.34246;1.34254;270
20260604 1454;1.34254;1.34254;1.34237;1.34241;288
20260604 1457;1.34241;1.34251;1.34234;1.34247;530
20260604 1500;1.34247;1.34259;1.34242;1.34254;403
20260604 1503;1.34254;1.34254;1.34232;1.34232;273
20260604 1506;1.34232;1.34232;1.34214;1.34224;282
20260604 1509;1.34224;1.34231;1.34222;1.34225;134
20260604 1512;1.34225;1.34225;1.34215;1.34221;179
20260604 1515;1.34221;1.34233;1.34221;1.34229;114
20260604 1518;1.34229;1.34234;1.34225;1.34233;184
20260604 1521;1.34233;1.34234;1.34226;1.34233;211
20260604 1524;1.34233;1.34239;1.3423;1.34235;174
20260604 1527;1.34235;1.34241;1.34235;1.34237;189
20260604 1530;1.34237;1.34246;1.34227;1.34234;292
20260604 1533;1.34234;1.34245;1.34234;1.34239;250
20260604 1536;1.34239;1.3424;1.34231;1.34233;152
20260604 1539;1.34233;1.34239;1.34232;1.34236;240
20260604 1542;1.34236;1.34237;1.34224;1.34228;187
20260604 1545;1.34228;1.34238;1.34227;1.34235;332
20260604 1548;1.34235;1.34238;1.34217;1.34226;282
20260604 1551;1.34226;1.34249;1.34226;1.34244;342
20260604 1554;1.34244;1.34246;1.34232;1.34235;488
20260604 1557;1.34235;1.34241;1.34231;1.34237;445
20260604 1600;1.34237;1.34245;1.34234;1.34237;276
20260604 1603;1.34237;1.34242;1.34226;1.34231;239
20260604 1606;1.34231;1.34238;1.3423;1.34236;381
20260604 1609;1.34236;1.34237;1.34226;1.34226;103
20260604 1612;1.34226;1.34229;1.34224;1.34225;144
20260604 1615;1.34225;1.34228;1.34214;1.34225;203
20260604 1618;1.34225;1.3423;1.34223;1.34228;92
20260604 1621;1.34228;1.3423;1.34214;1.34216;142
20260604 1624;1.34216;1.3422;1.34203;1.34211;153
20260604 1627;1.34211;1.34218;1.34209;1.34215;141
20260604 1630;1.34215;1.34217;1.34207;1.3421;197
20260604 1633;1.3421;1.34218;1.3421;1.34214;143
20260604 1636;1.34214;1.34219;1.34211;1.34216;71
20260604 1639;1.34216;1.34229;1.34216;1.34227;119
20260604 1642;1.34227;1.34238;1.34227;1.34236;237
20260604 1645;1.34236;1.34238;1.34234;1.34235;54
20260604 1648;1.34235;1.34243;1.34235;1.34239;59
20260604 1651;1.34239;1.34239;1.34233;1.34234;90
20260604 1654;1.34234;1.34243;1.34234;1.34242;65
20260604 1657;1.34242;1.34242;1.34228;1.34231;148
20260604 1700;1.34231;1.34231;1.34147;1.34168;12
20260604 1703;1.34168;1.3424;1.34145;1.34196;676
20260604 1706;1.34196;1.34221;1.3418;1.34191;984
20260604 1709;1.34191;1.34222;1.34188;1.34195;594
20260604 1712;1.34195;1.34202;1.34174;1.34182;148
20260604 1715;1.34182;1.34213;1.34182;1.34198;115
20260604 1718;1.34198;1.34208;1.34191;1.34194;49
20260604 1721;1.34194;1.34204;1.34177;1.34192;60
20260604 1724;1.34192;1.342;1.34185;1.34187;86
20260604 1727;1.34187;1.34209;1.34179;1.34194;107
20260604 1730;1.34194;1.34288;1.34188;1.34208;275
20260604 1733;1.34208;1.34226;1.34185;1.3422;97
20260604 1736;1.3422;1.34227;1.34178;1.34209;206
20260604 1739;1.34209;1.34235;1.34193;1.34223;350
20260604 1742;1.34223;1.34235;1.342;1.34212;907
20260604 1745;1.34212;1.34247;1.34197;1.34245;794
20260604 1748;1.34245;1.34252;1.34208;1.34224;1209
20260604 1751;1.34224;1.3425;1.3421;1.34248;2151
20260604 1754;1.34248;1.34251;1.34211;1.34224;509
20260604 1757;1.34224;1.34224;1.34168;1.34174;339
20260604 1800;1.34174;1.34236;1.34174;1.34232;183
20260604 1803;1.34232;1.34253;1.34231;1.3425;56
20260604 1806;1.3425;1.34255;1.3425;1.3425;31
20260604 1809;1.3425;1.34253;1.34249;1.34251;30
20260604 1812;1.34251;1.34253;1.34249;1.34251;27
20260604 1815;1.34251;1.34254;1.34238;1.34242;75
20260604 1818;1.34242;1.34244;1.3424;1.3424;38
20260604 1821;1.3424;1.34241;1.34233;1.34235;34
20260604 1824;1.34235;1.34241;1.34234;1.34241;30
20260604 1827;1.34241;1.34242;1.34237;1.34238;74
20260604 1830;1.34238;1.34247;1.34238;1.34245;39
20260604 1833;1.34245;1.34245;1.34232;1.34237;62
20260604 1836;1.34237;1.3424;1.34235;1.34238;49
20260604 1839;1.34238;1.34238;1.34232;1.34232;39
20260604 1842;1.34232;1.34233;1.34224;1.34224;38
20260604 1845;1.34224;1.34225;1.34221;1.34223;34
20260604 1848;1.34223;1.34227;1.34223;1.34227;21
20260604 1851;1.34227;1.34236;1.34227;1.34232;51
20260604 1854;1.34232;1.34235;1.34229;1.34232;43
20260604 1857;1.34232;1.34235;1.34229;1.34235;23
20260604 1900;1.34235;1.34237;1.34232;1.34236;45
20260604 1903;1.34236;1.34243;1.34233;1.34234;93
20260604 1906;1.34234;1.3424;1.34232;1.34236;56
20260604 1909;1.34236;1.34241;1.34232;1.34236;69
20260604 1912;1.34236;1.34243;1.34235;1.34242;63
20260604 1915;1.34242;1.34244;1.3424;1.34242;30
20260604 1918;1.34242;1.34244;1.34236;1.34243;89
20260604 1921;1.34243;1.34244;1.34241;1.34243;46
20260604 1924;1.34243;1.34243;1.34236;1.34237;45
20260604 1927;1.34237;1.3424;1.34232;1.34237;71
20260604 1930;1.34237;1.34238;1.34229;1.34234;52
20260604 1933;1.34234;1.34236;1.34233;1.34236;27
20260604 1936;1.34236;1.3424;1.34231;1.34231;53
20260604 1939;1.34231;1.34241;1.34231;1.34236;50
20260604 1942;1.34236;1.34236;1.34231;1.34235;36
20260604 1945;1.34235;1.34235;1.34215;1.34225;123
20260604 1948;1.34225;1.34234;1.34223;1.34233;84
20260604 1951;1.34233;1.34237;1.34223;1.34226;220
20260604 1954;1.34226;1.34234;1.34222;1.34225;131
20260604 1957;1.34225;1.34227;1.34217;1.34226;160
20260604 2000;1.34226;1.34226;1.34194;1.34217;573
20260604 2003;1.34217;1.34236;1.34211;1.34228;390
20260604 2006;1.34228;1.34228;1.34206;1.34222;470
20260604 2009;1.34222;1.34227;1.34206;1.34208;464
20260604 2012;1.34208;1.34211;1.34183;1.34195;472
20260604 2015;1.34195;1.34216;1.34184;1.34191;438
20260604 2018;1.34191;1.34198;1.34186;1.34193;351
20260604 2021;1.34193;1.34212;1.34185;1.34207;427
20260604 2024;1.34207;1.34211;1.34193;1.34207;316
20260604 2027;1.34207;1.34216;1.34205;1.34209;431
20260604 2030;1.34209;1.34226;1.34207;1.34216;381
20260604 2033;1.34216;1.3423;1.34215;1.34223;295
20260604 2036;1.34223;1.34227;1.34214;1.34217;273
20260604 2039;1.34217;1.34233;1.34211;1.34225;348
20260604 2042;1.34225;1.34227;1.34205;1.34208;300
20260604 2045;1.34208;1.34223;1.34201;1.34218;356
20260604 2048;1.34218;1.34221;1.34206;1.34213;276
20260604 2051;1.34213;1.34222;1.34209;1.34214;267
20260604 2054;1.34214;1.34221;1.3421;1.34217;352
20260604 2057;1.34217;1.34237;1.34217;1.34232;463
20260604 2100;1.34232;1.34235;1.34207;1.34215;815
20260604 2103;1.34215;1.34233;1.34202;1.34229;586
20260604 2106;1.34229;1.3424;1.34216;1.34224;421
20260604 2109;1.34224;1.34227;1.34217;1.34224;365
20260604 2112;1.34224;1.34224;1.342;1.34203;390
20260604 2115;1.34203;1.34224;1.34202;1.34206;551
20260604 2118;1.34206;1.34217;1.34195;1.34204;521
20260604 2121;1.34204;1.34206;1.34185;1.34186;420
20260604 2124;1.34186;1.34193;1.34158;1.34164;519
20260604 2127;1.34164;1.34196;1.34164;1.34188;448
20260604 2130;1.34188;1.34225;1.34185;1.34224;457
20260604 2133;1.34224;1.34236;1.34214;1.34216;372
20260604 2136;1.34216;1.34226;1.34208;1.34211;413
20260604 2139;1.34211;1.34217;1.34204;1.34206;413
20260604 2142;1.34206;1.34224;1.34203;1.34223;364
20260604 2145;1.34223;1.3423;1.34217;1.34226;279
20260604 2148;1.34226;1.34231;1.34219;1.3423;360
20260604 2151;1.3423;1.34234;1.34224;1.34233;278
20260604 2154;1.34233;1.34248;1.34232;1.34234;268
20260604 2157;1.34234;1.34246;1.34233;1.34239;328
20260604 2200;1.34239;1.34248;1.34227;1.34247;402
20260604 2203;1.34247;1.34263;1.34245;1.34256;323
20260604 2206;1.34256;1.34261;1.34246;1.34247;224
20260604 2209;1.34247;1.34265;1.34245;1.34264;203
20260604 2212;1.34264;1.34266;1.34254;1.34261;250
20260604 2215;1.34261;1.34278;1.34261;1.34273;322
20260604 2218;1.34273;1.34274;1.34246;1.34258;338
20260604 2221;1.34258;1.34273;1.34257;1.3427;255
20260604 2224;1.3427;1.34284;1.34267;1.34278;286
20260604 2227;1.34278;1.3428;1.34273;1.34276;233
20260604 2230;1.34276;1.34276;1.34264;1.34273;224
20260604 2233;1.34273;1.34274;1.34253;1.34262;278
20260604 2236;1.34262;1.34266;1.34254;1.34257;233
20260604 2239;1.34257;1.34262;1.34247;1.34247;268
20260604 2242;1.34247;1.34249;1.34235;1.34239;412
20260604 2245;1.34239;1.34245;1.34234;1.34238;332
20260604 2248;1.34238;1.34252;1.34233;1.34246;278
20260604 2251;1.34246;1.34255;1.34243;1.34243;274
20260604 2254;1.34243;1.34251;1.3424;1.34247;208
20260604 2257;1.34247;1.34254;1.34241;1.34241;249
20260604 2300;1.34241;1.34246;1.34237;1.34238;408
20260604 2303;1.34238;1.34248;1.34235;1.34237;356
20260604 2306;1.34237;1.34242;1.3423;1.34239;354
20260604 2309;1.34239;1.34245;1.34233;1.34241;256
20260604 2312;1.34241;1.34246;1.34236;1.34238;309
20260604 2315;1.34238;1.34262;1.34238;1.34258;312
20260604 2318;1.34258;1.34261;1.34243;1.34252;262
20260604 2321;1.34252;1.34262;1.34248;1.3426;450
20260604 2324;1.3426;1.34277;1.3426;1.34264;293
20260604 2327;1.34264;1.34265;1.34255;1.34258;208
20260604 2330;1.34258;1.34266;1.34254;1.34258;340
20260604 2333;1.34258;1.34258;1.34248;1.34252;178
20260604 2336;1.34252;1.34259;1.34247;1.34258;214
20260604 2339;1.34258;1.34262;1.34254;1.34262;263
20260604 2342;1.34262;1.34262;1.34252;1.34252;220
20260604 2345;1.34252;1.34269;1.34252;1.34265;147
20260604 2348;1.34265;1.34266;1.34262;1.34262;107
20260604 2351;1.34262;1.34263;1.34253;1.34253;170
20260604 2354;1.34253;1.34264;1.34249;1.34262;292
20260604 2357;1.34262;1.34267;1.34257;1.34264;210
20260605 0000;1.34264;1.34272;1.34262;1.3427;260
20260605 0003;1.3427;1.34273;1.34257;1.3427;217
20260605 0006;1.3427;1.34276;1.34269;1.34272;113
20260605 0009;1.34272;1.34276;1.3427;1.34273;147
20260605 0012;1.34273;1.34277;1.34265;1.34273;153
20260605 0015;1.34273;1.34301;1.34268;1.34299;274
20260605 0018;1.34299;1.343;1.34283;1.34284;166
20260605 0021;1.34284;1.3429;1.34284;1.34288;195
20260605 0024;1.34288;1.34289;1.34279;1.34282;202
20260605 0027;1.34282;1.34282;1.34256;1.34259;312
20260605 0030;1.34259;1.34271;1.34259;1.34269;229
20260605 0033;1.34269;1.34282;1.34268;1.34281;281
20260605 0036;1.34281;1.34287;1.34275;1.34279;333
20260605 0039;1.34279;1.34294;1.34278;1.34292;304
20260605 0042;1.34292;1.34293;1.34283;1.34292;327
20260605 0045;1.34292;1.34293;1.34282;1.3429;219
20260605 0048;1.3429;1.34292;1.34285;1.34286;258
20260605 0051;1.34286;1.34299;1.34285;1.34299;230
20260605 0054;1.34299;1.34313;1.34297;1.34305;210
20260605 0057;1.34305;1.34306;1.34289;1.34289;254
20260605 0100;1.34289;1.34296;1.34281;1.34291;362
20260605 0103;1.34291;1.34294;1.34277;1.34288;360
20260605 0106;1.34288;1.34289;1.3428;1.34282;181
20260605 0109;1.34282;1.34293;1.3428;1.34292;212
20260605 0112;1.34292;1.34292;1.34275;1.3428;210
20260605 0115;1.3428;1.34285;1.34279;1.34284;152
20260605 0118;1.34284;1.34289;1.34282;1.34288;168
20260605 0121;1.34288;1.34295;1.34282;1.34284;249
20260605 0124;1.34284;1.34295;1.34284;1.34289;234
20260605 0127;1.34289;1.34296;1.34286;1.34286;273
20260605 0130;1.34286;1.3431;1.34284;1.34304;292
20260605 0133;1.34304;1.34308;1.34301;1.34303;153
20260605 0136;1.34303;1.34315;1.34302;1.34303;215
20260605 0139;1.34303;1.34305;1.34295;1.34299;261
20260605 0142;1.34299;1.34304;1.34292;1.34292;183
20260605 0145;1.34292;1.34296;1.34284;1.34293;287
20260605 0148;1.34293;1.34303;1.34291;1.34299;140
20260605 0151;1.34299;1.34302;1.34288;1.34289;162
20260605 0154;1.34289;1.34291;1.34265;1.34271;270
20260605 0157;1.34271;1.34271;1.34247;1.34254;210
20260605 0200;1.34254;1.34267;1.3424;1.3425;800
20260605 0203;1.3425;1.34267;1.34238;1.3426;573
20260605 0206;1.3426;1.34268;1.34251;1.34256;432
20260605 0209;1.34256;1.34266;1.34254;1.3426;426
20260605 0212;1.3426;1.3427;1.34244;1.34264;458
20260605 0215;1.34264;1.34276;1.34261;1.34261;541
20260605 0218;1.34261;1.34264;1.34243;1.34258;659
20260605 0221;1.34258;1.34265;1.34243;1.34245;417
20260605 0224;1.34245;1.34267;1.34243;1.34259;708
20260605 0227;1.34259;1.34287;1.34258;1.34284;779
20260605 0230;1.34284;1.34304;1.34284;1.34294;760
20260605 0233;1.34294;1.34326;1.34293;1.3431;736
20260605 0236;1.3431;1.34325;1.34308;1.34314;623
20260605 0239;1.34314;1.3433;1.34314;1.3433;505
20260605 0242;1.3433;1.34357;1.3433;1.34354;469
20260605 0245;1.34354;1.34359;1.34347;1.34356;558
20260605 0248;1.34356;1.34358;1.34336;1.34347;509
20260605 0251;1.34347;1.34348;1.34329;1.34344;592
20260605 0254;1.34344;1.34357;1.34336;1.34348;526
20260605 0257;1.34348;1.34356;1.34339;1.34352;589
20260605 0300;1.34352;1.34361;1.34341;1.34344;621
20260605 0303;1.34344;1.34359;1.34339;1.34356;536
20260605 0306;1.34356;1.34383;1.34354;1.34383;613
20260605 0309;1.34383;1.34404;1.34375;1.34397;599
20260605 0312;1.34397;1.34411;1.34379;1.34387;481
20260605 0315;1.34387;1.34406;1.34387;1.34395;536
20260605 0318;1.34395;1.34395;1.34376;1.34384;436
20260605 0321;1.34384;1.34421;1.34381;1.34408;509
20260605 0324;1.34408;1.34418;1.34397;1.34405;445
20260605 0327;1.34405;1.34427;1.344;1.34425;352
20260605 0330;1.34425;1.34446;1.34417;1.34436;524
20260605 0333;1.34436;1.34458;1.34436;1.34455;615
20260605 0336;1.34455;1.34484;1.34445;1.34476;881
20260605 0339;1.34476;1.34485;1.34439;1.34448;590
20260605 0342;1.34448;1.34461;1.34433;1.34436;606
20260605 0345;1.34436;1.34462;1.34433;1.34457;332
20260605 0348;1.34457;1.34471;1.34455;1.34457;399
20260605 0351;1.34457;1.34481;1.34449;1.34449;553
20260605 0354;1.34449;1.34469;1.34447;1.34464;397
20260605 0357;1.34464;1.34479;1.34443;1.34454;812
20260605 0400;1.34454;1.34469;1.34445;1.34465;796
20260605 0403;1.34465;1.34483;1.3445;1.34464;691
20260605 0406;1.34464;1.34482;1.34454;1.34478;742
20260605 0409;1.34478;1.34498;1.34463;1.34497;514
20260605 0412;1.34497;1.34536;1.34485;1.34535;474
20260605 0415;1.34535;1.34538;1.34516;1.34537;648
20260605 0418;1.34537;1.34562;1.34533;1.34544;831
20260605 0421;1.34544;1.34552;1.34534;1.34544;553
20260605 0424;1.34544;1.34559;1.3454;1.34553;532
20260605 0427;1.34553;1.3456;1.34535;1.34555;600
20260605 0430;1.34555;1.34566;1.34543;1.34555;559
20260605 0433;1.34555;1.34559;1.34543;1.34554;310
20260605 0436;1.34554;1.34565;1.34552;1.34563;386
20260605 0439;1.34563;1.3458;1.34557;1.34558;420
20260605 0442;1.34558;1.34565;1.34536;1.34537;394
20260605 0445;1.34537;1.3457;1.34537;1.34562;429
20260605 0448;1.34562;1.34564;1.34546;1.3455;441
20260605 0451;1.3455;1.34561;1.34547;1.34547;360
20260605 0454;1.34547;1.34554;1.34543;1.34548;273
20260605 0457;1.34548;1.3456;1.34543;1.34551;318
20260605 0500;1.34551;1.34551;1.34529;1.34541;477
20260605 0503;1.34541;1.34558;1.34531;1.34552;765
20260605 0506;1.34552;1.34585;1.34549;1.34584;552
20260605 0509;1.34584;1.34615;1.34584;1.34601;518
20260605 0512;1.34601;1.34696;1.34597;1.34651;2208
20260605 0515;1.34651;1.34658;1.34615;1.34626;1226
20260605 0518;1.34626;1.34627;1.34603;1.34614;630
20260605 0521;1.34614;1.3465;1.34613;1.34637;686
20260605 0524;1.34637;1.34642;1.34623;1.34631;539
20260605 0527;1.34631;1.34635;1.34615;1.34632;417
20260605 0530;1.34632;1.34648;1.34626;1.34637;502
20260605 0533;1.34637;1.34637;1.34608;1.34622;588
20260605 0536;1.34622;1.34624;1.34608;1.34623;458
20260605 0539;1.34623;1.34625;1.34603;1.34611;348
20260605 0542;1.34611;1.34615;1.34597;1.34612;378
20260605 0545;1.34612;1.34634;1.34612;1.3463;371
20260605 0548;1.3463;1.34631;1.34615;1.34621;268
20260605 0551;1.34621;1.3463;1.34615;1.3463;363
20260605 0554;1.3463;1.34657;1.3463;1.34649;526
20260605 0557;1.34649;1.34655;1.34637;1.34645;461
20260605 0600;1.34645;1.34662;1.34639;1.34649;422
20260605 0603;1.34649;1.34666;1.34636;1.34657;401
20260605 0606;1.34657;1.34666;1.34654;1.34663;337
20260605 0609;1.34663;1.34674;1.34661;1.34674;322
20260605 0612;1.34674;1.34694;1.34674;1.34686;260
20260605 0615;1.34686;1.34702;1.34683;1.34693;290
20260605 0618;1.34693;1.34757;1.34691;1.34754;434
20260605 0621;1.34754;1.34758;1.34733;1.34753;447
20260605 0624;1.34753;1.34772;1.3475;1.34767;338
20260605 0627;1.34767;1.34792;1.34766;1.34789;445
20260605 0630;1.34789;1.34829;1.34788;1.34825;580
20260605 0633;1.34825;1.34832;1.34795;1.34805;513
20260605 0636;1.34805;1.34805;1.34759;1.34774;475
20260605 0639;1.34774;1.34781;1.3474;1.34745;508
20260605 0642;1.34745;1.34765;1.34735;1.34765;537
20260605 0645;1.34765;1.34774;1.34764;1.34768;300
20260605 0648;1.34768;1.34768;1.34725;1.3473;452
20260605 0651;1.3473;1.3474;1.3472;1.34725;567
20260605 0654;1.34725;1.34757;1.34725;1.34756;583
20260605 0657;1.34756;1.34756;1.34732;1.34742;496
20260605 0700;1.34742;1.3475;1.34709;1.34713;435
20260605 0703;1.34713;1.34719;1.34704;1.34705;344
20260605 0706;1.34705;1.34707;1.34677;1.34695;437
20260605 0709;1.34695;1.34718;1.34694;1.34715;260
20260605 0712;1.34715;1.34722;1.34677;1.34677;326
20260605 0715;1.34677;1.34696;1.34662;1.34692;422
20260605 0718;1.34692;1.34703;1.3468;1.34702;313
20260605 0721;1.34702;1.34715;1.34694;1.34707;407
20260605 0724;1.34707;1.34719;1.34683;1.34718;782
20260605 0727;1.34718;1.3473;1.34709;1.34713;555
20260605 0730;1.34713;1.34724;1.34703;1.34721;307
20260605 0733;1.34721;1.34733;1.34721;1.34724;372
20260605 0736;1.34724;1.34727;1.34712;1.34723;381
20260605 0739;1.34723;1.34725;1.34666;1.34675;830
20260605 0742;1.34675;1.34685;1.34664;1.34677;572
20260605 0745;1.34677;1.34707;1.34676;1.34702;517
20260605 0748;1.34702;1.34704;1.34681;1.34702;526
20260605 0751;1.34702;1.3471;1.34693;1.34705;593
20260605 0754;1.34705;1.34713;1.34684;1.34684;541
20260605 0757;1.34684;1.34704;1.34673;1.34682;576
20260605 0800;1.34682;1.3469;1.34652;1.34665;784
20260605 0803;1.34665;1.34672;1.3465;1.34662;505
20260605 0806;1.34662;1.34685;1.34661;1.34678;479
20260605 0809;1.34678;1.34683;1.34671;1.34681;432
20260605 0812;1.34681;1.34685;1.34663;1.34667;449
20260605 0815;1.34667;1.34669;1.34642;1.34652;515
20260605 0818;1.34652;1.34668;1.34642;1.34663;491
20260605 0821;1.34663;1.34664;1.34647;1.34653;547
20260605 0824;1.34653;1.3466;1.34633;1.34643;519
20260605 0827;1.34643;1.34645;1.34612;1.34624;378
20260605 0830;1.34624;1.34635;1.34351;1.3437;2274
20260605 0833;1.3437;1.34439;1.34363;1.34411;1435
20260605 0836;1.34411;1.34411;1.34301;1.34346;1476
20260605 0839;1.34346;1.34409;1.34343;1.34364;1299
20260605 0842;1.34364;1.34392;1.3431;1.34311;973
20260605 0845;1.34311;1.34321;1.34288;1.34292;1746
20260605 0848;1.34292;1.34305;1.34242;1.34244;1447
20260605 0851;1.34244;1.34247;1.34174;1.34174;1530
20260605 0854;1.34174;1.3419;1.34118;1.34129;1955
20260605 0857;1.34129;1.34135;1.34039;1.34044;2226
20260605 0900;1.34044;1.34178;1.34008;1.34091;4770
20260605 0903;1.34091;1.34111;1.34069;1.34079;2367
20260605 0906;1.34079;1.3409;1.34039;1.34076;2088
20260605 0909;1.34076;1.34133;1.34074;1.34107;2499
20260605 0912;1.34107;1.34156;1.34103;1.34108;2409
20260605 0915;1.34108;1.34167;1.34094;1.34164;1897
20260605 0918;1.34164;1.34211;1.34154;1.34209;864
20260605 0921;1.34209;1.34219;1.34107;1.34128;1035
20260605 0924;1.34128;1.34139;1.341;1.34106;699
20260605 0927;1.34106;1.34107;1.34051;1.34064;830
20260605 0930;1.34064;1.34076;1.34022;1.34033;2225
20260605 0933;1.34033;1.34076;1.34033;1.34054;1697
20260605 0936;1.34054;1.34054;1.33972;1.33973;1412
20260605 0939;1.33973;1.33999;1.33968;1.33971;1421
20260605 0942;1.33971;1.34007;1.33943;1.33997;1757
20260605 0945;1.33997;1.34079;1.33997;1.3407;2876
20260605 0948;1.3407;1.341;1.34042;1.34088;1914
20260605 0951;1.34088;1.34099;1.34048;1.34082;1859
20260605 0954;1.34082;1.34105;1.34057;1.34097;1183
20260605 0957;1.34097;1.34097;1.33984;1.33984;677
20260605 1000;1.33984;1.34083;1.33953;1.34078;2724
20260605 1003;1.34078;1.34078;1.33984;1.34012;2454
20260605 1006;1.34012;1.34015;1.33941;1.33967;1787
20260605 1009;1.33967;1.33977;1.3391;1.33917;1850
20260605 1012;1.33917;1.33921;1.33887;1.33898;1206
20260605 1015;1.33898;1.33908;1.33866;1.3388;1017
20260605 1018;1.3388;1.33885;1.33848;1.3387;1288
20260605 1021;1.3387;1.33886;1.33851;1.33859;1263
20260605 1024;1.33859;1.3386;1.33802;1.33829;1281
20260605 1027;1.33829;1.33834;1.33813;1.33824;864
20260605 1030;1.33824;1.33916;1.33824;1.33874;1543
20260605 1033;1.33874;1.33909;1.33874;1.33897;927
20260605 1036;1.33897;1.33897;1.33851;1.33869;1078
20260605 1039;1.33869;1.33895;1.33862;1.33862;775
20260605 1042;1.33862;1.33866;1.33802;1.33823;1035
20260605 1045;1.33823;1.33863;1.33821;1.33858;872
20260605 1048;1.33858;1.3387;1.33827;1.33853;940
20260605 1051;1.33853;1.3387;1.33829;1.3384;877
20260605 1054;1.3384;1.3384;1.33797;1.33822;1045
20260605 1057;1.33822;1.33874;1.33813;1.33863;1149
20260605 1100;1.33863;1.33879;1.33837;1.33844;1445
20260605 1103;1.33844;1.33857;1.33825;1.33831;909
20260605 1106;1.33831;1.33842;1.3379;1.33804;879
20260605 1109;1.33804;1.33818;1.33758;1.33759;947
20260605 1112;1.33759;1.33776;1.33742;1.33743;911
20260605 1115;1.33743;1.33762;1.3373;1.33758;1022
20260605 1118;1.33758;1.33758;1.3373;1.33736;997
20260605 1121;1.33736;1.33784;1.33709;1.33758;1359
20260605 1124;1.33758;1.33761;1.33736;1.33738;827
20260605 1127;1.33738;1.3376;1.33737;1.33756;898
20260605 1130;1.33756;1.33763;1.33733;1.33735;758
20260605 1133;1.33735;1.33736;1.33695;1.33709;805
20260605 1136;1.33709;1.33719;1.33644;1.33645;916
20260605 1139;1.33645;1.33654;1.33625;1.33628;693
20260605 1142;1.33628;1.33642;1.33614;1.33629;701
20260605 1145;1.33629;1.33636;1.33586;1.33588;666
20260605 1148;1.33588;1.33607;1.33587;1.33596;546
20260605 1151;1.33596;1.3361;1.33588;1.33596;543
20260605 1154;1.33596;1.33604;1.33569;1.33569;533
20260605 1157;1.33569;1.33599;1.33569;1.33583;763
20260605 1200;1.33583;1.33592;1.33549;1.33558;945
20260605 1203;1.33558;1.33558;1.33506;1.33515;1101
20260605 1206;1.33515;1.3352;1.33474;1.33478;893
20260605 1209;1.33478;1.33484;1.33449;1.33468;1017
20260605 1212;1.33468;1.33482;1.33454;1.33454;759
20260605 1215;1.33454;1.33457;1.33423;1.33438;859
20260605 1218;1.33438;1.3345;1.33419;1.33425;734
20260605 1221;1.33425;1.33448;1.33425;1.3343;729
20260605 1224;1.3343;1.33506;1.33416;1.33496;832
20260605 1227;1.33496;1.33509;1.33475;1.33478;809
20260605 1230;1.33478;1.33491;1.3345;1.33455;768
20260605 1233;1.33455;1.33466;1.33442;1.33448;627
20260605 1236;1.33448;1.33457;1.33429;1.33457;652
20260605 1239;1.33457;1.3346;1.33413;1.33424;493
20260605 1242;1.33424;1.33429;1.33408;1.33427;579
20260605 1245;1.33427;1.33456;1.33419;1.3345;783
20260605 1248;1.3345;1.3347;1.33446;1.33469;921
20260605 1251;1.33469;1.33509;1.33469;1.33506;706
20260605 1254;1.33506;1.33522;1.33497;1.33509;702
20260605 1257;1.33509;1.33562;1.33509;1.33557;868
20260605 1300;1.33557;1.33568;1.33537;1.33537;882
20260605 1303;1.33537;1.33563;1.33517;1.33558;849
20260605 1306;1.33558;1.33559;1.33522;1.33524;496
20260605 1309;1.33524;1.33546;1.33509;1.33515;524
20260605 1312;1.33515;1.33537;1.33505;1.3353;520
20260605 1315;1.3353;1.33537;1.33504;1.33514;529
20260605 1318;1.33514;1.33519;1.33505;1.33519;505
20260605 1321;1.33519;1.3354;1.33509;1.33515;464
20260605 1324;1.33515;1.33535;1.33509;1.33517;595
20260605 1327;1.33517;1.33518;1.3349;1.33499;532
20260605 1330;1.33499;1.335;1.33467;1.33469;562
20260605 1333;1.33469;1.33476;1.33456;1.33465;536
20260605 1336;1.33465;1.33482;1.33457;1.33476;515
20260605 1339;1.33476;1.33491;1.33446;1.33449;681
20260605 1342;1.33449;1.3345;1.33413;1.33419;824
20260605 1345;1.33419;1.3343;1.33396;1.33397;654
20260605 1348;1.33397;1.334;1.33372;1.33391;705
20260605 1351;1.33391;1.334;1.33371;1.33392;780
20260605 1354;1.33392;1.3341;1.33388;1.33402;658
20260605 1357;1.33402;1.33425;1.33397;1.33416;800
20260605 1400;1.33416;1.33426;1.33378;1.33386;653
20260605 1403;1.33386;1.33389;1.33342;1.33346;768
20260605 1406;1.33346;1.3335;1.33339;1.33346;473
20260605 1409;1.33346;1.33369;1.33342;1.33349;613
20260605 1412;1.33349;1.33372;1.33346;1.33359;554
20260605 1415;1.33359;1.33391;1.33349;1.3338;628
20260605 1418;1.3338;1.33425;1.3337;1.33425;827
20260605 1421;1.33425;1.3343;1.33397;1.33407;730
20260605 1424;1.33407;1.33411;1.33388;1.33396;549
20260605 1427;1.33396;1.33398;1.33379;1.3338;699
20260605 1430;1.3338;1.33402;1.33372;1.3339;663
20260605 1433;1.3339;1.3341;1.33388;1.33406;449
20260605 1436;1.33406;1.33436;1.33404;1.33419;658
20260605 1439;1.33419;1.33421;1.33377;1.33377;473
20260605 1442;1.33377;1.33378;1.33356;1.33376;615
20260605 1445;1.33376;1.33376;1.33338;1.33354;735
20260605 1448;1.33354;1.33397;1.33347;1.33376;830
20260605 1451;1.33376;1.33387;1.3337;1.33377;461
20260605 1454;1.33377;1.33437;1.33365;1.33413;1077
20260605 1457;1.33413;1.33413;1.33364;1.33367;706
20260605 1500;1.33367;1.33377;1.33356;1.33376;465
20260605 1503;1.33376;1.33383;1.33355;1.33365;481
20260605 1506;1.33365;1.33366;1.33335;1.33336;547
20260605 1509;1.33336;1.33357;1.33335;1.33339;544
20260605 1512;1.33339;1.33347;1.33336;1.33343;580
20260605 1515;1.33343;1.33344;1.33317;1.33317;398
20260605 1518;1.33317;1.33324;1.33307;1.33321;727
20260605 1521;1.33321;1.33334;1.33303;1.33321;556
20260605 1524;1.33321;1.33347;1.33316;1.33334;459
20260605 1527;1.33334;1.33351;1.33332;1.33351;350
20260605 1530;1.33351;1.33353;1.3332;1.33321;507
20260605 1533;1.33321;1.33343;1.33318;1.33328;550
20260605 1536;1.33328;1.33353;1.33323;1.33352;401
20260605 1539;1.33352;1.33354;1.33326;1.33329;468
20260605 1542;1.33329;1.33372;1.33329;1.33362;619
20260605 1545;1.33362;1.33373;1.33356;1.33373;516
20260605 1548;1.33373;1.33396;1.33364;1.3339;773
20260605 1551;1.3339;1.33406;1.33386;1.33394;538
20260605 1554;1.33394;1.33404;1.33387;1.33387;462
20260605 1557;1.33387;1.334;1.33375;1.33378;745
20260605 1600;1.33378;1.33379;1.33355;1.33358;533
20260605 1603;1.33358;1.33358;1.33338;1.33338;321
20260605 1606;1.33338;1.33339;1.33318;1.33324;336
20260605 1609;1.33324;1.33337;1.33315;1.33315;288
20260605 1612;1.33315;1.33317;1.33305;1.33306;179
20260605 1615;1.33306;1.33325;1.33306;1.33323;211
20260605 1618;1.33323;1.33357;1.33319;1.33356;265
20260605 1621;1.33356;1.33367;1.33348;1.33362;377
20260605 1624;1.33362;1.33381;1.33361;1.3338;228
20260605 1627;1.3338;1.33383;1.33374;1.33374;157
20260605 1630;1.33374;1.33384;1.33366;1.33381;158
20260605 1633;1.33381;1.33384;1.33365;1.33369;396
20260605 1636;1.33369;1.33384;1.33356;1.3336;553
20260605 1639;1.3336;1.33362;1.33348;1.33359;765
20260605 1642;1.33359;1.3337;1.33344;1.33369;462
20260605 1645;1.33369;1.3338;1.33359;1.33374;691
20260605 1648;1.33374;1.334;1.3337;1.33392;470
20260605 1651;1.33392;1.33403;1.33364;1.33367;877
20260605 1654;1.33367;1.33379;1.33298;1.33298;473
20260605 1657;1.33298;1.33298;1.33296;1.33296;1